solid OBJECT
  facet normal 0 -1 0
    outer loop
      vertex -8.25 17 3
      vertex -17 17 0
      vertex 0.5 17 0
    endloop
  endfacet
  facet normal 0 -1 -0
    outer loop
      vertex -17 17 0
      vertex -8.25 17 3
      vertex -17 17 3
    endloop
  endfacet
  facet normal 0 -1 -0
    outer loop
      vertex -8.25 17 3
      vertex 0.5 17 0
      vertex 0.5 17 3
    endloop
  endfacet
  facet normal 0 -1 0
    outer loop
      vertex 0.5 17 3
      vertex 0.5 17 0
      vertex 9.25 17 3
    endloop
  endfacet
  facet normal 0 -1 0
    outer loop
      vertex 18 17 0
      vertex 9.25 17 3
      vertex 0.5 17 0
    endloop
  endfacet
  facet normal -0 -1 -0
    outer loop
      vertex 18 17 0
      vertex 18 17 3
      vertex 9.25 17 3
    endloop
  endfacet
  facet normal 0.28534763643227445 -0.95842408483015207 -0
    outer loop
      vertex 20.279462814331055 17.449859619140625 25
      vertex 19.127490997314453 17.106887817382812 25
      vertex 19.127490997314453 17.106887817382812 18.75
    endloop
  endfacet
  facet normal 0.28534763643227445 -0.95842408483015207 0
    outer loop
      vertex 20.279462814331055 17.449859619140625 25
      vertex 19.127490997314453 17.106887817382812 18.75
      vertex 20.279462814331055 17.449859619140625 18.75
    endloop
  endfacet
  facet normal 0.33244565798355247 -0.94312241224980065 0
    outer loop
      vertex 19.704744338989258 17.247274398803711 12.5
      vertex 20.279462814331055 17.449859619140625 12.5
      vertex 20.279462814331055 17.449859619140625 15.625
    endloop
  endfacet
  facet normal 0.28534763643227445 -0.95842408483015207 0
    outer loop
      vertex 20.279462814331055 17.449859619140625 15.625
      vertex 20.279462814331055 17.449859619140625 18.75
      vertex 19.127490997314453 17.106887817382812 18.75
    endloop
  endfacet
  facet normal 0.23630963302000857 -0.97167780531508952 -0
    outer loop
      vertex 19.127490997314453 17.106887817382812 18.75
      vertex 19.127490997314453 17.106887817382812 12.5
      vertex 19.704744338989258 17.247274398803711 12.5
    endloop
  endfacet
  facet normal 0.30126899931237405 -0.95351766256045334 0.0064075922599655206
    outer loop
      vertex 19.704744338989258 17.247274398803711 12.5
      vertex 20.279462814331055 17.449859619140625 15.625
      vertex 19.127490997314453 17.106887817382812 18.75
    endloop
  endfacet
  facet normal 0.28534763643227445 -0.95842408483015207 -0
    outer loop
      vertex 20.279462814331055 17.449859619140625 93.75
      vertex 19.127490997314453 17.106887817382812 93.75
      vertex 19.127490997314453 17.106887817382812 87.5
    endloop
  endfacet
  facet normal 0.28534763643227445 -0.95842408483015207 0
    outer loop
      vertex 20.279462814331055 17.449859619140625 93.75
      vertex 19.127490997314453 17.106887817382812 87.5
      vertex 20.279462814331055 17.449859619140625 87.5
    endloop
  endfacet
  facet normal 0.67754910730315154 -0.73547753683759931 -0
    outer loop
      vertex 22.286600112915039 18.801778793334961 12.5
      vertex 21.833271026611328 18.3841552734375 12.5
      vertex 21.833271026611328 18.3841552734375 9.375
    endloop
  endfacet
  facet normal 0.67754910730315165 -0.73547753683759931 0
    outer loop
      vertex 22.286600112915039 18.801778793334961 12.5
      vertex 21.833271026611328 18.3841552734375 9.375
      vertex 22.286600112915039 18.801778793334961 9.375
    endloop
  endfacet
  facet normal 0.59871527546127501 -0.80096193350828471 -0
    outer loop
      vertex 21.341909408569336 18.016864776611328 10.9375
      vertex 21.341909408569336 18.016864776611328 9.375
      vertex 21.833271026611328 18.3841552734375 9.375
    endloop
  endfacet
  facet normal 0.59871527546127501 -0.80096193350828471 -0
    outer loop
      vertex 21.833271026611328 18.3841552734375 12.5
      vertex 21.341909408569336 18.016864776611328 12.5
      vertex 21.341909408569336 18.016864776611328 10.9375
    endloop
  endfacet
  facet normal 0.59871527546127501 -0.80096193350828471 0
    outer loop
      vertex 21.833271026611328 18.3841552734375 9.375
      vertex 21.833271026611328 18.3841552734375 12.5
      vertex 21.341909408569336 18.016864776611328 10.9375
    endloop
  endfacet
  facet normal 0.59871527546127501 -0.80096193350828471 -0
    outer loop
      vertex 21.341909408569336 18.016864776611328 7.8125
      vertex 21.341909408569336 18.016864776611328 6.25
      vertex 21.833271026611328 18.3841552734375 6.25
    endloop
  endfacet
  facet normal 0.59871527546127501 -0.80096193350828471 -0
    outer loop
      vertex 21.833271026611328 18.3841552734375 9.375
      vertex 21.341909408569336 18.016864776611328 9.375
      vertex 21.341909408569336 18.016864776611328 7.8125
    endloop
  endfacet
  facet normal 0.59871527546127501 -0.80096193350828471 0
    outer loop
      vertex 21.833271026611328 18.3841552734375 6.25
      vertex 21.833271026611328 18.3841552734375 9.375
      vertex 21.341909408569336 18.016864776611328 7.8125
    endloop
  endfacet
  facet normal 0.67754910730315154 -0.73547753683759931 -0
    outer loop
      vertex 22.286600112915039 18.801778793334961 9.375
      vertex 21.833271026611328 18.3841552734375 9.375
      vertex 21.833271026611328 18.3841552734375 6.25
    endloop
  endfacet
  facet normal 0.67754910730315165 -0.73547753683759931 0
    outer loop
      vertex 22.286600112915039 18.801778793334961 9.375
      vertex 21.833271026611328 18.3841552734375 6.25
      vertex 22.286600112915039 18.801778793334961 6.25
    endloop
  endfacet
  facet normal 0.53571392022519981 -0.8443995474163567 0
    outer loop
      vertex 21.341909408569336 18.016864776611328 12.5
      vertex 21.084577560424805 17.853605270385742 12.5
      vertex 21.084577560424805 17.853605270385742 10.9375
    endloop
  endfacet
  facet normal 0.53571392022519981 -0.8443995474163567 0
    outer loop
      vertex 21.341909408569336 18.016864776611328 12.5
      vertex 21.084577560424805 17.853605270385742 10.9375
      vertex 21.341909408569336 18.016864776611328 10.9375
    endloop
  endfacet
  facet normal 0.49228302678027946 -0.87043519089249066 -0
    outer loop
      vertex 21.084577560424805 17.853605270385742 12.5
      vertex 20.820962905883789 17.70451545715332 12.5
      vertex 20.820962905883789 17.70451545715332 10.9375
    endloop
  endfacet
  facet normal 0.49228302678027946 -0.87043519089249066 0
    outer loop
      vertex 21.084577560424805 17.853605270385742 12.5
      vertex 20.820962905883789 17.70451545715332 10.9375
      vertex 21.084577560424805 17.853605270385742 10.9375
    endloop
  endfacet
  facet normal 0.49228302678027946 -0.87043519089249066 0
    outer loop
      vertex 21.084577560424805 17.853605270385742 9.375
      vertex 21.084577560424805 17.853605270385742 10.9375
      vertex 20.820962905883789 17.70451545715332 10.9375
    endloop
  endfacet
  facet normal 0.53571392022519981 -0.8443995474163567 0
    outer loop
      vertex 21.341909408569336 18.016864776611328 10.9375
      vertex 21.084577560424805 17.853605270385742 10.9375
      vertex 21.084577560424805 17.853605270385742 9.375
    endloop
  endfacet
  facet normal 0.53571392022519981 -0.8443995474163567 0
    outer loop
      vertex 21.341909408569336 18.016864776611328 10.9375
      vertex 21.084577560424805 17.853605270385742 9.375
      vertex 21.341909408569336 18.016864776611328 9.375
    endloop
  endfacet
  facet normal 0.53571392022519981 -0.8443995474163567 0
    outer loop
      vertex 21.084577560424805 17.853605270385742 8.59375
      vertex 21.084577560424805 17.853605270385742 7.8125
      vertex 21.341909408569336 18.016864776611328 7.8125
    endloop
  endfacet
  facet normal 0.53571392022519981 -0.8443995474163567 0
    outer loop
      vertex 21.341909408569336 18.016864776611328 9.375
      vertex 21.084577560424805 17.853605270385742 9.375
      vertex 21.084577560424805 17.853605270385742 8.59375
    endloop
  endfacet
  facet normal 0.53571392022519981 -0.8443995474163567 0
    outer loop
      vertex 21.341909408569336 18.016864776611328 7.8125
      vertex 21.341909408569336 18.016864776611328 9.375
      vertex 21.084577560424805 17.853605270385742 8.59375
    endloop
  endfacet
  facet normal 0.53571392022519981 -0.8443995474163567 0
    outer loop
      vertex 21.341909408569336 18.016864776611328 7.8125
      vertex 21.084577560424805 17.853605270385742 7.8125
      vertex 21.084577560424805 17.853605270385742 6.25
    endloop
  endfacet
  facet normal 0.53571392022519981 -0.8443995474163567 0
    outer loop
      vertex 21.341909408569336 18.016864776611328 7.8125
      vertex 21.084577560424805 17.853605270385742 6.25
      vertex 21.341909408569336 18.016864776611328 6.25
    endloop
  endfacet
  facet normal 0.53571392022519981 -0.8443995474163567 0
    outer loop
      vertex 21.084577560424805 17.853605270385742 5.46875
      vertex 21.084577560424805 17.853605270385742 4.6875
      vertex 21.341909408569336 18.016864776611328 4.6875
    endloop
  endfacet
  facet normal 0.53571392022519981 -0.8443995474163567 0
    outer loop
      vertex 21.341909408569336 18.016864776611328 6.25
      vertex 21.084577560424805 17.853605270385742 6.25
      vertex 21.084577560424805 17.853605270385742 5.46875
    endloop
  endfacet
  facet normal 0.53571392022519981 -0.8443995474163567 0
    outer loop
      vertex 21.341909408569336 18.016864776611328 4.6875
      vertex 21.341909408569336 18.016864776611328 6.25
      vertex 21.084577560424805 17.853605270385742 5.46875
    endloop
  endfacet
  facet normal 0.49228302678027946 -0.87043519089249066 0
    outer loop
      vertex 20.820962905883789 17.70451545715332 3.125
      vertex 21.084577560424805 17.853605270385742 3.125
      vertex 21.084577560424805 17.853605270385742 4.6875
    endloop
  endfacet
  facet normal 0.53571392022519981 -0.8443995474163567 0
    outer loop
      vertex 21.341909408569336 18.016864776611328 4.6875
      vertex 21.084577560424805 17.853605270385742 4.6875
      vertex 21.084577560424805 17.853605270385742 3.125
    endloop
  endfacet
  facet normal 0.53571392022519981 -0.8443995474163567 0
    outer loop
      vertex 21.341909408569336 18.016864776611328 4.6875
      vertex 21.084577560424805 17.853605270385742 3.125
      vertex 21.341909408569336 18.016864776611328 3.125
    endloop
  endfacet
  facet normal 0.67754910730315154 -0.73547753683759931 -0
    outer loop
      vertex 22.286600112915039 18.801778793334961 6.25
      vertex 21.833271026611328 18.3841552734375 6.25
      vertex 21.833271026611328 18.3841552734375 3.125
    endloop
  endfacet
  facet normal 0.67754910730315165 -0.73547753683759931 0
    outer loop
      vertex 22.286600112915039 18.801778793334961 6.25
      vertex 21.833271026611328 18.3841552734375 3.125
      vertex 22.286600112915039 18.801778793334961 3.125
    endloop
  endfacet
  facet normal 0.59871527546127501 -0.80096193350828471 -0
    outer loop
      vertex 21.341909408569336 18.016864776611328 4.6875
      vertex 21.341909408569336 18.016864776611328 3.125
      vertex 21.833271026611328 18.3841552734375 3.125
    endloop
  endfacet
  facet normal 0.59871527546127501 -0.80096193350828471 -0
    outer loop
      vertex 21.833271026611328 18.3841552734375 6.25
      vertex 21.341909408569336 18.016864776611328 6.25
      vertex 21.341909408569336 18.016864776611328 4.6875
    endloop
  endfacet
  facet normal 0.59871527546127501 -0.80096193350828471 0
    outer loop
      vertex 21.833271026611328 18.3841552734375 3.125
      vertex 21.833271026611328 18.3841552734375 6.25
      vertex 21.341909408569336 18.016864776611328 4.6875
    endloop
  endfacet
  facet normal 0.63906499730584287 -0.76915273464929113 -0
    outer loop
      vertex 22.286600112915039 18.801778793334961 25
      vertex 21.341909408569336 18.016864776611328 25
      vertex 21.341909408569336 18.016864776611328 18.75
    endloop
  endfacet
  facet normal 0.63906499730584299 -0.76915273464929124 0
    outer loop
      vertex 22.286600112915039 18.801778793334961 25
      vertex 21.341909408569336 18.016864776611328 18.75
      vertex 22.286600112915039 18.801778793334961 18.75
    endloop
  endfacet
  facet normal 0.51423112864739606 -0.85765164625856405 0
    outer loop
      vertex 20.820962905883789 17.70451545715332 18.75
      vertex 21.341909408569336 18.016864776611328 18.75
      vertex 21.341909408569336 18.016864776611328 25
    endloop
  endfacet
  facet normal 0.42556753444316414 -0.90492666754161155 0
    outer loop
      vertex 20.279462814331055 17.449859619140625 25
      vertex 20.279462814331055 17.449859619140625 18.75
      vertex 20.820962905883789 17.70451545715332 18.75
    endloop
  endfacet
  facet normal 0.47081993250226517 -0.88221602078174266 0.0048460122359085898
    outer loop
      vertex 21.341909408569336 18.016864776611328 25
      vertex 20.279462814331055 17.449859619140625 25
      vertex 20.820962905883789 17.70451545715332 18.75
    endloop
  endfacet
  facet normal 0.51423112864739606 -0.85765164625856405 -0
    outer loop
      vertex 21.341909408569336 18.016864776611328 18.75
      vertex 20.820962905883789 17.70451545715332 18.75
      vertex 20.820962905883789 17.70451545715332 15.625
    endloop
  endfacet
  facet normal 0.51423112864739617 -0.85765164625856416 0
    outer loop
      vertex 21.341909408569336 18.016864776611328 18.75
      vertex 20.820962905883789 17.70451545715332 15.625
      vertex 21.341909408569336 18.016864776611328 15.625
    endloop
  endfacet
  facet normal 0.42556753444316414 -0.90492666754161155 0
    outer loop
      vertex 20.820962905883789 17.70451545715332 18.75
      vertex 20.279462814331055 17.449859619140625 18.75
      vertex 20.279462814331055 17.449859619140625 15.625
    endloop
  endfacet
  facet normal 0.42556753444316414 -0.90492666754161155 0
    outer loop
      vertex 20.820962905883789 17.70451545715332 18.75
      vertex 20.279462814331055 17.449859619140625 15.625
      vertex 20.820962905883789 17.70451545715332 15.625
    endloop
  endfacet
  facet normal 0.42556753444316414 -0.90492666754161155 0
    outer loop
      vertex 20.820962905883789 17.70451545715332 15.625
      vertex 20.279462814331055 17.449859619140625 15.625
      vertex 20.279462814331055 17.449859619140625 12.5
    endloop
  endfacet
  facet normal 0.42556753444316414 -0.90492666754161155 0
    outer loop
      vertex 20.820962905883789 17.70451545715332 15.625
      vertex 20.279462814331055 17.449859619140625 12.5
      vertex 20.820962905883789 17.70451545715332 12.5
    endloop
  endfacet
  facet normal 0.53571392022519981 -0.8443995474163567 0
    outer loop
      vertex 21.084577560424805 17.853605270385742 12.5
      vertex 21.341909408569336 18.016864776611328 12.5
      vertex 21.341909408569336 18.016864776611328 15.625
    endloop
  endfacet
  facet normal 0.49228302678027946 -0.87043519089249066 -0
    outer loop
      vertex 20.820962905883789 17.70451545715332 15.625
      vertex 20.820962905883789 17.70451545715332 12.5
      vertex 21.084577560424805 17.853605270385742 12.5
    endloop
  endfacet
  facet normal 0.51422957097807043 -0.85764904832625877 0.0024613485677543764
    outer loop
      vertex 21.341909408569336 18.016864776611328 15.625
      vertex 20.820962905883789 17.70451545715332 15.625
      vertex 21.084577560424805 17.853605270385742 12.5
    endloop
  endfacet
  facet normal 0.59871527546127501 -0.80096193350828471 -0
    outer loop
      vertex 21.341909408569336 18.016864776611328 15.625
      vertex 21.341909408569336 18.016864776611328 12.5
      vertex 21.833271026611328 18.3841552734375 12.5
    endloop
  endfacet
  facet normal 0.67754910730315154 -0.73547753683759931 0
    outer loop
      vertex 21.833271026611328 18.3841552734375 12.5
      vertex 22.286600112915039 18.801778793334961 12.5
      vertex 22.286600112915039 18.801778793334961 18.75
    endloop
  endfacet
  facet normal 0.63906499730584287 -0.76915273464929113 -0
    outer loop
      vertex 22.286600112915039 18.801778793334961 18.75
      vertex 21.341909408569336 18.016864776611328 18.75
      vertex 21.341909408569336 18.016864776611328 15.625
    endloop
  endfacet
  facet normal 0.62579390931882073 -0.77995944838357179 0.0067262126536481448
    outer loop
      vertex 21.341909408569336 18.016864776611328 15.625
      vertex 21.833271026611328 18.3841552734375 12.5
      vertex 22.286600112915039 18.801778793334961 18.75
    endloop
  endfacet
  facet normal 0.63906499730584287 -0.76915273464929113 0
    outer loop
      vertex 21.341909408569336 18.016864776611328 25
      vertex 22.286600112915039 18.801778793334961 25
      vertex 22.286600112915039 18.801778793334961 37.5
    endloop
  endfacet
  facet normal 0.47082546092834521 -0.8822263798717489 -0
    outer loop
      vertex 20.279462814331055 17.449859619140625 37.5
      vertex 20.279462814331055 17.449859619140625 25
      vertex 21.341909408569336 18.016864776611328 25
    endloop
  endfacet
  facet normal 0.5586225858020939 -0.82936335928736493 0.0098602689293482409
    outer loop
      vertex 22.286600112915039 18.801778793334961 37.5
      vertex 20.279462814331055 17.449859619140625 37.5
      vertex 21.341909408569336 18.016864776611328 25
    endloop
  endfacet
  facet normal 0.55864974379589438 -0.82940367961372186 0
    outer loop
      vertex 22.286600112915039 18.801778793334961 50
      vertex 20.279462814331055 17.449859619140625 50
      vertex 20.279462814331055 17.449859619140625 37.5
    endloop
  endfacet
  facet normal 0.55864974379589438 -0.82940367961372186 0
    outer loop
      vertex 22.286600112915039 18.801778793334961 50
      vertex 20.279462814331055 17.449859619140625 37.5
      vertex 22.286600112915039 18.801778793334961 37.5
    endloop
  endfacet
  facet normal 0.55864974379589438 -0.82940367961372186 0
    outer loop
      vertex 22.286600112915039 18.801778793334961 62.5
      vertex 20.279462814331055 17.449859619140625 62.5
      vertex 20.279462814331055 17.449859619140625 50
    endloop
  endfacet
  facet normal 0.55864974379589438 -0.82940367961372186 0
    outer loop
      vertex 22.286600112915039 18.801778793334961 62.5
      vertex 20.279462814331055 17.449859619140625 50
      vertex 22.286600112915039 18.801778793334961 50
    endloop
  endfacet
  facet normal 0.55864974379589438 -0.82940367961372186 0
    outer loop
      vertex 22.286600112915039 18.801778793334961 75
      vertex 20.279462814331055 17.449859619140625 75
      vertex 20.279462814331055 17.449859619140625 62.5
    endloop
  endfacet
  facet normal 0.55864974379589438 -0.82940367961372186 0
    outer loop
      vertex 22.286600112915039 18.801778793334961 75
      vertex 20.279462814331055 17.449859619140625 62.5
      vertex 22.286600112915039 18.801778793334961 62.5
    endloop
  endfacet
  facet normal 0.55864974379589438 -0.82940367961372186 0
    outer loop
      vertex 22.286600112915039 18.801778793334961 87.5
      vertex 20.279462814331055 17.449859619140625 87.5
      vertex 20.279462814331055 17.449859619140625 75
    endloop
  endfacet
  facet normal 0.55864974379589438 -0.82940367961372186 0
    outer loop
      vertex 22.286600112915039 18.801778793334961 87.5
      vertex 20.279462814331055 17.449859619140625 75
      vertex 22.286600112915039 18.801778793334961 75
    endloop
  endfacet
  facet normal 0.89082651489004061 -0.45434361486529584 0
    outer loop
      vertex 23.589683532714844 20.819303512573242 12.5
      vertex 23.047187805175781 19.755638122558594 12.5
      vertex 23.047187805175781 19.755638122558594 6.25
    endloop
  endfacet
  facet normal 0.89082651489004061 -0.45434361486529584 0
    outer loop
      vertex 23.589683532714844 20.819303512573242 12.5
      vertex 23.047187805175781 19.755638122558594 6.25
      vertex 23.589683532714844 20.819303512573242 6.25
    endloop
  endfacet
  facet normal 0.78186733826584265 -0.62344483745804369 0
    outer loop
      vertex 22.286600112915039 18.801778793334961 9.375
      vertex 22.286600112915039 18.801778793334961 6.25
      vertex 23.047187805175781 19.755638122558594 6.25
    endloop
  endfacet
  facet normal 0.78186733826584265 -0.62344483745804369 0
    outer loop
      vertex 23.047187805175781 19.755638122558594 12.5
      vertex 22.286600112915039 18.801778793334961 12.5
      vertex 22.286600112915039 18.801778793334961 9.375
    endloop
  endfacet
  facet normal 0.78186733826584265 -0.62344483745804369 -0
    outer loop
      vertex 23.047187805175781 19.755638122558594 6.25
      vertex 23.047187805175781 19.755638122558594 12.5
      vertex 22.286600112915039 18.801778793334961 9.375
    endloop
  endfacet
  facet normal 0.78186733826584265 -0.62344483745804369 0
    outer loop
      vertex 22.286600112915039 18.801778793334961 18.75
      vertex 22.286600112915039 18.801778793334961 12.5
      vertex 23.047187805175781 19.755638122558594 12.5
    endloop
  endfacet
  facet normal 0.89082651489004061 -0.45434361486529584 -0
    outer loop
      vertex 23.047187805175781 19.755638122558594 12.5
      vertex 23.589683532714844 20.819303512573242 12.5
      vertex 23.589683532714844 20.819303512573242 25
    endloop
  endfacet
  facet normal 0.84002064754844008 -0.54255443200871489 0
    outer loop
      vertex 23.589683532714844 20.819303512573242 25
      vertex 22.286600112915039 18.801778793334961 25
      vertex 22.286600112915039 18.801778793334961 18.75
    endloop
  endfacet
  facet normal 0.82127450384848322 -0.57038755038793398 0.012893086941465301
    outer loop
      vertex 22.286600112915039 18.801778793334961 18.75
      vertex 23.047187805175781 19.755638122558594 12.5
      vertex 23.589683532714844 20.819303512573242 25
    endloop
  endfacet
  facet normal 0.84002064754844008 -0.54255443200871489 0
    outer loop
      vertex 23.589683532714844 20.819303512573242 37.5
      vertex 22.286600112915039 18.801778793334961 37.5
      vertex 22.286600112915039 18.801778793334961 25
    endloop
  endfacet
  facet normal 0.84002064754844008 -0.54255443200871489 0
    outer loop
      vertex 23.589683532714844 20.819303512573242 37.5
      vertex 22.286600112915039 18.801778793334961 25
      vertex 23.589683532714844 20.819303512573242 25
    endloop
  endfacet
  facet normal 0.84002064754844008 -0.54255443200871489 0
    outer loop
      vertex 23.589683532714844 20.819303512573242 50
      vertex 22.286600112915039 18.801778793334961 50
      vertex 22.286600112915039 18.801778793334961 37.5
    endloop
  endfacet
  facet normal 0.84002064754844008 -0.54255443200871489 0
    outer loop
      vertex 23.589683532714844 20.819303512573242 50
      vertex 22.286600112915039 18.801778793334961 37.5
      vertex 23.589683532714844 20.819303512573242 37.5
    endloop
  endfacet
  facet normal 0.84002064754844008 -0.54255443200871489 0
    outer loop
      vertex 23.589683532714844 20.819303512573242 62.5
      vertex 22.286600112915039 18.801778793334961 62.5
      vertex 22.286600112915039 18.801778793334961 50
    endloop
  endfacet
  facet normal 0.84002064754844008 -0.54255443200871489 0
    outer loop
      vertex 23.589683532714844 20.819303512573242 62.5
      vertex 22.286600112915039 18.801778793334961 50
      vertex 23.589683532714844 20.819303512573242 50
    endloop
  endfacet
  facet normal 0.84002064754844008 -0.54255443200871489 0
    outer loop
      vertex 23.589683532714844 20.819303512573242 75
      vertex 22.286600112915039 18.801778793334961 75
      vertex 22.286600112915039 18.801778793334961 62.5
    endloop
  endfacet
  facet normal 0.84002064754844008 -0.54255443200871489 0
    outer loop
      vertex 23.589683532714844 20.819303512573242 75
      vertex 22.286600112915039 18.801778793334961 62.5
      vertex 23.589683532714844 20.819303512573242 62.5
    endloop
  endfacet
  facet normal 0.78186733826584265 -0.62344483745804369 0
    outer loop
      vertex 23.047187805175781 19.755638122558594 87.5
      vertex 22.286600112915039 18.801778793334961 87.5
      vertex 22.286600112915039 18.801778793334961 75
    endloop
  endfacet
  facet normal 0.89082651489004061 -0.45434361486529584 -0
    outer loop
      vertex 23.589683532714844 20.819303512573242 75
      vertex 23.589683532714844 20.819303512573242 87.5
      vertex 23.047187805175781 19.755638122558594 87.5
    endloop
  endfacet
  facet normal 0.83998104107561666 -0.5425288508906444 -0.0097106428623568442
    outer loop
      vertex 22.286600112915039 18.801778793334961 75
      vertex 23.589683532714844 20.819303512573242 75
      vertex 23.047187805175781 19.755638122558594 87.5
    endloop
  endfacet
  facet normal 0.78186733826584265 -0.62344483745804369 0
    outer loop
      vertex 23.047187805175781 19.755638122558594 93.75
      vertex 22.286600112915039 18.801778793334961 93.75
      vertex 22.286600112915039 18.801778793334961 87.5
    endloop
  endfacet
  facet normal 0.78186733826584265 -0.62344483745804369 0
    outer loop
      vertex 23.047187805175781 19.755638122558594 93.75
      vertex 22.286600112915039 18.801778793334961 87.5
      vertex 23.047187805175781 19.755638122558594 87.5
    endloop
  endfacet
  facet normal 0.89082651489004061 -0.45434361486529584 0
    outer loop
      vertex 23.589683532714844 20.819303512573242 93.75
      vertex 23.047187805175781 19.755638122558594 93.75
      vertex 23.047187805175781 19.755638122558594 87.5
    endloop
  endfacet
  facet normal 0.89082651489004061 -0.45434361486529584 0
    outer loop
      vertex 23.589683532714844 20.819303512573242 93.75
      vertex 23.047187805175781 19.755638122558594 87.5
      vertex 23.589683532714844 20.819303512573242 87.5
    endloop
  endfacet
  facet normal 0.96207468625024273 -0.27278617647618603 0
    outer loop
      vertex 23.902406692504883 21.922229766845703 12.5
      vertex 23.589683532714844 20.819303512573242 12.5
      vertex 23.589683532714844 20.819303512573242 6.25
    endloop
  endfacet
  facet normal 0.96207468625024273 -0.27278617647618603 0
    outer loop
      vertex 23.902406692504883 21.922229766845703 12.5
      vertex 23.589683532714844 20.819303512573242 6.25
      vertex 23.902406692504883 21.922229766845703 6.25
    endloop
  endfacet
  facet normal 0.96207468625024273 -0.27278617647618603 0
    outer loop
      vertex 23.902406692504883 21.922229766845703 93.75
      vertex 23.589683532714844 20.819303512573242 93.75
      vertex 23.589683532714844 20.819303512573242 87.5
    endloop
  endfacet
  facet normal 0.96207468625024273 -0.27278617647618603 0
    outer loop
      vertex 23.902406692504883 21.922229766845703 93.75
      vertex 23.589683532714844 20.819303512573242 87.5
      vertex 23.902406692504883 21.922229766845703 87.5
    endloop
  endfacet
  facet normal 0.09727906586893828 -0.99525714433188917 0
    outer loop
      vertex 19.16180419921875 17.113557815551758 3.2340989112854004
      vertex 18 17 3
      vertex 18 17 0
    endloop
  endfacet
  facet normal 0.27724476149012278 -0.96079058880121415 -0.0040971572219476908
    outer loop
      vertex 20.123157501220703 17.388208389282227 3.8805179595947266
      vertex 19.16180419921875 17.113557815551758 3.2340989112854004
      vertex 20.279462814331055 17.449859619140625 0
    endloop
  endfacet
  facet normal 0.19349959418032062 -0.9804728203095544 -0.0350849780715266
    outer loop
      vertex 18 17 0
      vertex 20.279462814331055 17.449859619140625 0
      vertex 19.16180419921875 17.113557815551758 3.2340989112854004
    endloop
  endfacet
  facet normal 0.096897481361118407 -0.99529253310855348 -0.001910927583814735
    outer loop
      vertex 19.127490997314453 17.106887817382812 12.5
      vertex 18 17 11
      vertex 19.16180419921875 17.113557815551758 10.765901565551758
    endloop
  endfacet
  facet normal 0.23630952895146506 -0.97167737739730775 0.00093849934839085856
    outer loop
      vertex 19.704744338989258 17.247274398803711 12.5
      vertex 19.127490997314453 17.106887817382812 12.5
      vertex 19.16180419921875 17.113557815551758 10.765901565551758
    endloop
  endfacet
  facet normal 0.09437832638351637 -0.99553640390949372 0
    outer loop
      vertex 18 17 19.899999618530273
      vertex 18 17 11
      vertex 19.127490997314453 17.106887817382812 12.5
    endloop
  endfacet
  facet normal 0.094378326383516356 -0.99553640390949372 0
    outer loop
      vertex 18 17 19.899999618530273
      vertex 19.127490997314453 17.106887817382812 12.5
      vertex 19.127490997314453 17.106887817382812 18.75
    endloop
  endfacet
  facet normal 0.33244453712162286 -0.94311923245189533 0.0025967513045771513
    outer loop
      vertex 20.279462814331055 17.449859619140625 12.5
      vertex 19.704744338989258 17.247274398803711 12.5
      vertex 20.123157501220703 17.388208389282227 10.119482040405273
    endloop
  endfacet
  facet normal 0.26857870562665104 -0.96320770681181256 -0.0098179642615896442
    outer loop
      vertex 19.16180419921875 17.113557815551758 10.765901565551758
      vertex 20.123157501220703 17.388208389282227 10.119482040405273
      vertex 19.704744338989258 17.247274398803711 12.5
    endloop
  endfacet
  facet normal 0.41654905840610001 -0.90910527042699796 -0.003806471180311498
    outer loop
      vertex 20.123157501220703 17.388208389282227 10.119482040405273
      vertex 20.820962905883789 17.70451545715332 10.9375
      vertex 20.279462814331055 17.449859619140625 12.5
    endloop
  endfacet
  facet normal 0.41487758836113031 -0.90987444143717955 0.0022555476127322691
    outer loop
      vertex 20.820962905883789 17.70451545715332 3.125
      vertex 20.123157501220703 17.388208389282227 3.8805179595947266
      vertex 20.279462814331055 17.449859619140625 0
    endloop
  endfacet
  facet normal 0.48627024134891456 -0.87379820482302617 -0.0042366999569246116
    outer loop
      vertex 21.084577560424805 17.853605270385742 4.6875
      vertex 20.940422058105469 17.769903182983398 5.4050874710083008
      vertex 20.766571044921875 17.675895690917969 4.839789867401123
    endloop
  endfacet
  facet normal 0.41089141097352 -0.91168167907664222 -0.0021827560981466667
    outer loop
      vertex 20.123157501220703 17.388208389282227 3.8805179595947266
      vertex 20.820962905883789 17.70451545715332 3.125
      vertex 20.766571044921875 17.675895690917969 4.839789867401123
    endloop
  endfacet
  facet normal 0.50272008594034168 -0.86444740676434451 -0.0017877725065865236
    outer loop
      vertex 20.940422058105469 17.769903182983398 5.4050874710083008
      vertex 21.084577560424805 17.853605270385742 5.46875
      vertex 20.985021591186523 17.795228958129883 5.7005839347839355
    endloop
  endfacet
  facet normal 0.50509029326601629 -0.86306640381605182 -0.00042219957079497498
    outer loop
      vertex 21.084577560424805 17.853605270385742 5.46875
      vertex 21 17.803848266601562 6
      vertex 20.985021591186523 17.795228958129883 5.7005839347839355
    endloop
  endfacet
  facet normal 0.48815612585880253 -0.87275583906646714 0.00091769380068893412
    outer loop
      vertex 20.820962905883789 17.70451545715332 3.125
      vertex 21.084577560424805 17.853605270385742 4.6875
      vertex 20.766571044921875 17.675895690917969 4.839789867401123
    endloop
  endfacet
  facet normal 0.42556753444316414 -0.90492666754161155 0
    outer loop
      vertex 20.279462814331055 17.449859619140625 12.5
      vertex 20.820962905883789 17.70451545715332 10.9375
      vertex 20.820962905883789 17.70451545715332 12.5
    endloop
  endfacet
  facet normal 0.48827945194855987 -0.87268687635292863 -0.00089030679100654195
    outer loop
      vertex 20.766571044921875 17.675895690917969 9.1602096557617188
      vertex 21.084577560424805 17.853605270385742 9.375
      vertex 20.820962905883789 17.70451545715332 10.9375
    endloop
  endfacet
  facet normal 0.41080050176234384 -0.91172281862855353 0.0021094415877501963
    outer loop
      vertex 20.766571044921875 17.675895690917969 9.1602096557617188
      vertex 20.820962905883789 17.70451545715332 10.9375
      vertex 20.123157501220703 17.388208389282227 10.119482040405273
    endloop
  endfacet
  facet normal 0.50213992708803756 -0.86478477114690755 0.0016712918390513144
    outer loop
      vertex 20.940422058105469 17.769903182983398 8.5949125289916992
      vertex 20.985021591186523 17.795228958129883 8.2994155883789062
      vertex 21.084577560424805 17.853605270385742 8.59375
    endloop
  endfacet
  facet normal 0.48574397018693588 -0.87409186393189675 0.004026019758475885
    outer loop
      vertex 20.940422058105469 17.769903182983398 8.5949125289916992
      vertex 21.084577560424805 17.853605270385742 9.375
      vertex 20.766571044921875 17.675895690917969 9.1602096557617188
    endloop
  endfacet
  facet normal 0.50706174885078137 -0.86190973010657401 0
    outer loop
      vertex 21 17.803848266601562 8
      vertex 21 17.803848266601562 6
      vertex 21.084577560424805 17.853605270385742 6.25
    endloop
  endfacet
  facet normal 0.50706174885078126 -0.86190973010657401 -2.9903500859774155e-18
    outer loop
      vertex 21 17.803848266601562 8
      vertex 21.084577560424805 17.853605270385742 6.25
      vertex 21.084577560424805 17.853605270385742 7.8125
    endloop
  endfacet
  facet normal 0.49223219892841241 -0.87034531911439594 -0.014369684539339468
    outer loop
      vertex 20.820962905883789 17.70451545715332 3.125
      vertex 20.279462814331055 17.449859619140625 0
      vertex 21.084577560424805 17.853605270385742 3.125
    endloop
  endfacet
  facet normal 0.09437832638351637 -0.99553640390949372 0
    outer loop
      vertex 18 17 28.799999237060547
      vertex 18 17 19.899999618530273
      vertex 19.127490997314453 17.106887817382812 18.75
    endloop
  endfacet
  facet normal 0.09437832638351637 -0.99553640390949383 0
    outer loop
      vertex 18 17 28.799999237060547
      vertex 19.127490997314453 17.106887817382812 18.75
      vertex 19.127490997314453 17.106887817382812 25
    endloop
  endfacet
  facet normal 0.19361879895633879 -0.98107683730210682 0
    outer loop
      vertex 18 17 46.599998474121094
      vertex 18 17 37.700000762939453
      vertex 20.279462814331055 17.449859619140625 37.5
    endloop
  endfacet
  facet normal 0.19361879895633882 -0.98107683730210693 0
    outer loop
      vertex 18 17 46.599998474121094
      vertex 20.279462814331055 17.449859619140625 37.5
      vertex 20.279462814331055 17.449859619140625 50
    endloop
  endfacet
  facet normal 0.19361879895633882 -0.98107683730210693 -0
    outer loop
      vertex 18 17 37.700000762939453
      vertex 18 17 28.799999237060547
      vertex 20.279462814331055 17.449859619140625 37.5
    endloop
  endfacet
  facet normal 0.19361879895633882 -0.98107683730210693 -0
    outer loop
      vertex 20.279462814331055 17.449859619140625 50
      vertex 18 17 55.5
      vertex 18 17 46.599998474121094
    endloop
  endfacet
  facet normal 0.19361879895633882 -0.98107683730210693 -0
    outer loop
      vertex 18 17 55.5
      vertex 20.279462814331055 17.449859619140625 62.5
      vertex 18 17 64.400001525878906
    endloop
  endfacet
  facet normal 0.19361879895633879 -0.98107683730210682 0
    outer loop
      vertex 18 17 73.300003051757812
      vertex 18 17 64.400001525878906
      vertex 20.279462814331055 17.449859619140625 62.5
    endloop
  endfacet
  facet normal 0.19361879895633882 -0.98107683730210693 0
    outer loop
      vertex 18 17 73.300003051757812
      vertex 20.279462814331055 17.449859619140625 62.5
      vertex 20.279462814331055 17.449859619140625 75
    endloop
  endfacet
  facet normal 0.094378326383516356 -0.99553640390949372 -0
    outer loop
      vertex 18 17 82.199996948242188
      vertex 19.127490997314453 17.106887817382812 87.5
      vertex 18 17 91.099998474121094
    endloop
  endfacet
  facet normal 0.094378326383516356 -0.99553640390949372 -0
    outer loop
      vertex 18 17 91.099998474121094
      vertex 19.127490997314453 17.106887817382812 93.75
      vertex 18 17 100
    endloop
  endfacet
  facet normal 0.19361879895633882 -0.98107683730210693 -0
    outer loop
      vertex 20.279462814331055 17.449859619140625 75
      vertex 18 17 82.199996948242188
      vertex 18 17 73.300003051757812
    endloop
  endfacet
  facet normal 0.28534763643227445 -0.95842408483015207 0
    outer loop
      vertex 20.279462814331055 17.449859619140625 37.5
      vertex 19.127490997314453 17.106887817382812 25
      vertex 20.279462814331055 17.449859619140625 25
    endloop
  endfacet
  facet normal 0.19361879895633882 -0.98107683730210693 0
    outer loop
      vertex 20.279462814331055 17.449859619140625 50
      vertex 20.279462814331055 17.449859619140625 62.5
      vertex 18 17 55.5
    endloop
  endfacet
  facet normal 0.15425620791126812 -0.98794678053743124 -0.012891126659849502
    outer loop
      vertex 20.279462814331055 17.449859619140625 75
      vertex 19.127490997314453 17.106887817382812 87.5
      vertex 18 17 82.199996948242188
    endloop
  endfacet
  facet normal 0.28534763643227445 -0.95842408483015207 0
    outer loop
      vertex 20.279462814331055 17.449859619140625 75
      vertex 20.279462814331055 17.449859619140625 87.5
      vertex 19.127490997314453 17.106887817382812 87.5
    endloop
  endfacet
  facet normal 0.094378326383516356 -0.99553640390949372 0
    outer loop
      vertex 18 17 91.099998474121094
      vertex 19.127490997314453 17.106887817382812 87.5
      vertex 19.127490997314453 17.106887817382812 93.75
    endloop
  endfacet
  facet normal 0.55864974379589438 -0.82940367961372186 0
    outer loop
      vertex 20.279462814331055 17.449859619140625 93.75
      vertex 20.279462814331055 17.449859619140625 87.5
      vertex 22.286600112915039 18.801778793334961 87.5
    endloop
  endfacet
  facet normal 0.55864974379589438 -0.82940367961372186 0
    outer loop
      vertex 20.279462814331055 17.449859619140625 93.75
      vertex 22.286600112915039 18.801778793334961 87.5
      vertex 22.286600112915039 18.801778793334961 93.75
    endloop
  endfacet
  facet normal 0.55864974379589438 -0.82940367961372186 0
    outer loop
      vertex 20.279462814331055 17.449859619140625 100
      vertex 20.279462814331055 17.449859619140625 93.75
      vertex 22.286600112915039 18.801778793334961 93.75
    endloop
  endfacet
  facet normal 0.55864974379589438 -0.82940367961372186 0
    outer loop
      vertex 20.279462814331055 17.449859619140625 100
      vertex 22.286600112915039 18.801778793334961 93.75
      vertex 22.286600112915039 18.801778793334961 100
    endloop
  endfacet
  facet normal 0.28534763643227445 -0.95842408483015207 0
    outer loop
      vertex 19.127490997314453 17.106887817382812 93.75
      vertex 20.279462814331055 17.449859619140625 93.75
      vertex 20.279462814331055 17.449859619140625 100
    endloop
  endfacet
  facet normal 0.19358691519454849 -0.9809152805713186 0.018147137712322008
    outer loop
      vertex 18 17 100
      vertex 19.127490997314453 17.106887817382812 93.75
      vertex 20.279462814331055 17.449859619140625 100
    endloop
  endfacet
  facet normal 0.14144178007718344 -0.98984581141311823 0.014124180560416439
    outer loop
      vertex 18 17 28.799999237060547
      vertex 19.127490997314453 17.106887817382812 25
      vertex 20.279462814331055 17.449859619140625 37.5
    endloop
  endfacet
  facet normal 0.50491826817773255 -0.8631670601849758 0.00041069699976957556
    outer loop
      vertex 21 17.803848266601562 8
      vertex 21.084577560424805 17.853605270385742 8.59375
      vertex 20.985021591186523 17.795228958129883 8.2994155883789062
    endloop
  endfacet
  facet normal 0.53548996708502339 -0.84404654943913793 -0.028912238432291321
    outer loop
      vertex 21.341909408569336 18.016864776611328 3.125
      vertex 21.084577560424805 17.853605270385742 3.125
      vertex 20.279462814331055 17.449859619140625 0
    endloop
  endfacet
  facet normal 0.67754910730315165 -0.73547753683759931 0
    outer loop
      vertex 22.286600112915039 18.801778793334961 3.125
      vertex 21.833271026611328 18.3841552734375 3.125
      vertex 22.286600112915039 18.801778793334961 0
    endloop
  endfacet
  facet normal 0.59859331569342067 -0.80079877560088786 -0.020183245608068019
    outer loop
      vertex 21.341909408569336 18.016864776611328 3.125
      vertex 22.286600112915039 18.801778793334961 0
      vertex 21.833271026611328 18.3841552734375 3.125
    endloop
  endfacet
  facet normal 0.78186733826584265 -0.62344483745804369 0
    outer loop
      vertex 23.047187805175781 19.755638122558594 6.25
      vertex 22.286600112915039 18.801778793334961 3.125
      vertex 22.286600112915039 18.801778793334961 0
    endloop
  endfacet
  facet normal 0.55821569060005483 -0.82875925916642823 -0.039412347225419038
    outer loop
      vertex 21.341909408569336 18.016864776611328 3.125
      vertex 20.279462814331055 17.449859619140625 0
      vertex 22.286600112915039 18.801778793334961 0
    endloop
  endfacet
  facet normal 0.5021305486927109 -0.86479183163901185 0
    outer loop
      vertex 20.940422058105469 17.769903182983398 5.4050874710083008
      vertex 21.084577560424805 17.853605270385742 4.6875
      vertex 21.084577560424805 17.853605270385742 5.46875
    endloop
  endfacet
  facet normal 0.50706174885078126 -0.86190973010657401 0
    outer loop
      vertex 21 17.803848266601562 6
      vertex 21.084577560424805 17.853605270385742 5.46875
      vertex 21.084577560424805 17.853605270385742 6.25
    endloop
  endfacet
  facet normal 0.50706174885078126 -0.86190973010657401 0
    outer loop
      vertex 21 17.803848266601562 8
      vertex 21.084577560424805 17.853605270385742 7.8125
      vertex 21.084577560424805 17.853605270385742 8.59375
    endloop
  endfacet
  facet normal 0.5021305486927109 -0.86479183163901185 0
    outer loop
      vertex 20.940422058105469 17.769903182983398 8.5949125289916992
      vertex 21.084577560424805 17.853605270385742 8.59375
      vertex 21.084577560424805 17.853605270385742 9.375
    endloop
  endfacet
  facet normal 0.78186733826584265 -0.62344483745804369 0
    outer loop
      vertex 23.047187805175781 19.755638122558594 6.25
      vertex 22.286600112915039 18.801778793334961 6.25
      vertex 22.286600112915039 18.801778793334961 3.125
    endloop
  endfacet
  facet normal 0.96207468625024273 -0.27278617647618603 0
    outer loop
      vertex 23.902406692504883 21.922229766845703 6.25
      vertex 23.589683532714844 20.819303512573242 6.25
      vertex 23.589683532714844 20.819303512573242 0
    endloop
  endfacet
  facet normal 0.98262035582643459 -0.18488832141924907 -0.016539193399423995
    outer loop
      vertex 24 23 0
      vertex 23.902406692504883 21.922229766845703 6.25
      vertex 23.589683532714844 20.819303512573242 0
    endloop
  endfacet
  facet normal 0.89082651489004061 -0.45434361486529584 0
    outer loop
      vertex 23.047187805175781 19.755638122558594 6.25
      vertex 23.589683532714844 20.819303512573242 0
      vertex 23.589683532714844 20.819303512573242 6.25
    endloop
  endfacet
  facet normal 0.8398622552622842 -0.54245212924139519 -0.019418539266034315
    outer loop
      vertex 23.047187805175781 19.755638122558594 6.25
      vertex 22.286600112915039 18.801778793334961 0
      vertex 23.589683532714844 20.819303512573242 0
    endloop
  endfacet
  facet normal 0.96207468625024273 -0.27278617647618603 0
    outer loop
      vertex 23.902406692504883 21.922229766845703 12.5
      vertex 23.589683532714844 20.819303512573242 25
      vertex 23.589683532714844 20.819303512573242 12.5
    endloop
  endfacet
  facet normal 0.99592528776712952 -0.090182155585016716 -0
    outer loop
      vertex 24 23 18.181818008422852
      vertex 23.902406692504883 21.922229766845703 12.5
      vertex 24 23 9.0909090042114258
    endloop
  endfacet
  facet normal 0.99592528776712952 -0.090182155585016716 0
    outer loop
      vertex 23.902406692504883 21.922229766845703 6.25
      vertex 24 23 9.0909090042114258
      vertex 23.902406692504883 21.922229766845703 12.5
    endloop
  endfacet
  facet normal 0.98860544903915271 -0.15009081886387862 0.011489657212716014
    outer loop
      vertex 23.589683532714844 20.819303512573242 25
      vertex 23.902406692504883 21.922229766845703 12.5
      vertex 24 23 18.181818008422852
    endloop
  endfacet
  facet normal 0.99592528776712952 -0.090182155585016716 -0
    outer loop
      vertex 24 23 9.0909090042114258
      vertex 23.902406692504883 21.922229766845703 6.25
      vertex 24 23 0
    endloop
  endfacet
  facet normal 0.98275477880758499 -0.18491361423879807 -0
    outer loop
      vertex 24 23 27.272727966308594
      vertex 23.589683532714844 20.819303512573242 25
      vertex 24 23 18.181818008422852
    endloop
  endfacet
  facet normal 0.98275477880758499 -0.18491361423879807 0
    outer loop
      vertex 23.589683532714844 20.819303512573242 62.5
      vertex 23.589683532714844 20.819303512573242 50
      vertex 24 23 54.545455932617188
    endloop
  endfacet
  facet normal 0.98275477880758488 -0.18491361423879804 0
    outer loop
      vertex 23.589683532714844 20.819303512573242 62.5
      vertex 24 23 54.545455932617188
      vertex 24 23 63.636363983154297
    endloop
  endfacet
  facet normal 0.98275477880758499 -0.18491361423879807 0
    outer loop
      vertex 23.589683532714844 20.819303512573242 75
      vertex 23.589683532714844 20.819303512573242 62.5
      vertex 24 23 63.636363983154297
    endloop
  endfacet
  facet normal 0.98275477880758488 -0.18491361423879804 0
    outer loop
      vertex 23.589683532714844 20.819303512573242 75
      vertex 24 23 63.636363983154297
      vertex 24 23 72.727272033691406
    endloop
  endfacet
  facet normal 0.98275477880758499 -0.18491361423879807 0
    outer loop
      vertex 23.589683532714844 20.819303512573242 50
      vertex 23.589683532714844 20.819303512573242 37.5
      vertex 24 23 36.363636016845703
    endloop
  endfacet
  facet normal 0.98275477880758488 -0.18491361423879804 0
    outer loop
      vertex 23.589683532714844 20.819303512573242 50
      vertex 24 23 36.363636016845703
      vertex 24 23 45.454544067382812
    endloop
  endfacet
  facet normal 0.78186733826584265 -0.62344483745804369 0
    outer loop
      vertex 22.286600112915039 18.801778793334961 100
      vertex 22.286600112915039 18.801778793334961 93.75
      vertex 23.047187805175781 19.755638122558594 93.75
    endloop
  endfacet
  facet normal 0.8398622552622842 -0.54245212924139519 0.019418539266034315
    outer loop
      vertex 23.589683532714844 20.819303512573242 100
      vertex 22.286600112915039 18.801778793334961 100
      vertex 23.047187805175781 19.755638122558594 93.75
    endloop
  endfacet
  facet normal 0.96207468625024273 -0.27278617647618603 0
    outer loop
      vertex 23.902406692504883 21.922229766845703 93.75
      vertex 23.589683532714844 20.819303512573242 100
      vertex 23.589683532714844 20.819303512573242 93.75
    endloop
  endfacet
  facet normal 0.89082651489004061 -0.45434361486529584 -0
    outer loop
      vertex 23.047187805175781 19.755638122558594 93.75
      vertex 23.589683532714844 20.819303512573242 93.75
      vertex 23.589683532714844 20.819303512573242 100
    endloop
  endfacet
  facet normal 0.96207468625024273 -0.27278617647618603 0
    outer loop
      vertex 23.589683532714844 20.819303512573242 87.5
      vertex 23.589683532714844 20.819303512573242 75
      vertex 23.902406692504883 21.922229766845703 87.5
    endloop
  endfacet
  facet normal 0.98275477880758488 -0.18491361423879804 0
    outer loop
      vertex 24 23 45.454544067382812
      vertex 24 23 54.545455932617188
      vertex 23.589683532714844 20.819303512573242 50
    endloop
  endfacet
  facet normal 0.99592528776712952 -0.090182155585016716 0
    outer loop
      vertex 24 23 90.909088134765625
      vertex 23.902406692504883 21.922229766845703 93.75
      vertex 23.902406692504883 21.922229766845703 87.5
    endloop
  endfacet
  facet normal 0.98275477880758488 -0.18491361423879804 0
    outer loop
      vertex 24 23 81.818183898925781
      vertex 23.589683532714844 20.819303512573242 75
      vertex 24 23 72.727272033691406
    endloop
  endfacet
  facet normal 0.9886054510844724 -0.15009080529638164 -0.011489658461001414
    outer loop
      vertex 24 23 81.818183898925781
      vertex 23.902406692504883 21.922229766845703 87.5
      vertex 23.589683532714844 20.819303512573242 75
    endloop
  endfacet
  facet normal 0.99592528776712952 -0.090182155585016716 -0
    outer loop
      vertex 23.902406692504883 21.922229766845703 87.5
      vertex 24 23 81.818183898925781
      vertex 24 23 90.909088134765625
    endloop
  endfacet
  facet normal 0.99592528776712952 -0.090182155585016716 -0
    outer loop
      vertex 23.902406692504883 21.922229766845703 93.75
      vertex 24 23 90.909088134765625
      vertex 24 23 100
    endloop
  endfacet
  facet normal 0.98262035582643459 -0.18488832141924907 0.016539193399423995
    outer loop
      vertex 23.589683532714844 20.819303512573242 100
      vertex 23.902406692504883 21.922229766845703 93.75
      vertex 24 23 100
    endloop
  endfacet
  facet normal 0.98275477880758488 -0.18491361423879804 0
    outer loop
      vertex 24 23 27.272727966308594
      vertex 24 23 36.363636016845703
      vertex 23.589683532714844 20.819303512573242 37.5
    endloop
  endfacet
  facet normal 0.98275477880758499 -0.18491361423879807 0
    outer loop
      vertex 24 23 27.272727966308594
      vertex 23.589683532714844 20.819303512573242 37.5
      vertex 23.589683532714844 20.819303512573242 25
    endloop
  endfacet
  facet normal 1 -0 0
    outer loop
      vertex 24 61.25 75
      vertex 24 48.5 75
      vertex 24 48.5 50
    endloop
  endfacet
  facet normal 1 0 0
    outer loop
      vertex 24 61.25 75
      vertex 24 48.5 50
      vertex 24 61.25 50
    endloop
  endfacet
  facet normal 1 -0 0
    outer loop
      vertex 24 48.5 75
      vertex 24 35.75 75
      vertex 24 35.75 50
    endloop
  endfacet
  facet normal 1 0 0
    outer loop
      vertex 24 48.5 75
      vertex 24 35.75 50
      vertex 24 48.5 50
    endloop
  endfacet
  facet normal 1 -0 0
    outer loop
      vertex 24 48.5 50
      vertex 24 35.75 50
      vertex 24 35.75 25
    endloop
  endfacet
  facet normal 1 0 0
    outer loop
      vertex 24 48.5 50
      vertex 24 35.75 25
      vertex 24 48.5 25
    endloop
  endfacet
  facet normal 1 -0 0
    outer loop
      vertex 24 61.25 50
      vertex 24 48.5 50
      vertex 24 48.5 25
    endloop
  endfacet
  facet normal 1 0 0
    outer loop
      vertex 24 61.25 50
      vertex 24 48.5 25
      vertex 24 61.25 25
    endloop
  endfacet
  facet normal 1 0 -0
    outer loop
      vertex 24 35.75 25
      vertex 24 23 9.0909090042114258
      vertex 24 23 0
    endloop
  endfacet
  facet normal 1 0 -0
    outer loop
      vertex 24 35.75 25
      vertex 24 23 27.272727966308594
      vertex 24 23 18.181818008422852
    endloop
  endfacet
  facet normal 1 0 -0
    outer loop
      vertex 24 23 18.181818008422852
      vertex 24 23 9.0909090042114258
      vertex 24 35.75 25
    endloop
  endfacet
  facet normal 1 -0 -0
    outer loop
      vertex 24 35.75 25
      vertex 24 35.75 50
      vertex 24 23 45.454544067382812
    endloop
  endfacet
  facet normal 1 0 0
    outer loop
      vertex 24 35.75 25
      vertex 24 23 45.454544067382812
      vertex 24 23 36.363636016845703
    endloop
  endfacet
  facet normal 1 -0 0
    outer loop
      vertex 24 23 0
      vertex 24 48.5 25
      vertex 24 35.75 25
    endloop
  endfacet
  facet normal 1 0 0
    outer loop
      vertex 24 23 27.272727966308594
      vertex 24 35.75 25
      vertex 24 23 36.363636016845703
    endloop
  endfacet
  facet normal 1 -0 -0
    outer loop
      vertex 24 48.5 25
      vertex 24 23 0
      vertex 24 74 0
    endloop
  endfacet
  facet normal 1 -0 -0
    outer loop
      vertex 24 35.75 50
      vertex 24 23 63.636363983154297
      vertex 24 23 54.545455932617188
    endloop
  endfacet
  facet normal 1 0 -0
    outer loop
      vertex 24 35.75 75
      vertex 24 23 81.818183898925781
      vertex 24 23 72.727272033691406
    endloop
  endfacet
  facet normal 1 0 -0
    outer loop
      vertex 24 23 72.727272033691406
      vertex 24 23 63.636363983154297
      vertex 24 35.75 75
    endloop
  endfacet
  facet normal 1 0 0
    outer loop
      vertex 24 23 81.818183898925781
      vertex 24 35.75 75
      vertex 24 23 90.909088134765625
    endloop
  endfacet
  facet normal 1 0 0
    outer loop
      vertex 24 35.75 75
      vertex 24 23 100
      vertex 24 23 90.909088134765625
    endloop
  endfacet
  facet normal 1 0 0
    outer loop
      vertex 24 23 100
      vertex 24 35.75 75
      vertex 24 48.5 75
    endloop
  endfacet
  facet normal 1 -0 -0
    outer loop
      vertex 24 35.75 50
      vertex 24 35.75 75
      vertex 24 23 63.636363983154297
    endloop
  endfacet
  facet normal 1 0 -0
    outer loop
      vertex 24 35.75 50
      vertex 24 23 54.545455932617188
      vertex 24 23 45.454544067382812
    endloop
  endfacet
  facet normal 1 0 0
    outer loop
      vertex 24 61.25 25
      vertex 24 74 0
      vertex 24 74 9.0909090042114258
    endloop
  endfacet
  facet normal 1 0 0
    outer loop
      vertex 24 61.25 50
      vertex 24 61.25 25
      vertex 24 74 36.363636016845703
    endloop
  endfacet
  facet normal 1 0 0
    outer loop
      vertex 24 61.25 50
      vertex 24 74 36.363636016845703
      vertex 24 74 45.454544067382812
    endloop
  endfacet
  facet normal 1 0 0
    outer loop
      vertex 24 74 18.181818008422852
      vertex 24 61.25 25
      vertex 24 74 9.0909090042114258
    endloop
  endfacet
  facet normal 1 0 0
    outer loop
      vertex 24 48.5 25
      vertex 24 74 0
      vertex 24 61.25 25
    endloop
  endfacet
  facet normal 1 0 0
    outer loop
      vertex 24 61.25 25
      vertex 24 74 18.181818008422852
      vertex 24 74 27.272727966308594
    endloop
  endfacet
  facet normal 1 -0 0
    outer loop
      vertex 24 61.25 25
      vertex 24 74 27.272727966308594
      vertex 24 74 36.363636016845703
    endloop
  endfacet
  facet normal 1 0 -0
    outer loop
      vertex 24 74 54.545455932617188
      vertex 24 61.25 50
      vertex 24 74 45.454544067382812
    endloop
  endfacet
  facet normal 1 0 0
    outer loop
      vertex 24 61.25 75
      vertex 24 61.25 50
      vertex 24 74 54.545455932617188
    endloop
  endfacet
  facet normal 1 -0 0
    outer loop
      vertex 24 61.25 75
      vertex 24 74 54.545455932617188
      vertex 24 74 63.636363983154297
    endloop
  endfacet
  facet normal 1 0 -0
    outer loop
      vertex 24 74 100
      vertex 24 48.5 75
      vertex 24 61.25 75
    endloop
  endfacet
  facet normal 1 0 0
    outer loop
      vertex 24 61.25 75
      vertex 24 74 63.636363983154297
      vertex 24 74 72.727272033691406
    endloop
  endfacet
  facet normal 1 0 0
    outer loop
      vertex 24 61.25 75
      vertex 24 74 72.727272033691406
      vertex 24 74 81.818183898925781
    endloop
  endfacet
  facet normal 1 0 0
    outer loop
      vertex 24 61.25 75
      vertex 24 74 90.909088134765625
      vertex 24 74 100
    endloop
  endfacet
  facet normal 1 0 0
    outer loop
      vertex 24 61.25 75
      vertex 24 74 81.818183898925781
      vertex 24 74 90.909088134765625
    endloop
  endfacet
  facet normal 1 0 0
    outer loop
      vertex 24 23 100
      vertex 24 48.5 75
      vertex 24 74 100
    endloop
  endfacet
  facet normal 0.95842447245605278 0.28534633447327934 0
    outer loop
      vertex 23.550140380859375 76.279464721679688 12.5
      vertex 23.893112182617188 75.127487182617188 12.5
      vertex 23.893112182617188 75.127487182617188 6.25
    endloop
  endfacet
  facet normal 0.95842447245605278 0.28534633447327934 0
    outer loop
      vertex 23.550140380859375 76.279464721679688 12.5
      vertex 23.893112182617188 75.127487182617188 6.25
      vertex 23.550140380859375 76.279464721679688 6.25
    endloop
  endfacet
  facet normal 0.95842447245605278 0.28534633447327934 0
    outer loop
      vertex 23.550140380859375 76.279464721679688 93.75
      vertex 23.893112182617188 75.127487182617188 93.75
      vertex 23.893112182617188 75.127487182617188 87.5
    endloop
  endfacet
  facet normal 0.95842447245605278 0.28534633447327934 0
    outer loop
      vertex 23.550140380859375 76.279464721679688 93.75
      vertex 23.893112182617188 75.127487182617188 87.5
      vertex 23.550140380859375 76.279464721679688 87.5
    endloop
  endfacet
  facet normal 0.8294031876546043 0.55865047418612401 0
    outer loop
      vertex 22.198221206665039 78.286598205566406 25
      vertex 23.550140380859375 76.279464721679688 25
      vertex 23.550140380859375 76.279464721679688 12.5
    endloop
  endfacet
  facet normal 0.8294031876546043 0.55865047418612401 -0
    outer loop
      vertex 22.198221206665039 78.286598205566406 25
      vertex 23.550140380859375 76.279464721679688 12.5
      vertex 22.198221206665039 78.286598205566406 12.5
    endloop
  endfacet
  facet normal 0.8294031876546043 0.55865047418612401 0
    outer loop
      vertex 22.198221206665039 78.286598205566406 37.5
      vertex 23.550140380859375 76.279464721679688 37.5
      vertex 23.550140380859375 76.279464721679688 25
    endloop
  endfacet
  facet normal 0.8294031876546043 0.55865047418612401 -0
    outer loop
      vertex 22.198221206665039 78.286598205566406 37.5
      vertex 23.550140380859375 76.279464721679688 25
      vertex 22.198221206665039 78.286598205566406 25
    endloop
  endfacet
  facet normal 0.8294031876546043 0.55865047418612401 0
    outer loop
      vertex 22.198221206665039 78.286598205566406 50
      vertex 23.550140380859375 76.279464721679688 50
      vertex 23.550140380859375 76.279464721679688 37.5
    endloop
  endfacet
  facet normal 0.8294031876546043 0.55865047418612401 -0
    outer loop
      vertex 22.198221206665039 78.286598205566406 50
      vertex 23.550140380859375 76.279464721679688 37.5
      vertex 22.198221206665039 78.286598205566406 37.5
    endloop
  endfacet
  facet normal 0.8294031876546043 0.55865047418612401 0
    outer loop
      vertex 22.198221206665039 78.286598205566406 62.5
      vertex 23.550140380859375 76.279464721679688 62.5
      vertex 23.550140380859375 76.279464721679688 50
    endloop
  endfacet
  facet normal 0.8294031876546043 0.55865047418612401 -0
    outer loop
      vertex 22.198221206665039 78.286598205566406 62.5
      vertex 23.550140380859375 76.279464721679688 50
      vertex 22.198221206665039 78.286598205566406 50
    endloop
  endfacet
  facet normal 0.8294031876546043 0.55865047418612401 0
    outer loop
      vertex 22.198221206665039 78.286598205566406 75
      vertex 23.550140380859375 76.279464721679688 75
      vertex 23.550140380859375 76.279464721679688 62.5
    endloop
  endfacet
  facet normal 0.8294031876546043 0.55865047418612401 -0
    outer loop
      vertex 22.198221206665039 78.286598205566406 75
      vertex 23.550140380859375 76.279464721679688 62.5
      vertex 22.198221206665039 78.286598205566406 62.5
    endloop
  endfacet
  facet normal 0.8294031876546043 0.55865047418612401 0
    outer loop
      vertex 22.198221206665039 78.286598205566406 87.5
      vertex 23.550140380859375 76.279464721679688 87.5
      vertex 23.550140380859375 76.279464721679688 75
    endloop
  endfacet
  facet normal 0.8294031876546043 0.55865047418612401 -0
    outer loop
      vertex 22.198221206665039 78.286598205566406 87.5
      vertex 23.550140380859375 76.279464721679688 75
      vertex 22.198221206665039 78.286598205566406 75
    endloop
  endfacet
  facet normal 0.45434361486529584 0.89082651489004061 0
    outer loop
      vertex 20.180696487426758 79.589683532714844 12.5
      vertex 21.244361877441406 79.047187805175781 12.5
      vertex 21.244361877441406 79.047187805175781 6.25
    endloop
  endfacet
  facet normal 0.45434361486529584 0.89082651489004061 -0
    outer loop
      vertex 20.180696487426758 79.589683532714844 12.5
      vertex 21.244361877441406 79.047187805175781 6.25
      vertex 20.180696487426758 79.589683532714844 6.25
    endloop
  endfacet
  facet normal 0.62344579320809412 0.78186657616957278 0
    outer loop
      vertex 21.244361877441406 79.047187805175781 12.5
      vertex 22.198221206665039 78.286598205566406 12.5
      vertex 22.198221206665039 78.286598205566406 6.25
    endloop
  endfacet
  facet normal 0.62344579320809401 0.78186657616957278 -0
    outer loop
      vertex 21.244361877441406 79.047187805175781 12.5
      vertex 22.198221206665039 78.286598205566406 6.25
      vertex 21.244361877441406 79.047187805175781 6.25
    endloop
  endfacet
  facet normal 0.45434361486529584 0.89082651489004061 -0
    outer loop
      vertex 21.244361877441406 79.047187805175781 12.5
      vertex 20.180696487426758 79.589683532714844 12.5
      vertex 20.180696487426758 79.589683532714844 25
    endloop
  endfacet
  facet normal 0.62344579320809412 0.78186657616957278 0
    outer loop
      vertex 22.198221206665039 78.286598205566406 25
      vertex 22.198221206665039 78.286598205566406 12.5
      vertex 21.244361877441406 79.047187805175781 12.5
    endloop
  endfacet
  facet normal 0.54252941090793605 0.83998067863737003 0.0097107062457337436
    outer loop
      vertex 20.180696487426758 79.589683532714844 25
      vertex 22.198221206665039 78.286598205566406 25
      vertex 21.244361877441406 79.047187805175781 12.5
    endloop
  endfacet
  facet normal 0.54255499238638405 0.84002028561018149 0
    outer loop
      vertex 20.180696487426758 79.589683532714844 37.5
      vertex 22.198221206665039 78.286598205566406 37.5
      vertex 22.198221206665039 78.286598205566406 25
    endloop
  endfacet
  facet normal 0.54255499238638405 0.84002028561018149 -1.1657623277957794e-17
    outer loop
      vertex 20.180696487426758 79.589683532714844 37.5
      vertex 22.198221206665039 78.286598205566406 25
      vertex 20.180696487426758 79.589683532714844 25
    endloop
  endfacet
  facet normal 0.54255499238638405 0.84002028561018149 0
    outer loop
      vertex 20.180696487426758 79.589683532714844 50
      vertex 22.198221206665039 78.286598205566406 50
      vertex 22.198221206665039 78.286598205566406 37.5
    endloop
  endfacet
  facet normal 0.54255499238638405 0.84002028561018149 -1.1657623277957794e-17
    outer loop
      vertex 20.180696487426758 79.589683532714844 50
      vertex 22.198221206665039 78.286598205566406 37.5
      vertex 20.180696487426758 79.589683532714844 37.5
    endloop
  endfacet
  facet normal 0.54255499238638405 0.84002028561018149 0
    outer loop
      vertex 20.180696487426758 79.589683532714844 62.5
      vertex 22.198221206665039 78.286598205566406 62.5
      vertex 22.198221206665039 78.286598205566406 50
    endloop
  endfacet
  facet normal 0.54255499238638405 0.84002028561018149 -1.1657623277957794e-17
    outer loop
      vertex 20.180696487426758 79.589683532714844 62.5
      vertex 22.198221206665039 78.286598205566406 50
      vertex 20.180696487426758 79.589683532714844 50
    endloop
  endfacet
  facet normal 0.54255499238638405 0.84002028561018149 0
    outer loop
      vertex 20.180696487426758 79.589683532714844 75
      vertex 22.198221206665039 78.286598205566406 75
      vertex 22.198221206665039 78.286598205566406 62.5
    endloop
  endfacet
  facet normal 0.54255499238638405 0.84002028561018149 -1.1657623277957794e-17
    outer loop
      vertex 20.180696487426758 79.589683532714844 75
      vertex 22.198221206665039 78.286598205566406 62.5
      vertex 20.180696487426758 79.589683532714844 62.5
    endloop
  endfacet
  facet normal 0.62344579320809412 0.78186657616957278 0
    outer loop
      vertex 21.244361877441406 79.047187805175781 87.5
      vertex 22.198221206665039 78.286598205566406 87.5
      vertex 22.198221206665039 78.286598205566406 75
    endloop
  endfacet
  facet normal 0.45434361486529584 0.89082651489004061 -0
    outer loop
      vertex 20.180696487426758 79.589683532714844 75
      vertex 20.180696487426758 79.589683532714844 87.5
      vertex 21.244361877441406 79.047187805175781 87.5
    endloop
  endfacet
  facet normal 0.54252941090793616 0.83998067863737014 -0.0097107062457337454
    outer loop
      vertex 22.198221206665039 78.286598205566406 75
      vertex 20.180696487426758 79.589683532714844 75
      vertex 21.244361877441406 79.047187805175781 87.5
    endloop
  endfacet
  facet normal 0.62344579320809412 0.78186657616957278 0
    outer loop
      vertex 21.244361877441406 79.047187805175781 93.75
      vertex 22.198221206665039 78.286598205566406 93.75
      vertex 22.198221206665039 78.286598205566406 87.5
    endloop
  endfacet
  facet normal 0.62344579320809401 0.78186657616957278 -0
    outer loop
      vertex 21.244361877441406 79.047187805175781 93.75
      vertex 22.198221206665039 78.286598205566406 87.5
      vertex 21.244361877441406 79.047187805175781 87.5
    endloop
  endfacet
  facet normal 0.45434361486529584 0.89082651489004061 0
    outer loop
      vertex 20.180696487426758 79.589683532714844 93.75
      vertex 21.244361877441406 79.047187805175781 93.75
      vertex 21.244361877441406 79.047187805175781 87.5
    endloop
  endfacet
  facet normal 0.45434361486529584 0.89082651489004061 -0
    outer loop
      vertex 20.180696487426758 79.589683532714844 93.75
      vertex 21.244361877441406 79.047187805175781 87.5
      vertex 20.180696487426758 79.589683532714844 87.5
    endloop
  endfacet
  facet normal 0.27278463651325618 0.96207512288923192 0
    outer loop
      vertex 19.077770233154297 79.90240478515625 12.5
      vertex 20.180696487426758 79.589683532714844 12.5
      vertex 20.180696487426758 79.589683532714844 6.25
    endloop
  endfacet
  facet normal 0.27278463651325618 0.96207512288923192 0
    outer loop
      vertex 19.077770233154297 79.90240478515625 12.5
      vertex 20.180696487426758 79.589683532714844 6.25
      vertex 19.077770233154297 79.90240478515625 6.25
    endloop
  endfacet
  facet normal 0.27278463651325618 0.96207512288923192 0
    outer loop
      vertex 19.077770233154297 79.90240478515625 93.75
      vertex 20.180696487426758 79.589683532714844 93.75
      vertex 20.180696487426758 79.589683532714844 87.5
    endloop
  endfacet
  facet normal 0.27278463651325618 0.96207512288923192 0
    outer loop
      vertex 19.077770233154297 79.90240478515625 93.75
      vertex 20.180696487426758 79.589683532714844 87.5
      vertex 19.077770233154297 79.90240478515625 87.5
    endloop
  endfacet
  facet normal 0.99553637390744787 0.094378642855309475 0
    outer loop
      vertex 24 74 9.0909090042114258
      vertex 24 74 0
      vertex 23.893112182617188 75.127487182617188 6.25
    endloop
  endfacet
  facet normal 0.98091531395434062 0.19358675979838855 -0.018146990952179132
    outer loop
      vertex 23.550140380859375 76.279464721679688 0
      vertex 23.893112182617188 75.127487182617188 6.25
      vertex 24 74 0
    endloop
  endfacet
  facet normal 0.99553637390744787 0.094378642855309475 -0
    outer loop
      vertex 23.893112182617188 75.127487182617188 12.5
      vertex 24 74 9.0909090042114258
      vertex 23.893112182617188 75.127487182617188 6.25
    endloop
  endfacet
  facet normal 0.98107686807689798 0.19361864301875736 0
    outer loop
      vertex 24 74 18.181818008422852
      vertex 23.550140380859375 76.279464721679688 25
      vertex 24 74 27.272727966308594
    endloop
  endfacet
  facet normal 0.98749184978397653 0.15716495050056487 0.012610509282963617
    outer loop
      vertex 24 74 18.181818008422852
      vertex 23.893112182617188 75.127487182617188 12.5
      vertex 23.550140380859375 76.279464721679688 25
    endloop
  endfacet
  facet normal 0.98107686807689798 0.19361864301875736 0
    outer loop
      vertex 24 74 36.363636016845703
      vertex 24 74 27.272727966308594
      vertex 23.550140380859375 76.279464721679688 25
    endloop
  endfacet
  facet normal 0.98107686807689798 0.19361864301875736 -0
    outer loop
      vertex 24 74 36.363636016845703
      vertex 23.550140380859375 76.279464721679688 25
      vertex 23.550140380859375 76.279464721679688 37.5
    endloop
  endfacet
  facet normal 0.99553637390744787 0.094378642855309475 0
    outer loop
      vertex 23.893112182617188 75.127487182617188 12.5
      vertex 24 74 18.181818008422852
      vertex 24 74 9.0909090042114258
    endloop
  endfacet
  facet normal 0.95842447245605278 0.28534633447327934 0
    outer loop
      vertex 23.893112182617188 75.127487182617188 6.25
      vertex 23.550140380859375 76.279464721679688 0
      vertex 23.550140380859375 76.279464721679688 6.25
    endloop
  endfacet
  facet normal 0.8294031876546043 0.55865047418612401 0
    outer loop
      vertex 23.550140380859375 76.279464721679688 6.25
      vertex 23.550140380859375 76.279464721679688 0
      vertex 22.198221206665039 78.286598205566406 0
    endloop
  endfacet
  facet normal 0.8294031876546043 0.55865047418612401 -0
    outer loop
      vertex 23.550140380859375 76.279464721679688 6.25
      vertex 22.198221206665039 78.286598205566406 0
      vertex 22.198221206665039 78.286598205566406 6.25
    endloop
  endfacet
  facet normal 0.62344579320809412 0.78186657616957278 0
    outer loop
      vertex 21.244361877441406 79.047187805175781 6.25
      vertex 22.198221206665039 78.286598205566406 6.25
      vertex 22.198221206665039 78.286598205566406 0
    endloop
  endfacet
  facet normal 0.8294031876546043 0.55865047418612401 -0
    outer loop
      vertex 22.198221206665039 78.286598205566406 6.25
      vertex 22.198221206665039 78.286598205566406 12.5
      vertex 23.550140380859375 76.279464721679688 12.5
    endloop
  endfacet
  facet normal 0.8294031876546043 0.55865047418612401 0
    outer loop
      vertex 22.198221206665039 78.286598205566406 6.25
      vertex 23.550140380859375 76.279464721679688 12.5
      vertex 23.550140380859375 76.279464721679688 6.25
    endloop
  endfacet
  facet normal 0.95842447245605278 0.28534633447327934 -0
    outer loop
      vertex 23.893112182617188 75.127487182617188 12.5
      vertex 23.550140380859375 76.279464721679688 12.5
      vertex 23.550140380859375 76.279464721679688 25
    endloop
  endfacet
  facet normal 0.98107686807689798 0.19361864301875736 0
    outer loop
      vertex 24 74 45.454544067382812
      vertex 24 74 36.363636016845703
      vertex 23.550140380859375 76.279464721679688 37.5
    endloop
  endfacet
  facet normal 0.98107686807689798 0.19361864301875736 -0
    outer loop
      vertex 24 74 45.454544067382812
      vertex 23.550140380859375 76.279464721679688 37.5
      vertex 23.550140380859375 76.279464721679688 50
    endloop
  endfacet
  facet normal 0.98107686807689798 0.19361864301875736 0
    outer loop
      vertex 24 74 63.636363983154297
      vertex 24 74 54.545455932617188
      vertex 23.550140380859375 76.279464721679688 50
    endloop
  endfacet
  facet normal 0.98107686807689798 0.19361864301875736 0
    outer loop
      vertex 24 74 63.636363983154297
      vertex 23.550140380859375 76.279464721679688 50
      vertex 23.550140380859375 76.279464721679688 62.5
    endloop
  endfacet
  facet normal 0.98107686807689798 0.19361864301875736 0
    outer loop
      vertex 24 74 72.727272033691406
      vertex 23.550140380859375 76.279464721679688 75
      vertex 24 74 81.818183898925781
    endloop
  endfacet
  facet normal 0.98107686807689798 0.19361864301875736 0
    outer loop
      vertex 24 74 72.727272033691406
      vertex 24 74 63.636363983154297
      vertex 23.550140380859375 76.279464721679688 62.5
    endloop
  endfacet
  facet normal 0.98107686807689798 0.19361864301875736 -0
    outer loop
      vertex 24 74 72.727272033691406
      vertex 23.550140380859375 76.279464721679688 62.5
      vertex 23.550140380859375 76.279464721679688 75
    endloop
  endfacet
  facet normal 0.99553637390744787 0.094378642855309475 0
    outer loop
      vertex 23.893112182617188 75.127487182617188 87.5
      vertex 24 74 90.909088134765625
      vertex 24 74 81.818183898925781
    endloop
  endfacet
  facet normal 0.99553637390744787 0.094378642855309475 -0
    outer loop
      vertex 23.893112182617188 75.127487182617188 87.5
      vertex 23.893112182617188 75.127487182617188 93.75
      vertex 24 74 90.909088134765625
    endloop
  endfacet
  facet normal 0.99553637390744787 0.094378642855309475 0
    outer loop
      vertex 24 74 100
      vertex 24 74 90.909088134765625
      vertex 23.893112182617188 75.127487182617188 93.75
    endloop
  endfacet
  facet normal 0.98749185202812562 0.15716493629020553 -0.012610510654139187
    outer loop
      vertex 23.550140380859375 76.279464721679688 75
      vertex 23.893112182617188 75.127487182617188 87.5
      vertex 24 74 81.818183898925781
    endloop
  endfacet
  facet normal 0.98107686807689798 0.19361864301875736 0
    outer loop
      vertex 23.550140380859375 76.279464721679688 50
      vertex 24 74 54.545455932617188
      vertex 24 74 45.454544067382812
    endloop
  endfacet
  facet normal 0.95842447245605278 0.28534633447327934 -0
    outer loop
      vertex 23.550140380859375 76.279464721679688 75
      vertex 23.550140380859375 76.279464721679688 87.5
      vertex 23.893112182617188 75.127487182617188 87.5
    endloop
  endfacet
  facet normal 0.95842447245605278 0.28534633447327934 0
    outer loop
      vertex 23.550140380859375 76.279464721679688 100
      vertex 23.893112182617188 75.127487182617188 93.75
      vertex 23.550140380859375 76.279464721679688 93.75
    endloop
  endfacet
  facet normal 0.8294031876546043 0.55865047418612401 -0
    outer loop
      vertex 22.198221206665039 78.286598205566406 87.5
      vertex 22.198221206665039 78.286598205566406 93.75
      vertex 23.550140380859375 76.279464721679688 93.75
    endloop
  endfacet
  facet normal 0.8294031876546043 0.55865047418612401 0
    outer loop
      vertex 22.198221206665039 78.286598205566406 87.5
      vertex 23.550140380859375 76.279464721679688 93.75
      vertex 23.550140380859375 76.279464721679688 87.5
    endloop
  endfacet
  facet normal 0.8294031876546043 0.55865047418612401 0
    outer loop
      vertex 23.550140380859375 76.279464721679688 100
      vertex 23.550140380859375 76.279464721679688 93.75
      vertex 22.198221206665039 78.286598205566406 93.75
    endloop
  endfacet
  facet normal 0.8294031876546043 0.55865047418612401 -0
    outer loop
      vertex 23.550140380859375 76.279464721679688 100
      vertex 22.198221206665039 78.286598205566406 93.75
      vertex 22.198221206665039 78.286598205566406 100
    endloop
  endfacet
  facet normal 0.98091531395434062 0.19358675979838855 0.018146990952179132
    outer loop
      vertex 24 74 100
      vertex 23.893112182617188 75.127487182617188 93.75
      vertex 23.550140380859375 76.279464721679688 100
    endloop
  endfacet
  facet normal 0.45434361486529584 0.89082651489004061 -0
    outer loop
      vertex 20.180696487426758 79.589683532714844 6.25
      vertex 21.244361877441406 79.047187805175781 6.25
      vertex 20.180696487426758 79.589683532714844 0
    endloop
  endfacet
  facet normal 0.54245268817814418 0.83986189132493716 -0.019418665979015256
    outer loop
      vertex 22.198221206665039 78.286598205566406 0
      vertex 20.180696487426758 79.589683532714844 0
      vertex 21.244361877441406 79.047187805175781 6.25
    endloop
  endfacet
  facet normal 0.27278463651325618 0.96207512288923192 0
    outer loop
      vertex 19.077770233154297 79.90240478515625 6.25
      vertex 20.180696487426758 79.589683532714844 6.25
      vertex 20.180696487426758 79.589683532714844 0
    endloop
  endfacet
  facet normal 0.27278463651325618 0.96207512288923192 0
    outer loop
      vertex 19.077770233154297 79.90240478515625 12.5
      vertex 20.180696487426758 79.589683532714844 25
      vertex 20.180696487426758 79.589683532714844 12.5
    endloop
  endfacet
  facet normal 0.18491361423879807 0.98275477880758499 0
    outer loop
      vertex 20.180696487426758 79.589683532714844 50
      vertex 20.180696487426758 79.589683532714844 37.5
      vertex 18 80 36.363636016845703
    endloop
  endfacet
  facet normal 0.18491361423879804 0.98275477880758488 -0
    outer loop
      vertex 20.180696487426758 79.589683532714844 50
      vertex 18 80 36.363636016845703
      vertex 18 80 45.454544067382812
    endloop
  endfacet
  facet normal 0.18491361423879807 0.98275477880758499 0
    outer loop
      vertex 20.180696487426758 79.589683532714844 37.5
      vertex 20.180696487426758 79.589683532714844 25
      vertex 18 80 27.272727966308594
    endloop
  endfacet
  facet normal 0.18491361423879804 0.98275477880758488 -0
    outer loop
      vertex 20.180696487426758 79.589683532714844 37.5
      vertex 18 80 27.272727966308594
      vertex 18 80 36.363636016845703
    endloop
  endfacet
  facet normal 0.090183903756668626 0.99592512946667222 0
    outer loop
      vertex 18 80 9.0909090042114258
      vertex 19.077770233154297 79.90240478515625 12.5
      vertex 19.077770233154297 79.90240478515625 6.25
    endloop
  endfacet
  facet normal 0.090183903756668626 0.99592512946667233 -0
    outer loop
      vertex 19.077770233154297 79.90240478515625 6.25
      vertex 18 80 0
      vertex 18 80 9.0909090042114258
    endloop
  endfacet
  facet normal 0.18488832233622027 0.98262036069983361 -0.016538893609515444
    outer loop
      vertex 18 80 0
      vertex 19.077770233154297 79.90240478515625 6.25
      vertex 20.180696487426758 79.589683532714844 0
    endloop
  endfacet
  facet normal 0.090183903756668626 0.99592512946667233 -0
    outer loop
      vertex 18 80 18.181818008422852
      vertex 19.077770233154297 79.90240478515625 12.5
      vertex 18 80 9.0909090042114258
    endloop
  endfacet
  facet normal 0.18491361423879807 0.98275477880758499 -0
    outer loop
      vertex 18 80 18.181818008422852
      vertex 18 80 27.272727966308594
      vertex 20.180696487426758 79.589683532714844 25
    endloop
  endfacet
  facet normal 0.15009145588159922 0.98860535476024747 0.011489447798169022
    outer loop
      vertex 20.180696487426758 79.589683532714844 25
      vertex 19.077770233154297 79.90240478515625 12.5
      vertex 18 80 18.181818008422852
    endloop
  endfacet
  facet normal 0.18491361423879804 0.98275477880758488 -0
    outer loop
      vertex 18 80 54.545455932617188
      vertex 20.180696487426758 79.589683532714844 50
      vertex 18 80 45.454544067382812
    endloop
  endfacet
  facet normal 0.27278463651325618 0.96207512288923192 0
    outer loop
      vertex 19.077770233154297 79.90240478515625 87.5
      vertex 20.180696487426758 79.589683532714844 87.5
      vertex 20.180696487426758 79.589683532714844 75
    endloop
  endfacet
  facet normal 0.18491361423879807 0.98275477880758499 0
    outer loop
      vertex 20.180696487426758 79.589683532714844 75
      vertex 20.180696487426758 79.589683532714844 62.5
      vertex 18 80 63.636363983154297
    endloop
  endfacet
  facet normal 0.18491361423879804 0.98275477880758488 -0
    outer loop
      vertex 20.180696487426758 79.589683532714844 75
      vertex 18 80 63.636363983154297
      vertex 18 80 72.727272033691406
    endloop
  endfacet
  facet normal 0.54245268817814418 0.83986189132493716 0.019418665979015245
    outer loop
      vertex 20.180696487426758 79.589683532714844 100
      vertex 22.198221206665039 78.286598205566406 100
      vertex 21.244361877441406 79.047187805175781 93.75
    endloop
  endfacet
  facet normal 0.45434361486529584 0.89082651489004061 -0
    outer loop
      vertex 20.180696487426758 79.589683532714844 100
      vertex 21.244361877441406 79.047187805175781 93.75
      vertex 20.180696487426758 79.589683532714844 93.75
    endloop
  endfacet
  facet normal 0.62344579320809401 0.78186657616957278 0
    outer loop
      vertex 22.198221206665039 78.286598205566406 93.75
      vertex 21.244361877441406 79.047187805175781 93.75
      vertex 22.198221206665039 78.286598205566406 100
    endloop
  endfacet
  facet normal 0.27278463651325618 0.96207512288923192 0
    outer loop
      vertex 19.077770233154297 79.90240478515625 93.75
      vertex 20.180696487426758 79.589683532714844 100
      vertex 20.180696487426758 79.589683532714844 93.75
    endloop
  endfacet
  facet normal 0.15009144231435223 0.98860535680553874 -0.01148944904643134
    outer loop
      vertex 20.180696487426758 79.589683532714844 75
      vertex 18 80 81.818183898925781
      vertex 19.077770233154297 79.90240478515625 87.5
    endloop
  endfacet
  facet normal 0.18491361423879804 0.98275477880758488 -0
    outer loop
      vertex 18 80 72.727272033691406
      vertex 18 80 81.818183898925781
      vertex 20.180696487426758 79.589683532714844 75
    endloop
  endfacet
  facet normal 0.090183903756668626 0.99592512946667222 0
    outer loop
      vertex 18 80 90.909088134765625
      vertex 19.077770233154297 79.90240478515625 93.75
      vertex 19.077770233154297 79.90240478515625 87.5
    endloop
  endfacet
  facet normal 0.090183903756668626 0.99592512946667222 -0
    outer loop
      vertex 19.077770233154297 79.90240478515625 93.75
      vertex 18 80 90.909088134765625
      vertex 18 80 100
    endloop
  endfacet
  facet normal 0.090183903756668626 0.99592512946667222 -0
    outer loop
      vertex 18 80 90.909088134765625
      vertex 19.077770233154297 79.90240478515625 87.5
      vertex 18 80 81.818183898925781
    endloop
  endfacet
  facet normal 0.18488832233622027 0.98262036069983361 0.016538893609515444
    outer loop
      vertex 20.180696487426758 79.589683532714844 100
      vertex 19.077770233154297 79.90240478515625 93.75
      vertex 18 80 100
    endloop
  endfacet
  facet normal 0.18491361423879804 0.98275477880758488 -0
    outer loop
      vertex 18 80 54.545455932617188
      vertex 18 80 63.636363983154297
      vertex 20.180696487426758 79.589683532714844 62.5
    endloop
  endfacet
  facet normal 0.18491361423879807 0.98275477880758499 0
    outer loop
      vertex 18 80 54.545455932617188
      vertex 20.180696487426758 79.589683532714844 62.5
      vertex 20.180696487426758 79.589683532714844 50
    endloop
  endfacet
  facet normal 0 1 0
    outer loop
      vertex -8.25 80 75
      vertex 0.5 80 75
      vertex 0.5 80 50
    endloop
  endfacet
  facet normal -0 1 0
    outer loop
      vertex -8.25 80 75
      vertex 0.5 80 50
      vertex -8.25 80 50
    endloop
  endfacet
  facet normal 0 1 0
    outer loop
      vertex 0.5 80 75
      vertex 9.25 80 75
      vertex 9.25 80 50
    endloop
  endfacet
  facet normal -0 1 0
    outer loop
      vertex 0.5 80 75
      vertex 9.25 80 50
      vertex 0.5 80 50
    endloop
  endfacet
  facet normal 0 1 0
    outer loop
      vertex 0.5 80 50
      vertex 9.25 80 50
      vertex 9.25 80 25
    endloop
  endfacet
  facet normal -0 1 0
    outer loop
      vertex 0.5 80 50
      vertex 9.25 80 25
      vertex 0.5 80 25
    endloop
  endfacet
  facet normal 0 1 0
    outer loop
      vertex -8.25 80 50
      vertex 0.5 80 50
      vertex 0.5 80 25
    endloop
  endfacet
  facet normal -0 1 0
    outer loop
      vertex -8.25 80 50
      vertex 0.5 80 25
      vertex -8.25 80 25
    endloop
  endfacet
  facet normal -0 1 -0
    outer loop
      vertex 9.25 80 25
      vertex 18 80 9.0909090042114258
      vertex 18 80 0
    endloop
  endfacet
  facet normal 0 1 0
    outer loop
      vertex 9.25 80 25
      vertex 18 80 27.272727966308594
      vertex 18 80 18.181818008422852
    endloop
  endfacet
  facet normal -0 1 -0
    outer loop
      vertex 18 80 18.181818008422852
      vertex 18 80 9.0909090042114258
      vertex 9.25 80 25
    endloop
  endfacet
  facet normal 0 1 -0
    outer loop
      vertex 9.25 80 25
      vertex 9.25 80 50
      vertex 18 80 45.454544067382812
    endloop
  endfacet
  facet normal 0 1 -0
    outer loop
      vertex 9.25 80 25
      vertex 18 80 45.454544067382812
      vertex 18 80 36.363636016845703
    endloop
  endfacet
  facet normal 0 1 0
    outer loop
      vertex 18 80 0
      vertex 0.5 80 25
      vertex 9.25 80 25
    endloop
  endfacet
  facet normal -0 1 0
    outer loop
      vertex 18 80 27.272727966308594
      vertex 9.25 80 25
      vertex 18 80 36.363636016845703
    endloop
  endfacet
  facet normal 0 1 -0
    outer loop
      vertex 0.5 80 25
      vertex 18 80 0
      vertex -17 80 0
    endloop
  endfacet
  facet normal 0 1 -0
    outer loop
      vertex 9.25 80 50
      vertex 18 80 63.636363983154297
      vertex 18 80 54.545455932617188
    endloop
  endfacet
  facet normal 0 1 0
    outer loop
      vertex 9.25 80 75
      vertex 18 80 81.818183898925781
      vertex 18 80 72.727272033691406
    endloop
  endfacet
  facet normal 0 1 0
    outer loop
      vertex 18 80 72.727272033691406
      vertex 18 80 63.636363983154297
      vertex 9.25 80 75
    endloop
  endfacet
  facet normal -0 1 0
    outer loop
      vertex 18 80 81.818183898925781
      vertex 9.25 80 75
      vertex 18 80 90.909088134765625
    endloop
  endfacet
  facet normal 0 1 -0
    outer loop
      vertex 9.25 80 75
      vertex 18 80 100
      vertex 18 80 90.909088134765625
    endloop
  endfacet
  facet normal -0 1 0
    outer loop
      vertex 18 80 100
      vertex 9.25 80 75
      vertex 0.5 80 75
    endloop
  endfacet
  facet normal 0 1 -0
    outer loop
      vertex 9.25 80 50
      vertex 9.25 80 75
      vertex 18 80 63.636363983154297
    endloop
  endfacet
  facet normal 0 1 0
    outer loop
      vertex 9.25 80 50
      vertex 18 80 54.545455932617188
      vertex 18 80 45.454544067382812
    endloop
  endfacet
  facet normal -0 1 0
    outer loop
      vertex -8.25 80 25
      vertex -17 80 0
      vertex -17 80 9.0909090042114258
    endloop
  endfacet
  facet normal -0 1 0
    outer loop
      vertex -8.25 80 50
      vertex -8.25 80 25
      vertex -17 80 36.363636016845703
    endloop
  endfacet
  facet normal -0 1 0
    outer loop
      vertex -8.25 80 50
      vertex -17 80 36.363636016845703
      vertex -17 80 45.454544067382812
    endloop
  endfacet
  facet normal -0 1 0
    outer loop
      vertex -17 80 18.181818008422852
      vertex -8.25 80 25
      vertex -17 80 9.0909090042114258
    endloop
  endfacet
  facet normal -0 1 0
    outer loop
      vertex 0.5 80 25
      vertex -17 80 0
      vertex -8.25 80 25
    endloop
  endfacet
  facet normal -0 1 -0
    outer loop
      vertex -8.25 80 25
      vertex -17 80 18.181818008422852
      vertex -17 80 27.272727966308594
    endloop
  endfacet
  facet normal -0 1 0
    outer loop
      vertex -8.25 80 25
      vertex -17 80 27.272727966308594
      vertex -17 80 36.363636016845703
    endloop
  endfacet
  facet normal -0 1 -0
    outer loop
      vertex -17 80 54.545455932617188
      vertex -8.25 80 50
      vertex -17 80 45.454544067382812
    endloop
  endfacet
  facet normal -0 1 0
    outer loop
      vertex -8.25 80 75
      vertex -8.25 80 50
      vertex -17 80 54.545455932617188
    endloop
  endfacet
  facet normal -0 1 0
    outer loop
      vertex -8.25 80 75
      vertex -17 80 54.545455932617188
      vertex -17 80 63.636363983154297
    endloop
  endfacet
  facet normal -0 1 0
    outer loop
      vertex -17 80 100
      vertex 0.5 80 75
      vertex -8.25 80 75
    endloop
  endfacet
  facet normal 0 1 0
    outer loop
      vertex -8.25 80 75
      vertex -17 80 63.636363983154297
      vertex -17 80 72.727272033691406
    endloop
  endfacet
  facet normal -0 1 -0
    outer loop
      vertex -8.25 80 75
      vertex -17 80 72.727272033691406
      vertex -17 80 81.818183898925781
    endloop
  endfacet
  facet normal 0 1 0
    outer loop
      vertex -8.25 80 75
      vertex -17 80 90.909088134765625
      vertex -17 80 100
    endloop
  endfacet
  facet normal -0 1 0
    outer loop
      vertex -8.25 80 75
      vertex -17 80 81.818183898925781
      vertex -17 80 90.909088134765625
    endloop
  endfacet
  facet normal -0 1 0
    outer loop
      vertex 18 80 100
      vertex 0.5 80 75
      vertex -17 80 100
    endloop
  endfacet
  facet normal -0.28534763643227445 0.95842408483015207 0
    outer loop
      vertex -19.279462814331055 79.550140380859375 12.5
      vertex -18.127490997314453 79.893112182617188 12.5
      vertex -18.127490997314453 79.893112182617188 6.25
    endloop
  endfacet
  facet normal -0.28534763643227445 0.95842408483015207 0
    outer loop
      vertex -19.279462814331055 79.550140380859375 12.5
      vertex -18.127490997314453 79.893112182617188 6.25
      vertex -19.279462814331055 79.550140380859375 6.25
    endloop
  endfacet
  facet normal -0.28534763643227445 0.95842408483015207 0
    outer loop
      vertex -19.279462814331055 79.550140380859375 93.75
      vertex -18.127490997314453 79.893112182617188 93.75
      vertex -18.127490997314453 79.893112182617188 87.5
    endloop
  endfacet
  facet normal -0.28534763643227445 0.95842408483015207 0
    outer loop
      vertex -19.279462814331055 79.550140380859375 93.75
      vertex -18.127490997314453 79.893112182617188 87.5
      vertex -19.279462814331055 79.550140380859375 87.5
    endloop
  endfacet
  facet normal -0.55865028598475097 0.82940331441895987 0
    outer loop
      vertex -21.286600112915039 78.198219299316406 25
      vertex -19.279462814331055 79.550140380859375 25
      vertex -19.279462814331055 79.550140380859375 12.5
    endloop
  endfacet
  facet normal -0.55865028598475097 0.82940331441895987 -1.1510283204604342e-17
    outer loop
      vertex -21.286600112915039 78.198219299316406 25
      vertex -19.279462814331055 79.550140380859375 12.5
      vertex -21.286600112915039 78.198219299316406 12.5
    endloop
  endfacet
  facet normal -0.55865028598475097 0.82940331441895987 0
    outer loop
      vertex -21.286600112915039 78.198219299316406 37.5
      vertex -19.279462814331055 79.550140380859375 37.5
      vertex -19.279462814331055 79.550140380859375 25
    endloop
  endfacet
  facet normal -0.55865028598475097 0.82940331441895987 -1.1510283204604342e-17
    outer loop
      vertex -21.286600112915039 78.198219299316406 37.5
      vertex -19.279462814331055 79.550140380859375 25
      vertex -21.286600112915039 78.198219299316406 25
    endloop
  endfacet
  facet normal -0.55865028598475097 0.82940331441895987 0
    outer loop
      vertex -21.286600112915039 78.198219299316406 50
      vertex -19.279462814331055 79.550140380859375 50
      vertex -19.279462814331055 79.550140380859375 37.5
    endloop
  endfacet
  facet normal -0.55865028598475097 0.82940331441895987 -1.1510283204604342e-17
    outer loop
      vertex -21.286600112915039 78.198219299316406 50
      vertex -19.279462814331055 79.550140380859375 37.5
      vertex -21.286600112915039 78.198219299316406 37.5
    endloop
  endfacet
  facet normal -0.55865028598475097 0.82940331441895987 0
    outer loop
      vertex -21.286600112915039 78.198219299316406 62.5
      vertex -19.279462814331055 79.550140380859375 62.5
      vertex -19.279462814331055 79.550140380859375 50
    endloop
  endfacet
  facet normal -0.55865028598475097 0.82940331441895987 -1.1510283204604342e-17
    outer loop
      vertex -21.286600112915039 78.198219299316406 62.5
      vertex -19.279462814331055 79.550140380859375 50
      vertex -21.286600112915039 78.198219299316406 50
    endloop
  endfacet
  facet normal -0.55865028598475097 0.82940331441895987 0
    outer loop
      vertex -21.286600112915039 78.198219299316406 75
      vertex -19.279462814331055 79.550140380859375 75
      vertex -19.279462814331055 79.550140380859375 62.5
    endloop
  endfacet
  facet normal -0.55865028598475097 0.82940331441895987 -1.1510283204604342e-17
    outer loop
      vertex -21.286600112915039 78.198219299316406 75
      vertex -19.279462814331055 79.550140380859375 62.5
      vertex -21.286600112915039 78.198219299316406 62.5
    endloop
  endfacet
  facet normal -0.55865028598475097 0.82940331441895987 0
    outer loop
      vertex -21.286600112915039 78.198219299316406 87.5
      vertex -19.279462814331055 79.550140380859375 87.5
      vertex -19.279462814331055 79.550140380859375 75
    endloop
  endfacet
  facet normal -0.55865028598475097 0.82940331441895987 -1.1510283204604342e-17
    outer loop
      vertex -21.286600112915039 78.198219299316406 87.5
      vertex -19.279462814331055 79.550140380859375 75
      vertex -21.286600112915039 78.198219299316406 75
    endloop
  endfacet
  facet normal -0.89082684464103978 0.45434296832556847 -0
    outer loop
      vertex -22.589683532714844 76.180694580078125 12.5
      vertex -22.047187805175781 77.244361877441406 12.5
      vertex -22.047187805175781 77.244361877441406 6.25
    endloop
  endfacet
  facet normal -0.89082684464103978 0.45434296832556847 0
    outer loop
      vertex -22.589683532714844 76.180694580078125 12.5
      vertex -22.047187805175781 77.244361877441406 6.25
      vertex -22.589683532714844 76.180694580078125 6.25
    endloop
  endfacet
  facet normal -0.78186673058480538 0.62344559955510759 -0
    outer loop
      vertex -22.047187805175781 77.244361877441406 12.5
      vertex -21.286600112915039 78.198219299316406 12.5
      vertex -21.286600112915039 78.198219299316406 6.25
    endloop
  endfacet
  facet normal -0.78186673058480538 0.62344559955510759 0
    outer loop
      vertex -22.047187805175781 77.244361877441406 12.5
      vertex -21.286600112915039 78.198219299316406 6.25
      vertex -22.047187805175781 77.244361877441406 6.25
    endloop
  endfacet
  facet normal -0.89082684464103978 0.45434296832556847 0
    outer loop
      vertex -22.047187805175781 77.244361877441406 12.5
      vertex -22.589683532714844 76.180694580078125 12.5
      vertex -22.589683532714844 76.180694580078125 25
    endloop
  endfacet
  facet normal -0.78186673058480538 0.62344559955510759 -0
    outer loop
      vertex -21.286600112915039 78.198219299316406 25
      vertex -21.286600112915039 78.198219299316406 12.5
      vertex -22.047187805175781 77.244361877441406 12.5
    endloop
  endfacet
  facet normal -0.83998104040037036 0.54252885045451482 0.0097107256378835168
    outer loop
      vertex -22.589683532714844 76.180694580078125 25
      vertex -21.286600112915039 78.198219299316406 25
      vertex -22.047187805175781 77.244361877441406 12.5
    endloop
  endfacet
  facet normal -0.84002064754844008 0.54255443200871489 -0
    outer loop
      vertex -22.589683532714844 76.180694580078125 37.5
      vertex -21.286600112915039 78.198219299316406 37.5
      vertex -21.286600112915039 78.198219299316406 25
    endloop
  endfacet
  facet normal -0.84002064754844008 0.54255443200871489 0
    outer loop
      vertex -22.589683532714844 76.180694580078125 37.5
      vertex -21.286600112915039 78.198219299316406 25
      vertex -22.589683532714844 76.180694580078125 25
    endloop
  endfacet
  facet normal -0.84002064754844008 0.54255443200871489 -0
    outer loop
      vertex -22.589683532714844 76.180694580078125 50
      vertex -21.286600112915039 78.198219299316406 50
      vertex -21.286600112915039 78.198219299316406 37.5
    endloop
  endfacet
  facet normal -0.84002064754844008 0.54255443200871489 0
    outer loop
      vertex -22.589683532714844 76.180694580078125 50
      vertex -21.286600112915039 78.198219299316406 37.5
      vertex -22.589683532714844 76.180694580078125 37.5
    endloop
  endfacet
  facet normal -0.84002064754844008 0.54255443200871489 -0
    outer loop
      vertex -22.589683532714844 76.180694580078125 62.5
      vertex -21.286600112915039 78.198219299316406 62.5
      vertex -21.286600112915039 78.198219299316406 50
    endloop
  endfacet
  facet normal -0.84002064754844008 0.54255443200871489 0
    outer loop
      vertex -22.589683532714844 76.180694580078125 62.5
      vertex -21.286600112915039 78.198219299316406 50
      vertex -22.589683532714844 76.180694580078125 50
    endloop
  endfacet
  facet normal -0.84002064754844008 0.54255443200871489 -0
    outer loop
      vertex -22.589683532714844 76.180694580078125 75
      vertex -21.286600112915039 78.198219299316406 75
      vertex -21.286600112915039 78.198219299316406 62.5
    endloop
  endfacet
  facet normal -0.84002064754844008 0.54255443200871489 0
    outer loop
      vertex -22.589683532714844 76.180694580078125 75
      vertex -21.286600112915039 78.198219299316406 62.5
      vertex -22.589683532714844 76.180694580078125 62.5
    endloop
  endfacet
  facet normal -0.78186673058480538 0.62344559955510759 -0
    outer loop
      vertex -22.047187805175781 77.244361877441406 87.5
      vertex -21.286600112915039 78.198219299316406 87.5
      vertex -21.286600112915039 78.198219299316406 75
    endloop
  endfacet
  facet normal -0.89082684464103978 0.45434296832556847 0
    outer loop
      vertex -22.589683532714844 76.180694580078125 75
      vertex -22.589683532714844 76.180694580078125 87.5
      vertex -22.047187805175781 77.244361877441406 87.5
    endloop
  endfacet
  facet normal -0.83998104040037036 0.54252885045451482 -0.0097107256378835202
    outer loop
      vertex -21.286600112915039 78.198219299316406 75
      vertex -22.589683532714844 76.180694580078125 75
      vertex -22.047187805175781 77.244361877441406 87.5
    endloop
  endfacet
  facet normal -0.78186673058480538 0.62344559955510759 -0
    outer loop
      vertex -22.047187805175781 77.244361877441406 93.75
      vertex -21.286600112915039 78.198219299316406 93.75
      vertex -21.286600112915039 78.198219299316406 87.5
    endloop
  endfacet
  facet normal -0.78186673058480538 0.62344559955510759 0
    outer loop
      vertex -22.047187805175781 77.244361877441406 93.75
      vertex -21.286600112915039 78.198219299316406 87.5
      vertex -22.047187805175781 77.244361877441406 87.5
    endloop
  endfacet
  facet normal -0.89082684464103978 0.45434296832556847 -0
    outer loop
      vertex -22.589683532714844 76.180694580078125 93.75
      vertex -22.047187805175781 77.244361877441406 93.75
      vertex -22.047187805175781 77.244361877441406 87.5
    endloop
  endfacet
  facet normal -0.89082684464103978 0.45434296832556847 0
    outer loop
      vertex -22.589683532714844 76.180694580078125 93.75
      vertex -22.047187805175781 77.244361877441406 87.5
      vertex -22.589683532714844 76.180694580078125 87.5
    endloop
  endfacet
  facet normal -0.96207481005463991 0.27278573983683341 0
    outer loop
      vertex -22.902406692504883 75.077766418457031 12.5
      vertex -22.589683532714844 76.180694580078125 12.5
      vertex -22.589683532714844 76.180694580078125 6.25
    endloop
  endfacet
  facet normal -0.96207481005463991 0.27278573983683341 0
    outer loop
      vertex -22.902406692504883 75.077766418457031 12.5
      vertex -22.589683532714844 76.180694580078125 6.25
      vertex -22.902406692504883 75.077766418457031 6.25
    endloop
  endfacet
  facet normal -0.96207481005463991 0.27278573983683341 0
    outer loop
      vertex -22.902406692504883 75.077766418457031 93.75
      vertex -22.589683532714844 76.180694580078125 93.75
      vertex -22.589683532714844 76.180694580078125 87.5
    endloop
  endfacet
  facet normal -0.96207481005463991 0.27278573983683341 0
    outer loop
      vertex -22.902406692504883 75.077766418457031 93.75
      vertex -22.589683532714844 76.180694580078125 87.5
      vertex -22.902406692504883 75.077766418457031 87.5
    endloop
  endfacet
  facet normal -0.09437832638351637 0.99553640390949372 0
    outer loop
      vertex -17 80 9.0909090042114258
      vertex -17 80 0
      vertex -18.127490997314453 79.893112182617188 6.25
    endloop
  endfacet
  facet normal -0.19358691519454849 0.9809152805713186 -0.018147137712322011
    outer loop
      vertex -19.279462814331055 79.550140380859375 0
      vertex -18.127490997314453 79.893112182617188 6.25
      vertex -17 80 0
    endloop
  endfacet
  facet normal -0.094378326383516356 0.99553640390949372 -0
    outer loop
      vertex -18.127490997314453 79.893112182617188 12.5
      vertex -17 80 9.0909090042114258
      vertex -18.127490997314453 79.893112182617188 6.25
    endloop
  endfacet
  facet normal -0.19361879895633882 0.98107683730210693 0
    outer loop
      vertex -17 80 18.181818008422852
      vertex -19.279462814331055 79.550140380859375 25
      vertex -17 80 27.272727966308594
    endloop
  endfacet
  facet normal -0.15716483765557657 0.9874918666864142 0.012610592090672904
    outer loop
      vertex -17 80 18.181818008422852
      vertex -18.127490997314453 79.893112182617188 12.5
      vertex -19.279462814331055 79.550140380859375 25
    endloop
  endfacet
  facet normal -0.19361879895633879 0.98107683730210693 -6.8075880856201735e-18
    outer loop
      vertex -17 80 36.363636016845703
      vertex -17 80 27.272727966308594
      vertex -19.279462814331055 79.550140380859375 25
    endloop
  endfacet
  facet normal -0.19361879895633882 0.98107683730210693 -0
    outer loop
      vertex -17 80 36.363636016845703
      vertex -19.279462814331055 79.550140380859375 25
      vertex -19.279462814331055 79.550140380859375 37.5
    endloop
  endfacet
  facet normal -0.09437832638351637 0.99553640390949372 0
    outer loop
      vertex -18.127490997314453 79.893112182617188 12.5
      vertex -17 80 18.181818008422852
      vertex -17 80 9.0909090042114258
    endloop
  endfacet
  facet normal -0.28534763643227445 0.95842408483015207 0
    outer loop
      vertex -18.127490997314453 79.893112182617188 6.25
      vertex -19.279462814331055 79.550140380859375 0
      vertex -19.279462814331055 79.550140380859375 6.25
    endloop
  endfacet
  facet normal -0.55865028598475097 0.82940331441895987 0
    outer loop
      vertex -19.279462814331055 79.550140380859375 6.25
      vertex -19.279462814331055 79.550140380859375 0
      vertex -21.286600112915039 78.198219299316406 0
    endloop
  endfacet
  facet normal -0.55865028598475097 0.82940331441895987 2.3020566409208683e-17
    outer loop
      vertex -19.279462814331055 79.550140380859375 6.25
      vertex -21.286600112915039 78.198219299316406 0
      vertex -21.286600112915039 78.198219299316406 6.25
    endloop
  endfacet
  facet normal -0.78186673058480538 0.62344559955510759 -0
    outer loop
      vertex -22.047187805175781 77.244361877441406 6.25
      vertex -21.286600112915039 78.198219299316406 6.25
      vertex -21.286600112915039 78.198219299316406 0
    endloop
  endfacet
  facet normal -0.55865028598475097 0.82940331441895987 -0
    outer loop
      vertex -21.286600112915039 78.198219299316406 6.25
      vertex -21.286600112915039 78.198219299316406 12.5
      vertex -19.279462814331055 79.550140380859375 12.5
    endloop
  endfacet
  facet normal -0.55865028598475097 0.82940331441895987 2.3020566409208683e-17
    outer loop
      vertex -21.286600112915039 78.198219299316406 6.25
      vertex -19.279462814331055 79.550140380859375 12.5
      vertex -19.279462814331055 79.550140380859375 6.25
    endloop
  endfacet
  facet normal -0.28534763643227445 0.95842408483015207 -0
    outer loop
      vertex -18.127490997314453 79.893112182617188 12.5
      vertex -19.279462814331055 79.550140380859375 12.5
      vertex -19.279462814331055 79.550140380859375 25
    endloop
  endfacet
  facet normal -0.19361879895633882 0.98107683730210693 0
    outer loop
      vertex -17 80 45.454544067382812
      vertex -17 80 36.363636016845703
      vertex -19.279462814331055 79.550140380859375 37.5
    endloop
  endfacet
  facet normal -0.19361879895633882 0.98107683730210693 -0
    outer loop
      vertex -17 80 45.454544067382812
      vertex -19.279462814331055 79.550140380859375 37.5
      vertex -19.279462814331055 79.550140380859375 50
    endloop
  endfacet
  facet normal -0.19361879895633882 0.98107683730210693 0
    outer loop
      vertex -17 80 63.636363983154297
      vertex -17 80 54.545455932617188
      vertex -19.279462814331055 79.550140380859375 50
    endloop
  endfacet
  facet normal -0.19361879895633882 0.98107683730210693 0
    outer loop
      vertex -17 80 63.636363983154297
      vertex -19.279462814331055 79.550140380859375 50
      vertex -19.279462814331055 79.550140380859375 62.5
    endloop
  endfacet
  facet normal -0.19361879895633882 0.98107683730210693 0
    outer loop
      vertex -17 80 72.727272033691406
      vertex -19.279462814331055 79.550140380859375 75
      vertex -17 80 81.818183898925781
    endloop
  endfacet
  facet normal -0.19361879895633882 0.98107683730210693 0
    outer loop
      vertex -17 80 72.727272033691406
      vertex -17 80 63.636363983154297
      vertex -19.279462814331055 79.550140380859375 62.5
    endloop
  endfacet
  facet normal -0.19361879895633882 0.98107683730210693 -0
    outer loop
      vertex -17 80 72.727272033691406
      vertex -19.279462814331055 79.550140380859375 62.5
      vertex -19.279462814331055 79.550140380859375 75
    endloop
  endfacet
  facet normal -0.094378326383516356 0.99553640390949361 0
    outer loop
      vertex -18.127490997314453 79.893112182617188 87.5
      vertex -17 80 90.909088134765625
      vertex -17 80 81.818183898925781
    endloop
  endfacet
  facet normal -0.094378326383516356 0.99553640390949372 -0
    outer loop
      vertex -18.127490997314453 79.893112182617188 87.5
      vertex -18.127490997314453 79.893112182617188 93.75
      vertex -17 80 90.909088134765625
    endloop
  endfacet
  facet normal -0.09437832638351637 0.99553640390949372 0
    outer loop
      vertex -17 80 100
      vertex -17 80 90.909088134765625
      vertex -18.127490997314453 79.893112182617188 93.75
    endloop
  endfacet
  facet normal -0.15716482344513388 0.98749186893057495 -0.012610593461849973
    outer loop
      vertex -19.279462814331055 79.550140380859375 75
      vertex -18.127490997314453 79.893112182617188 87.5
      vertex -17 80 81.818183898925781
    endloop
  endfacet
  facet normal -0.19361879895633882 0.98107683730210693 0
    outer loop
      vertex -19.279462814331055 79.550140380859375 50
      vertex -17 80 54.545455932617188
      vertex -17 80 45.454544067382812
    endloop
  endfacet
  facet normal -0.28534763643227445 0.95842408483015207 -0
    outer loop
      vertex -19.279462814331055 79.550140380859375 75
      vertex -19.279462814331055 79.550140380859375 87.5
      vertex -18.127490997314453 79.893112182617188 87.5
    endloop
  endfacet
  facet normal -0.28534763643227445 0.95842408483015207 0
    outer loop
      vertex -19.279462814331055 79.550140380859375 100
      vertex -18.127490997314453 79.893112182617188 93.75
      vertex -19.279462814331055 79.550140380859375 93.75
    endloop
  endfacet
  facet normal -0.55865028598475097 0.82940331441895987 -0
    outer loop
      vertex -21.286600112915039 78.198219299316406 87.5
      vertex -21.286600112915039 78.198219299316406 93.75
      vertex -19.279462814331055 79.550140380859375 93.75
    endloop
  endfacet
  facet normal -0.55865028598475097 0.82940331441895987 2.3020566409208683e-17
    outer loop
      vertex -21.286600112915039 78.198219299316406 87.5
      vertex -19.279462814331055 79.550140380859375 93.75
      vertex -19.279462814331055 79.550140380859375 87.5
    endloop
  endfacet
  facet normal -0.55865028598475097 0.82940331441895987 0
    outer loop
      vertex -19.279462814331055 79.550140380859375 100
      vertex -19.279462814331055 79.550140380859375 93.75
      vertex -21.286600112915039 78.198219299316406 93.75
    endloop
  endfacet
  facet normal -0.55865028598475097 0.82940331441895987 2.3020566409208683e-17
    outer loop
      vertex -19.279462814331055 79.550140380859375 100
      vertex -21.286600112915039 78.198219299316406 93.75
      vertex -21.286600112915039 78.198219299316406 100
    endloop
  endfacet
  facet normal -0.19358691519454849 0.9809152805713186 0.018147137712322008
    outer loop
      vertex -17 80 100
      vertex -18.127490997314453 79.893112182617188 93.75
      vertex -19.279462814331055 79.550140380859375 100
    endloop
  endfacet
  facet normal -0.89082684464103978 0.45434296832556847 0
    outer loop
      vertex -22.589683532714844 76.180694580078125 6.25
      vertex -22.047187805175781 77.244361877441406 6.25
      vertex -22.589683532714844 76.180694580078125 0
    endloop
  endfacet
  facet normal -0.83986225256244451 0.54245212749761673 -0.019418704746862851
    outer loop
      vertex -21.286600112915039 78.198219299316406 0
      vertex -22.589683532714844 76.180694580078125 0
      vertex -22.047187805175781 77.244361877441406 6.25
    endloop
  endfacet
  facet normal -0.96207481005463991 0.27278573983683341 0
    outer loop
      vertex -22.902406692504883 75.077766418457031 6.25
      vertex -22.589683532714844 76.180694580078125 6.25
      vertex -22.589683532714844 76.180694580078125 0
    endloop
  endfacet
  facet normal -0.96207481005463991 0.27278573983683341 0
    outer loop
      vertex -22.902406692504883 75.077766418457031 12.5
      vertex -22.589683532714844 76.180694580078125 25
      vertex -22.589683532714844 76.180694580078125 12.5
    endloop
  endfacet
  facet normal -0.98275474941631513 0.1849137704436194 0
    outer loop
      vertex -22.589683532714844 76.180694580078125 50
      vertex -22.589683532714844 76.180694580078125 37.5
      vertex -23 74 36.363636016845703
    endloop
  endfacet
  facet normal -0.98275474941631513 0.1849137704436194 0
    outer loop
      vertex -22.589683532714844 76.180694580078125 50
      vertex -23 74 36.363636016845703
      vertex -23 74 45.454544067382812
    endloop
  endfacet
  facet normal -0.98275474941631513 0.1849137704436194 -0
    outer loop
      vertex -22.589683532714844 76.180694580078125 37.5
      vertex -22.589683532714844 76.180694580078125 25
      vertex -23 74 27.272727966308594
    endloop
  endfacet
  facet normal -0.98275474941631513 0.1849137704436194 0
    outer loop
      vertex -22.589683532714844 76.180694580078125 37.5
      vertex -23 74 27.272727966308594
      vertex -23 74 36.363636016845703
    endloop
  endfacet
  facet normal -0.9959252590986829 0.090182472184019938 0
    outer loop
      vertex -23 74 9.0909090042114258
      vertex -22.902406692504883 75.077766418457031 12.5
      vertex -22.902406692504883 75.077766418457031 6.25
    endloop
  endfacet
  facet normal -0.9959252590986829 0.090182472184019938 0
    outer loop
      vertex -22.902406692504883 75.077766418457031 6.25
      vertex -23 74 0
      vertex -23 74 9.0909090042114258
    endloop
  endfacet
  facet normal -0.9826203278279797 0.18488847786401813 -0.016539107967488968
    outer loop
      vertex -23 74 0
      vertex -22.902406692504883 75.077766418457031 6.25
      vertex -22.589683532714844 76.180694580078125 0
    endloop
  endfacet
  facet normal -0.9959252590986829 0.090182472184019938 0
    outer loop
      vertex -23 74 18.181818008422852
      vertex -22.902406692504883 75.077766418457031 12.5
      vertex -23 74 9.0909090042114258
    endloop
  endfacet
  facet normal -0.98275474941631513 0.1849137704436194 0
    outer loop
      vertex -23 74 18.181818008422852
      vertex -23 74 27.272727966308594
      vertex -22.589683532714844 76.180694580078125 25
    endloop
  endfacet
  facet normal -0.98860540800731334 0.15009109281077232 0.011489609112646541
    outer loop
      vertex -22.589683532714844 76.180694580078125 25
      vertex -22.902406692504883 75.077766418457031 12.5
      vertex -23 74 18.181818008422852
    endloop
  endfacet
  facet normal -0.98275474941631513 0.1849137704436194 0
    outer loop
      vertex -23 74 54.545455932617188
      vertex -22.589683532714844 76.180694580078125 50
      vertex -23 74 45.454544067382812
    endloop
  endfacet
  facet normal -0.96207481005463991 0.27278573983683341 0
    outer loop
      vertex -22.902406692504883 75.077766418457031 87.5
      vertex -22.589683532714844 76.180694580078125 87.5
      vertex -22.589683532714844 76.180694580078125 75
    endloop
  endfacet
  facet normal -0.98275474941631513 0.1849137704436194 -0
    outer loop
      vertex -22.589683532714844 76.180694580078125 75
      vertex -22.589683532714844 76.180694580078125 62.5
      vertex -23 74 63.636363983154297
    endloop
  endfacet
  facet normal -0.98275474941631524 0.18491377044361942 0
    outer loop
      vertex -22.589683532714844 76.180694580078125 75
      vertex -23 74 63.636363983154297
      vertex -23 74 72.727272033691406
    endloop
  endfacet
  facet normal -0.83986225256244462 0.54245212749761673 0.019418704746862848
    outer loop
      vertex -22.589683532714844 76.180694580078125 100
      vertex -21.286600112915039 78.198219299316406 100
      vertex -22.047187805175781 77.244361877441406 93.75
    endloop
  endfacet
  facet normal -0.78186673058480538 0.62344559955510759 0
    outer loop
      vertex -21.286600112915039 78.198219299316406 93.75
      vertex -22.047187805175781 77.244361877441406 93.75
      vertex -21.286600112915039 78.198219299316406 100
    endloop
  endfacet
  facet normal -0.89082684464103978 0.45434296832556847 0
    outer loop
      vertex -22.047187805175781 77.244361877441406 93.75
      vertex -22.589683532714844 76.180694580078125 93.75
      vertex -22.589683532714844 76.180694580078125 100
    endloop
  endfacet
  facet normal -0.96207481005463991 0.27278573983683341 0
    outer loop
      vertex -22.902406692504883 75.077766418457031 93.75
      vertex -22.589683532714844 76.180694580078125 100
      vertex -22.589683532714844 76.180694580078125 93.75
    endloop
  endfacet
  facet normal -0.98860541005263225 0.15009107924330797 -0.011489610360931109
    outer loop
      vertex -22.589683532714844 76.180694580078125 75
      vertex -23 74 81.818183898925781
      vertex -22.902406692504883 75.077766418457031 87.5
    endloop
  endfacet
  facet normal -0.98275474941631513 0.1849137704436194 0
    outer loop
      vertex -23 74 72.727272033691406
      vertex -23 74 81.818183898925781
      vertex -22.589683532714844 76.180694580078125 75
    endloop
  endfacet
  facet normal -0.9959252590986829 0.090182472184019938 0
    outer loop
      vertex -23 74 90.909088134765625
      vertex -22.902406692504883 75.077766418457031 93.75
      vertex -22.902406692504883 75.077766418457031 87.5
    endloop
  endfacet
  facet normal -0.99592525909868279 0.090182472184019938 0
    outer loop
      vertex -22.902406692504883 75.077766418457031 93.75
      vertex -23 74 90.909088134765625
      vertex -23 74 100
    endloop
  endfacet
  facet normal -0.99592525909868268 0.090182472184019924 0
    outer loop
      vertex -23 74 90.909088134765625
      vertex -22.902406692504883 75.077766418457031 87.5
      vertex -23 74 81.818183898925781
    endloop
  endfacet
  facet normal -0.9826203278279797 0.18488847786401813 0.016539107967488968
    outer loop
      vertex -22.589683532714844 76.180694580078125 100
      vertex -22.902406692504883 75.077766418457031 93.75
      vertex -23 74 100
    endloop
  endfacet
  facet normal -0.98275474941631513 0.1849137704436194 0
    outer loop
      vertex -23 74 54.545455932617188
      vertex -23 74 63.636363983154297
      vertex -22.589683532714844 76.180694580078125 62.5
    endloop
  endfacet
  facet normal -0.98275474941631513 0.1849137704436194 -0
    outer loop
      vertex -23 74 54.545455932617188
      vertex -22.589683532714844 76.180694580078125 62.5
      vertex -22.589683532714844 76.180694580078125 50
    endloop
  endfacet
  facet normal -1 -0 -0
    outer loop
      vertex -23 35.75 75
      vertex -23 48.5 75
      vertex -23 48.5 50
    endloop
  endfacet
  facet normal -1 0 0
    outer loop
      vertex -23 35.75 75
      vertex -23 48.5 50
      vertex -23 35.75 50
    endloop
  endfacet
  facet normal -1 -0 -0
    outer loop
      vertex -23 48.5 75
      vertex -23 61.25 75
      vertex -23 61.25 50
    endloop
  endfacet
  facet normal -1 0 0
    outer loop
      vertex -23 48.5 75
      vertex -23 61.25 50
      vertex -23 48.5 50
    endloop
  endfacet
  facet normal -1 -0 -0
    outer loop
      vertex -23 48.5 50
      vertex -23 61.25 50
      vertex -23 61.25 25
    endloop
  endfacet
  facet normal -1 0 0
    outer loop
      vertex -23 48.5 50
      vertex -23 61.25 25
      vertex -23 48.5 25
    endloop
  endfacet
  facet normal -1 -0 -0
    outer loop
      vertex -23 35.75 50
      vertex -23 48.5 50
      vertex -23 48.5 25
    endloop
  endfacet
  facet normal -1 0 0
    outer loop
      vertex -23 35.75 50
      vertex -23 48.5 25
      vertex -23 35.75 25
    endloop
  endfacet
  facet normal -1 0 0
    outer loop
      vertex -23 61.25 25
      vertex -23 74 9.0909090042114258
      vertex -23 74 0
    endloop
  endfacet
  facet normal -1 0 0
    outer loop
      vertex -23 61.25 25
      vertex -23 74 27.272727966308594
      vertex -23 74 18.181818008422852
    endloop
  endfacet
  facet normal -1 0 0
    outer loop
      vertex -23 74 18.181818008422852
      vertex -23 74 9.0909090042114258
      vertex -23 61.25 25
    endloop
  endfacet
  facet normal -1 -0 0
    outer loop
      vertex -23 61.25 25
      vertex -23 61.25 50
      vertex -23 74 45.454544067382812
    endloop
  endfacet
  facet normal -1 0 0
    outer loop
      vertex -23 61.25 25
      vertex -23 74 45.454544067382812
      vertex -23 74 36.363636016845703
    endloop
  endfacet
  facet normal -1 -0 -0
    outer loop
      vertex -23 74 0
      vertex -23 48.5 25
      vertex -23 61.25 25
    endloop
  endfacet
  facet normal -1 0 -0
    outer loop
      vertex -23 74 27.272727966308594
      vertex -23 61.25 25
      vertex -23 74 36.363636016845703
    endloop
  endfacet
  facet normal -1 -0 0
    outer loop
      vertex -23 48.5 25
      vertex -23 74 0
      vertex -23 23 0
    endloop
  endfacet
  facet normal -1 -0 0
    outer loop
      vertex -23 61.25 50
      vertex -23 74 63.636363983154297
      vertex -23 74 54.545455932617188
    endloop
  endfacet
  facet normal -1 0 0
    outer loop
      vertex -23 61.25 75
      vertex -23 74 81.818183898925781
      vertex -23 74 72.727272033691406
    endloop
  endfacet
  facet normal -1 0 0
    outer loop
      vertex -23 74 72.727272033691406
      vertex -23 74 63.636363983154297
      vertex -23 61.25 75
    endloop
  endfacet
  facet normal -1 0 0
    outer loop
      vertex -23 74 81.818183898925781
      vertex -23 61.25 75
      vertex -23 74 90.909088134765625
    endloop
  endfacet
  facet normal -1 0 0
    outer loop
      vertex -23 61.25 75
      vertex -23 74 100
      vertex -23 74 90.909088134765625
    endloop
  endfacet
  facet normal -1 0 -0
    outer loop
      vertex -23 74 100
      vertex -23 61.25 75
      vertex -23 48.5 75
    endloop
  endfacet
  facet normal -1 -0 0
    outer loop
      vertex -23 61.25 50
      vertex -23 61.25 75
      vertex -23 74 63.636363983154297
    endloop
  endfacet
  facet normal -1 0 0
    outer loop
      vertex -23 61.25 50
      vertex -23 74 54.545455932617188
      vertex -23 74 45.454544067382812
    endloop
  endfacet
  facet normal -1 0 -0
    outer loop
      vertex -23 35.75 25
      vertex -23 23 0
      vertex -23 23 9.0909090042114258
    endloop
  endfacet
  facet normal -1 0 -0
    outer loop
      vertex -23 35.75 50
      vertex -23 35.75 25
      vertex -23 23 36.363636016845703
    endloop
  endfacet
  facet normal -1 0 -0
    outer loop
      vertex -23 35.75 50
      vertex -23 23 36.363636016845703
      vertex -23 23 45.454544067382812
    endloop
  endfacet
  facet normal -1 0 -0
    outer loop
      vertex -23 23 18.181818008422852
      vertex -23 35.75 25
      vertex -23 23 9.0909090042114258
    endloop
  endfacet
  facet normal -1 0 -0
    outer loop
      vertex -23 48.5 25
      vertex -23 23 0
      vertex -23 35.75 25
    endloop
  endfacet
  facet normal -1 0 -0
    outer loop
      vertex -23 35.75 25
      vertex -23 23 18.181818008422852
      vertex -23 23 27.272727966308594
    endloop
  endfacet
  facet normal -1 -0 -0
    outer loop
      vertex -23 35.75 25
      vertex -23 23 27.272727966308594
      vertex -23 23 36.363636016845703
    endloop
  endfacet
  facet normal -1 0 0
    outer loop
      vertex -23 23 54.545455932617188
      vertex -23 35.75 50
      vertex -23 23 45.454544067382812
    endloop
  endfacet
  facet normal -1 0 -0
    outer loop
      vertex -23 35.75 75
      vertex -23 35.75 50
      vertex -23 23 54.545455932617188
    endloop
  endfacet
  facet normal -1 -0 0
    outer loop
      vertex -23 35.75 75
      vertex -23 23 54.545455932617188
      vertex -23 23 63.636363983154297
    endloop
  endfacet
  facet normal -1 0 0
    outer loop
      vertex -23 23 100
      vertex -23 48.5 75
      vertex -23 35.75 75
    endloop
  endfacet
  facet normal -1 0 -0
    outer loop
      vertex -23 35.75 75
      vertex -23 23 63.636363983154297
      vertex -23 23 72.727272033691406
    endloop
  endfacet
  facet normal -1 0 -0
    outer loop
      vertex -23 35.75 75
      vertex -23 23 72.727272033691406
      vertex -23 23 81.818183898925781
    endloop
  endfacet
  facet normal -1 0 0
    outer loop
      vertex -23 35.75 75
      vertex -23 23 90.909088134765625
      vertex -23 23 100
    endloop
  endfacet
  facet normal -1 0 0
    outer loop
      vertex -23 35.75 75
      vertex -23 23 81.818183898925781
      vertex -23 23 90.909088134765625
    endloop
  endfacet
  facet normal -1 0 -0
    outer loop
      vertex -23 74 100
      vertex -23 48.5 75
      vertex -23 23 100
    endloop
  endfacet
  facet normal -0.95842408483015207 -0.28534763643227445 -0
    outer loop
      vertex -22.550140380859375 20.720537185668945 12.5
      vertex -22.893112182617188 21.872509002685547 12.5
      vertex -22.893112182617188 21.872509002685547 6.25
    endloop
  endfacet
  facet normal -0.95842408483015207 -0.28534763643227445 0
    outer loop
      vertex -22.550140380859375 20.720537185668945 12.5
      vertex -22.893112182617188 21.872509002685547 6.25
      vertex -22.550140380859375 20.720537185668945 6.25
    endloop
  endfacet
  facet normal -0.95842408483015207 -0.28534763643227445 -0
    outer loop
      vertex -22.550140380859375 20.720537185668945 93.75
      vertex -22.893112182617188 21.872509002685547 93.75
      vertex -22.893112182617188 21.872509002685547 87.5
    endloop
  endfacet
  facet normal -0.95842408483015207 -0.28534763643227445 0
    outer loop
      vertex -22.550140380859375 20.720537185668945 93.75
      vertex -22.893112182617188 21.872509002685547 87.5
      vertex -22.550140380859375 20.720537185668945 87.5
    endloop
  endfacet
  facet normal -0.76915273464929113 -0.63906499730584287 0
    outer loop
      vertex -21.198221206665039 18.713399887084961 9.375
      vertex -21.198221206665039 18.713399887084961 12.5
      vertex -21.983135223388672 19.658090591430664 12.5
    endloop
  endfacet
  facet normal -0.76915273464929113 -0.63906499730584287 0
    outer loop
      vertex -21.983135223388672 19.658090591430664 6.25
      vertex -21.198221206665039 18.713399887084961 6.25
      vertex -21.198221206665039 18.713399887084961 9.375
    endloop
  endfacet
  facet normal -0.76915273464929113 -0.63906499730584287 -0
    outer loop
      vertex -21.983135223388672 19.658090591430664 12.5
      vertex -21.983135223388672 19.658090591430664 6.25
      vertex -21.198221206665039 18.713399887084961 9.375
    endloop
  endfacet
  facet normal -0.8822263798717489 -0.47082546092834521 -0
    outer loop
      vertex -21.983135223388672 19.658090591430664 12.5
      vertex -22.550140380859375 20.720537185668945 12.5
      vertex -22.550140380859375 20.720537185668945 6.25
    endloop
  endfacet
  facet normal -0.8822263798717489 -0.47082546092834521 0
    outer loop
      vertex -21.983135223388672 19.658090591430664 12.5
      vertex -22.550140380859375 20.720537185668945 6.25
      vertex -21.983135223388672 19.658090591430664 6.25
    endloop
  endfacet
  facet normal -0.76915273464929113 -0.63906499730584287 0
    outer loop
      vertex -21.983135223388672 19.658090591430664 12.5
      vertex -21.198221206665039 18.713399887084961 12.5
      vertex -21.198221206665039 18.713399887084961 18.75
    endloop
  endfacet
  facet normal -0.82940367961372186 -0.55864974379589438 0
    outer loop
      vertex -21.198221206665039 18.713399887084961 18.75
      vertex -21.198221206665039 18.713399887084961 25
      vertex -22.550140380859375 20.720537185668945 25
    endloop
  endfacet
  facet normal -0.8822263798717489 -0.47082546092834521 -0
    outer loop
      vertex -22.550140380859375 20.720537185668945 25
      vertex -22.550140380859375 20.720537185668945 12.5
      vertex -21.983135223388672 19.658090591430664 12.5
    endloop
  endfacet
  facet normal -0.80996356713219264 -0.5863339706665186 0.013095600823482375
    outer loop
      vertex -21.983135223388672 19.658090591430664 12.5
      vertex -21.198221206665039 18.713399887084961 18.75
      vertex -22.550140380859375 20.720537185668945 25
    endloop
  endfacet
  facet normal -0.82940367961372186 -0.55864974379589438 -0
    outer loop
      vertex -21.198221206665039 18.713399887084961 37.5
      vertex -22.550140380859375 20.720537185668945 37.5
      vertex -22.550140380859375 20.720537185668945 25
    endloop
  endfacet
  facet normal -0.82940367961372186 -0.55864974379589438 0
    outer loop
      vertex -21.198221206665039 18.713399887084961 37.5
      vertex -22.550140380859375 20.720537185668945 25
      vertex -21.198221206665039 18.713399887084961 25
    endloop
  endfacet
  facet normal -0.82940367961372186 -0.55864974379589438 -0
    outer loop
      vertex -21.198221206665039 18.713399887084961 50
      vertex -22.550140380859375 20.720537185668945 50
      vertex -22.550140380859375 20.720537185668945 37.5
    endloop
  endfacet
  facet normal -0.82940367961372186 -0.55864974379589438 0
    outer loop
      vertex -21.198221206665039 18.713399887084961 50
      vertex -22.550140380859375 20.720537185668945 37.5
      vertex -21.198221206665039 18.713399887084961 37.5
    endloop
  endfacet
  facet normal -0.82940367961372186 -0.55864974379589438 -0
    outer loop
      vertex -21.198221206665039 18.713399887084961 62.5
      vertex -22.550140380859375 20.720537185668945 62.5
      vertex -22.550140380859375 20.720537185668945 50
    endloop
  endfacet
  facet normal -0.82940367961372186 -0.55864974379589438 0
    outer loop
      vertex -21.198221206665039 18.713399887084961 62.5
      vertex -22.550140380859375 20.720537185668945 50
      vertex -21.198221206665039 18.713399887084961 50
    endloop
  endfacet
  facet normal -0.82940367961372186 -0.55864974379589438 -0
    outer loop
      vertex -21.198221206665039 18.713399887084961 75
      vertex -22.550140380859375 20.720537185668945 75
      vertex -22.550140380859375 20.720537185668945 62.5
    endloop
  endfacet
  facet normal -0.82940367961372186 -0.55864974379589438 0
    outer loop
      vertex -21.198221206665039 18.713399887084961 75
      vertex -22.550140380859375 20.720537185668945 62.5
      vertex -21.198221206665039 18.713399887084961 62.5
    endloop
  endfacet
  facet normal -0.82940367961372186 -0.55864974379589438 -0
    outer loop
      vertex -21.198221206665039 18.713399887084961 87.5
      vertex -22.550140380859375 20.720537185668945 87.5
      vertex -22.550140380859375 20.720537185668945 75
    endloop
  endfacet
  facet normal -0.82940367961372186 -0.55864974379589438 0
    outer loop
      vertex -21.198221206665039 18.713399887084961 87.5
      vertex -22.550140380859375 20.720537185668945 75
      vertex -21.198221206665039 18.713399887084961 75
    endloop
  endfacet
  facet normal -0.47580473216067826 -0.87955094045399407 -0
    outer loop
      vertex -19.721851348876953 17.652894973754883 12.5
      vertex -19.986000061035156 17.79578971862793 12.5
      vertex -19.986000061035156 17.79578971862793 10.9375
    endloop
  endfacet
  facet normal -0.47580473216067826 -0.87955094045399418 0
    outer loop
      vertex -19.721851348876953 17.652894973754883 12.5
      vertex -19.986000061035156 17.79578971862793 10.9375
      vertex -19.721851348876953 17.652894973754883 10.9375
    endloop
  endfacet
  facet normal -0.51936462347854495 -0.8545527414261741 -0
    outer loop
      vertex -19.986000061035156 17.79578971862793 12.5
      vertex -20.244361877441406 17.952812194824219 12.5
      vertex -20.244361877441406 17.952812194824219 10.9375
    endloop
  endfacet
  facet normal -0.51936462347854495 -0.8545527414261741 0
    outer loop
      vertex -19.986000061035156 17.79578971862793 12.5
      vertex -20.244361877441406 17.952812194824219 10.9375
      vertex -19.986000061035156 17.79578971862793 10.9375
    endloop
  endfacet
  facet normal -0.50854284364586344 -0.86103668689352542 0
    outer loop
      vertex -20.115974426269531 17.872554779052734 9.375
      vertex -19.986000061035156 17.79578971862793 9.375
      vertex -19.986000061035156 17.79578971862793 10.9375
    endloop
  endfacet
  facet normal -0.53007140823179533 -0.8479530070559107 -0
    outer loop
      vertex -20.244361877441406 17.952812194824219 10.9375
      vertex -20.244361877441406 17.952812194824219 9.375
      vertex -20.115974426269531 17.872554779052734 9.375
    endloop
  endfacet
  facet normal -0.5193642377604375 -0.85455210677288584 0.0012187475301012191
    outer loop
      vertex -19.986000061035156 17.79578971862793 10.9375
      vertex -20.244361877441406 17.952812194824219 10.9375
      vertex -20.115974426269531 17.872554779052734 9.375
    endloop
  endfacet
  facet normal -0.50854284364586344 -0.86103668689352542 -0
    outer loop
      vertex -19.986000061035156 17.79578971862793 9.375
      vertex -20.115974426269531 17.872554779052734 9.375
      vertex -20.115974426269531 17.872554779052734 8.59375
    endloop
  endfacet
  facet normal -0.50854284364586344 -0.86103668689352542 0
    outer loop
      vertex -19.986000061035156 17.79578971862793 9.375
      vertex -20.115974426269531 17.872554779052734 8.59375
      vertex -19.986000061035156 17.79578971862793 8.59375
    endloop
  endfacet
  facet normal -0.53007140823179533 -0.8479530070559107 -0
    outer loop
      vertex -20.115974426269531 17.872554779052734 9.375
      vertex -20.244361877441406 17.952812194824219 9.375
      vertex -20.244361877441406 17.952812194824219 8.59375
    endloop
  endfacet
  facet normal -0.53007140823179533 -0.8479530070559107 0
    outer loop
      vertex -20.115974426269531 17.872554779052734 9.375
      vertex -20.244361877441406 17.952812194824219 8.59375
      vertex -20.115974426269531 17.872554779052734 8.59375
    endloop
  endfacet
  facet normal -0.53007140823179533 -0.8479530070559107 -0
    outer loop
      vertex -20.115974426269531 17.872554779052734 8.59375
      vertex -20.244361877441406 17.952812194824219 8.59375
      vertex -20.244361877441406 17.952812194824219 7.8125
    endloop
  endfacet
  facet normal -0.53007140823179533 -0.8479530070559107 0
    outer loop
      vertex -20.115974426269531 17.872554779052734 8.59375
      vertex -20.244361877441406 17.952812194824219 7.8125
      vertex -20.115974426269531 17.872554779052734 7.8125
    endloop
  endfacet
  facet normal -0.56185719260234268 -0.82723424440784254 0
    outer loop
      vertex -20.495824813842773 18.123605728149414 9.375
      vertex -20.244361877441406 17.952812194824219 9.375
      vertex -20.244361877441406 17.952812194824219 10.9375
    endloop
  endfacet
  facet normal -0.58272320974211644 -0.81267069642496981 0
    outer loop
      vertex -20.244361877441406 17.952812194824219 10.9375
      vertex -20.244361877441406 17.952812194824219 12.5
      vertex -20.739303588867188 18.307708740234375 12.5
    endloop
  endfacet
  facet normal -0.60312766834018383 -0.79764466755726082 -0
    outer loop
      vertex -20.739303588867188 18.307708740234375 12.5
      vertex -20.739303588867188 18.307708740234375 9.375
      vertex -20.495824813842773 18.123605728149414 9.375
    endloop
  endfacet
  facet normal -0.5758142890191329 -0.81757385005840177 0.0033021602130296297
    outer loop
      vertex -20.495824813842773 18.123605728149414 9.375
      vertex -20.244361877441406 17.952812194824219 10.9375
      vertex -20.739303588867188 18.307708740234375 12.5
    endloop
  endfacet
  facet normal -0.66232249537118115 -0.74921886797203108 -0
    outer loop
      vertex -20.739303588867188 18.307708740234375 12.5
      vertex -21.198221206665039 18.713399887084961 12.5
      vertex -21.198221206665039 18.713399887084961 9.375
    endloop
  endfacet
  facet normal -0.66232249537118115 -0.74921886797203108 0
    outer loop
      vertex -20.739303588867188 18.307708740234375 12.5
      vertex -21.198221206665039 18.713399887084961 9.375
      vertex -20.739303588867188 18.307708740234375 9.375
    endloop
  endfacet
  facet normal -0.66232249537118115 -0.74921886797203108 0
    outer loop
      vertex -20.739303588867188 18.307708740234375 7.8125
      vertex -20.739303588867188 18.307708740234375 9.375
      vertex -21.198221206665039 18.713399887084961 9.375
    endloop
  endfacet
  facet normal -0.66232249537118115 -0.74921886797203108 0
    outer loop
      vertex -21.198221206665039 18.713399887084961 6.25
      vertex -20.739303588867188 18.307708740234375 6.25
      vertex -20.739303588867188 18.307708740234375 7.8125
    endloop
  endfacet
  facet normal -0.66232249537118115 -0.74921886797203108 -0
    outer loop
      vertex -21.198221206665039 18.713399887084961 9.375
      vertex -21.198221206665039 18.713399887084961 6.25
      vertex -20.739303588867188 18.307708740234375 7.8125
    endloop
  endfacet
  facet normal -0.56185719260234268 -0.82723424440784254 0
    outer loop
      vertex -20.244361877441406 17.952812194824219 8.59375
      vertex -20.244361877441406 17.952812194824219 9.375
      vertex -20.495824813842773 18.123605728149414 9.375
    endloop
  endfacet
  facet normal -0.56185719260234268 -0.82723424440784254 0
    outer loop
      vertex -20.495824813842773 18.123605728149414 7.8125
      vertex -20.244361877441406 17.952812194824219 7.8125
      vertex -20.244361877441406 17.952812194824219 8.59375
    endloop
  endfacet
  facet normal -0.56185719260234268 -0.82723424440784254 -0
    outer loop
      vertex -20.495824813842773 18.123605728149414 9.375
      vertex -20.495824813842773 18.123605728149414 7.8125
      vertex -20.244361877441406 17.952812194824219 8.59375
    endloop
  endfacet
  facet normal -0.60312766834018383 -0.79764466755726082 -0
    outer loop
      vertex -20.495824813842773 18.123605728149414 9.375
      vertex -20.739303588867188 18.307708740234375 9.375
      vertex -20.739303588867188 18.307708740234375 7.8125
    endloop
  endfacet
  facet normal -0.60312766834018383 -0.79764466755726082 0
    outer loop
      vertex -20.495824813842773 18.123605728149414 9.375
      vertex -20.739303588867188 18.307708740234375 7.8125
      vertex -20.495824813842773 18.123605728149414 7.8125
    endloop
  endfacet
  facet normal -0.60312766834018383 -0.79764466755726082 -0
    outer loop
      vertex -20.495824813842773 18.123605728149414 7.8125
      vertex -20.739303588867188 18.307708740234375 7.8125
      vertex -20.739303588867188 18.307708740234375 6.25
    endloop
  endfacet
  facet normal -0.60312766834018383 -0.79764466755726082 0
    outer loop
      vertex -20.495824813842773 18.123605728149414 7.8125
      vertex -20.739303588867188 18.307708740234375 6.25
      vertex -20.495824813842773 18.123605728149414 6.25
    endloop
  endfacet
  facet normal -0.56185719260234268 -0.82723424440784254 -0
    outer loop
      vertex -20.244361877441406 17.952812194824219 7.8125
      vertex -20.495824813842773 18.123605728149414 7.8125
      vertex -20.495824813842773 18.123605728149414 6.25
    endloop
  endfacet
  facet normal -0.56185719260234268 -0.82723424440784254 0
    outer loop
      vertex -20.244361877441406 17.952812194824219 7.8125
      vertex -20.495824813842773 18.123605728149414 6.25
      vertex -20.244361877441406 17.952812194824219 6.25
    endloop
  endfacet
  facet normal -0.56185719260234268 -0.82723424440784254 0
    outer loop
      vertex -20.244361877441406 17.952812194824219 5.46875
      vertex -20.244361877441406 17.952812194824219 6.25
      vertex -20.495824813842773 18.123605728149414 6.25
    endloop
  endfacet
  facet normal -0.56185719260234268 -0.82723424440784254 0
    outer loop
      vertex -20.495824813842773 18.123605728149414 4.6875
      vertex -20.244361877441406 17.952812194824219 4.6875
      vertex -20.244361877441406 17.952812194824219 5.46875
    endloop
  endfacet
  facet normal -0.56185719260234268 -0.82723424440784254 -0
    outer loop
      vertex -20.495824813842773 18.123605728149414 6.25
      vertex -20.495824813842773 18.123605728149414 4.6875
      vertex -20.244361877441406 17.952812194824219 5.46875
    endloop
  endfacet
  facet normal -0.60312766834018383 -0.79764466755726082 -0
    outer loop
      vertex -20.495824813842773 18.123605728149414 6.25
      vertex -20.739303588867188 18.307708740234375 6.25
      vertex -20.739303588867188 18.307708740234375 4.6875
    endloop
  endfacet
  facet normal -0.60312766834018383 -0.79764466755726082 0
    outer loop
      vertex -20.495824813842773 18.123605728149414 6.25
      vertex -20.739303588867188 18.307708740234375 4.6875
      vertex -20.495824813842773 18.123605728149414 4.6875
    endloop
  endfacet
  facet normal -0.60312766834018383 -0.79764466755726082 -0
    outer loop
      vertex -20.495824813842773 18.123605728149414 4.6875
      vertex -20.739303588867188 18.307708740234375 4.6875
      vertex -20.739303588867188 18.307708740234375 3.125
    endloop
  endfacet
  facet normal -0.60312766834018383 -0.79764466755726082 0
    outer loop
      vertex -20.495824813842773 18.123605728149414 4.6875
      vertex -20.739303588867188 18.307708740234375 3.125
      vertex -20.495824813842773 18.123605728149414 3.125
    endloop
  endfacet
  facet normal -0.56185719260234268 -0.82723424440784254 -0
    outer loop
      vertex -20.244361877441406 17.952812194824219 4.6875
      vertex -20.495824813842773 18.123605728149414 4.6875
      vertex -20.495824813842773 18.123605728149414 3.125
    endloop
  endfacet
  facet normal -0.56185719260234268 -0.82723424440784254 0
    outer loop
      vertex -20.244361877441406 17.952812194824219 4.6875
      vertex -20.495824813842773 18.123605728149414 3.125
      vertex -20.244361877441406 17.952812194824219 3.125
    endloop
  endfacet
  facet normal -0.66232249537118115 -0.74921886797203108 0
    outer loop
      vertex -20.739303588867188 18.307708740234375 4.6875
      vertex -20.739303588867188 18.307708740234375 6.25
      vertex -21.198221206665039 18.713399887084961 6.25
    endloop
  endfacet
  facet normal -0.66232249537118115 -0.74921886797203108 0
    outer loop
      vertex -21.198221206665039 18.713399887084961 3.125
      vertex -20.739303588867188 18.307708740234375 3.125
      vertex -20.739303588867188 18.307708740234375 4.6875
    endloop
  endfacet
  facet normal -0.66232249537118115 -0.74921886797203108 -0
    outer loop
      vertex -21.198221206665039 18.713399887084961 6.25
      vertex -21.198221206665039 18.713399887084961 3.125
      vertex -20.739303588867188 18.307708740234375 4.6875
    endloop
  endfacet
  facet normal -0.53007140823179533 -0.8479530070559107 -0
    outer loop
      vertex -20.115974426269531 17.872554779052734 6.25
      vertex -20.244361877441406 17.952812194824219 6.25
      vertex -20.244361877441406 17.952812194824219 5.46875
    endloop
  endfacet
  facet normal -0.53007140823179533 -0.8479530070559107 0
    outer loop
      vertex -20.115974426269531 17.872554779052734 6.25
      vertex -20.244361877441406 17.952812194824219 5.46875
      vertex -20.115974426269531 17.872554779052734 5.46875
    endloop
  endfacet
  facet normal -0.53007140823179533 -0.8479530070559107 -0
    outer loop
      vertex -20.115974426269531 17.872554779052734 5.46875
      vertex -20.244361877441406 17.952812194824219 5.46875
      vertex -20.244361877441406 17.952812194824219 4.6875
    endloop
  endfacet
  facet normal -0.53007140823179533 -0.8479530070559107 0
    outer loop
      vertex -20.115974426269531 17.872554779052734 5.46875
      vertex -20.244361877441406 17.952812194824219 4.6875
      vertex -20.115974426269531 17.872554779052734 4.6875
    endloop
  endfacet
  facet normal -0.50854284364586344 -0.86103668689352542 -0
    outer loop
      vertex -19.986000061035156 17.79578971862793 5.46875
      vertex -20.115974426269531 17.872554779052734 5.46875
      vertex -20.115974426269531 17.872554779052734 4.6875
    endloop
  endfacet
  facet normal -0.50854284364586344 -0.86103668689352542 0
    outer loop
      vertex -19.986000061035156 17.79578971862793 5.46875
      vertex -20.115974426269531 17.872554779052734 4.6875
      vertex -19.986000061035156 17.79578971862793 4.6875
    endloop
  endfacet
  facet normal -0.53007140823179533 -0.8479530070559107 -0
    outer loop
      vertex -20.115974426269531 17.872554779052734 4.6875
      vertex -20.244361877441406 17.952812194824219 4.6875
      vertex -20.244361877441406 17.952812194824219 3.125
    endloop
  endfacet
  facet normal -0.50854284364586344 -0.86103668689352542 0
    outer loop
      vertex -19.986000061035156 17.79578971862793 3.125
      vertex -19.986000061035156 17.79578971862793 4.6875
      vertex -20.115974426269531 17.872554779052734 4.6875
    endloop
  endfacet
  facet normal -0.5193642377604375 -0.85455210677288584 -0.0012187475301012191
    outer loop
      vertex -20.244361877441406 17.952812194824219 3.125
      vertex -19.986000061035156 17.79578971862793 3.125
      vertex -20.115974426269531 17.872554779052734 4.6875
    endloop
  endfacet
  facet normal -0.40904445297720232 -0.91251445768742834 0
    outer loop
      vertex -19.721851348876953 17.652894973754883 18.75
      vertex -19.180696487426758 17.410316467285156 18.75
      vertex -19.180696487426758 17.410316467285156 25
    endloop
  endfacet
  facet normal -0.49781442665740977 -0.86728357335519402 -0
    outer loop
      vertex -20.244361877441406 17.952812194824219 25
      vertex -20.244361877441406 17.952812194824219 18.75
      vertex -19.721851348876953 17.652894973754883 18.75
    endloop
  endfacet
  facet normal -0.45433845916871285 -0.8908164061726106 0.0047639284119774155
    outer loop
      vertex -19.180696487426758 17.410316467285156 25
      vertex -20.244361877441406 17.952812194824219 25
      vertex -19.721851348876953 17.652894973754883 18.75
    endloop
  endfacet
  facet normal -0.62344483745804369 -0.78186733826584265 -0
    outer loop
      vertex -20.244361877441406 17.952812194824219 25
      vertex -21.198221206665039 18.713399887084961 25
      vertex -21.198221206665039 18.713399887084961 18.75
    endloop
  endfacet
  facet normal -0.62344483745804369 -0.78186733826584265 0
    outer loop
      vertex -20.244361877441406 17.952812194824219 25
      vertex -21.198221206665039 18.713399887084961 18.75
      vertex -20.244361877441406 17.952812194824219 18.75
    endloop
  endfacet
  facet normal -0.58272320974211644 -0.81267069642496981 0
    outer loop
      vertex -20.739303588867188 18.307708740234375 12.5
      vertex -20.244361877441406 17.952812194824219 12.5
      vertex -20.244361877441406 17.952812194824219 15.625
    endloop
  endfacet
  facet normal -0.62344483745804369 -0.78186733826584265 0
    outer loop
      vertex -20.244361877441406 17.952812194824219 15.625
      vertex -20.244361877441406 17.952812194824219 18.75
      vertex -21.198221206665039 18.713399887084961 18.75
    endloop
  endfacet
  facet normal -0.66232249537118115 -0.74921886797203108 -0
    outer loop
      vertex -21.198221206665039 18.713399887084961 18.75
      vertex -21.198221206665039 18.713399887084961 12.5
      vertex -20.739303588867188 18.307708740234375 12.5
    endloop
  endfacet
  facet normal -0.61004838158436026 -0.79233636858136502 0.0066371040068917125
    outer loop
      vertex -20.739303588867188 18.307708740234375 12.5
      vertex -20.244361877441406 17.952812194824219 15.625
      vertex -21.198221206665039 18.713399887084961 18.75
    endloop
  endfacet
  facet normal -0.40904445297720232 -0.91251445768742834 -0
    outer loop
      vertex -19.180696487426758 17.410316467285156 18.75
      vertex -19.721851348876953 17.652894973754883 18.75
      vertex -19.721851348876953 17.652894973754883 15.625
    endloop
  endfacet
  facet normal -0.40904445297720232 -0.91251445768742834 0
    outer loop
      vertex -19.180696487426758 17.410316467285156 18.75
      vertex -19.721851348876953 17.652894973754883 15.625
      vertex -19.180696487426758 17.410316467285156 15.625
    endloop
  endfacet
  facet normal -0.49781442665740977 -0.86728357335519402 -0
    outer loop
      vertex -19.721851348876953 17.652894973754883 18.75
      vertex -20.244361877441406 17.952812194824219 18.75
      vertex -20.244361877441406 17.952812194824219 15.625
    endloop
  endfacet
  facet normal -0.49781442665740977 -0.86728357335519402 0
    outer loop
      vertex -19.721851348876953 17.652894973754883 18.75
      vertex -20.244361877441406 17.952812194824219 15.625
      vertex -19.721851348876953 17.652894973754883 15.625
    endloop
  endfacet
  facet normal -0.47580473216067826 -0.87955094045399407 0
    outer loop
      vertex -19.986000061035156 17.79578971862793 12.5
      vertex -19.721851348876953 17.652894973754883 12.5
      vertex -19.721851348876953 17.652894973754883 15.625
    endloop
  endfacet
  facet normal -0.51936462347854495 -0.8545527414261741 -0
    outer loop
      vertex -20.244361877441406 17.952812194824219 15.625
      vertex -20.244361877441406 17.952812194824219 12.5
      vertex -19.986000061035156 17.79578971862793 12.5
    endloop
  endfacet
  facet normal -0.49781296731520958 -0.86728103091477782 0.0024213608211731278
    outer loop
      vertex -19.721851348876953 17.652894973754883 15.625
      vertex -20.244361877441406 17.952812194824219 15.625
      vertex -19.986000061035156 17.79578971862793 12.5
    endloop
  endfacet
  facet normal -0.40904445297720232 -0.91251445768742834 -0
    outer loop
      vertex -19.180696487426758 17.410316467285156 15.625
      vertex -19.721851348876953 17.652894973754883 15.625
      vertex -19.721851348876953 17.652894973754883 12.5
    endloop
  endfacet
  facet normal -0.40904445297720232 -0.91251445768742834 0
    outer loop
      vertex -19.180696487426758 17.410316467285156 15.625
      vertex -19.721851348876953 17.652894973754883 12.5
      vertex -19.180696487426758 17.410316467285156 12.5
    endloop
  endfacet
  facet normal -0.45434361486529584 -0.89082651489004061 0
    outer loop
      vertex -20.244361877441406 17.952812194824219 25
      vertex -19.180696487426758 17.410316467285156 25
      vertex -19.180696487426758 17.410316467285156 37.5
    endloop
  endfacet
  facet normal -0.62344483745804369 -0.78186733826584265 -0
    outer loop
      vertex -21.198221206665039 18.713399887084961 37.5
      vertex -21.198221206665039 18.713399887084961 25
      vertex -20.244361877441406 17.952812194824219 25
    endloop
  endfacet
  facet normal -0.5425288508906444 -0.83998104107561666 0.0097106428623568442
    outer loop
      vertex -19.180696487426758 17.410316467285156 37.5
      vertex -21.198221206665039 18.713399887084961 37.5
      vertex -20.244361877441406 17.952812194824219 25
    endloop
  endfacet
  facet normal -0.54255443200871489 -0.84002064754844008 -0
    outer loop
      vertex -19.180696487426758 17.410316467285156 50
      vertex -21.198221206665039 18.713399887084961 50
      vertex -21.198221206665039 18.713399887084961 37.5
    endloop
  endfacet
  facet normal -0.54255443200871489 -0.84002064754844008 0
    outer loop
      vertex -19.180696487426758 17.410316467285156 50
      vertex -21.198221206665039 18.713399887084961 37.5
      vertex -19.180696487426758 17.410316467285156 37.5
    endloop
  endfacet
  facet normal -0.54255443200871489 -0.84002064754844008 -0
    outer loop
      vertex -19.180696487426758 17.410316467285156 62.5
      vertex -21.198221206665039 18.713399887084961 62.5
      vertex -21.198221206665039 18.713399887084961 50
    endloop
  endfacet
  facet normal -0.54255443200871489 -0.84002064754844008 0
    outer loop
      vertex -19.180696487426758 17.410316467285156 62.5
      vertex -21.198221206665039 18.713399887084961 50
      vertex -19.180696487426758 17.410316467285156 50
    endloop
  endfacet
  facet normal -0.54255443200871489 -0.84002064754844008 -0
    outer loop
      vertex -19.180696487426758 17.410316467285156 75
      vertex -21.198221206665039 18.713399887084961 75
      vertex -21.198221206665039 18.713399887084961 62.5
    endloop
  endfacet
  facet normal -0.54255443200871489 -0.84002064754844008 0
    outer loop
      vertex -19.180696487426758 17.410316467285156 75
      vertex -21.198221206665039 18.713399887084961 62.5
      vertex -19.180696487426758 17.410316467285156 62.5
    endloop
  endfacet
  facet normal -0.62344483745804369 -0.78186733826584265 -0
    outer loop
      vertex -20.244361877441406 17.952812194824219 87.5
      vertex -21.198221206665039 18.713399887084961 87.5
      vertex -21.198221206665039 18.713399887084961 75
    endloop
  endfacet
  facet normal -0.45434361486529584 -0.89082651489004061 0
    outer loop
      vertex -19.180696487426758 17.410316467285156 75
      vertex -19.180696487426758 17.410316467285156 87.5
      vertex -20.244361877441406 17.952812194824219 87.5
    endloop
  endfacet
  facet normal -0.5425288508906444 -0.83998104107561666 -0.0097106428623568442
    outer loop
      vertex -21.198221206665039 18.713399887084961 75
      vertex -19.180696487426758 17.410316467285156 75
      vertex -20.244361877441406 17.952812194824219 87.5
    endloop
  endfacet
  facet normal -0.62344483745804369 -0.78186733826584265 -0
    outer loop
      vertex -20.244361877441406 17.952812194824219 93.75
      vertex -21.198221206665039 18.713399887084961 93.75
      vertex -21.198221206665039 18.713399887084961 87.5
    endloop
  endfacet
  facet normal -0.62344483745804369 -0.78186733826584265 0
    outer loop
      vertex -20.244361877441406 17.952812194824219 93.75
      vertex -21.198221206665039 18.713399887084961 87.5
      vertex -20.244361877441406 17.952812194824219 87.5
    endloop
  endfacet
  facet normal -0.45434361486529584 -0.89082651489004061 -0
    outer loop
      vertex -19.180696487426758 17.410316467285156 93.75
      vertex -20.244361877441406 17.952812194824219 93.75
      vertex -20.244361877441406 17.952812194824219 87.5
    endloop
  endfacet
  facet normal -0.45434361486529584 -0.89082651489004061 0
    outer loop
      vertex -19.180696487426758 17.410316467285156 93.75
      vertex -20.244361877441406 17.952812194824219 87.5
      vertex -19.180696487426758 17.410316467285156 87.5
    endloop
  endfacet
  facet normal -0.27278617647618603 -0.96207468625024273 -0
    outer loop
      vertex -18.077770233154297 17.097593307495117 25
      vertex -19.180696487426758 17.410316467285156 25
      vertex -19.180696487426758 17.410316467285156 18.75
    endloop
  endfacet
  facet normal -0.27278617647618603 -0.96207468625024273 0
    outer loop
      vertex -18.077770233154297 17.097593307495117 25
      vertex -19.180696487426758 17.410316467285156 18.75
      vertex -18.077770233154297 17.097593307495117 18.75
    endloop
  endfacet
  facet normal -0.31791628331477279 -0.94811878834000596 -0
    outer loop
      vertex -19.180696487426758 17.410316467285156 15.625
      vertex -19.180696487426758 17.410316467285156 12.5
      vertex -18.629833221435547 17.225605010986328 12.5
    endloop
  endfacet
  facet normal -0.22588562171317916 -0.97415383071835771 0
    outer loop
      vertex -18.629833221435547 17.225605010986328 12.5
      vertex -18.077770233154297 17.097593307495117 12.5
      vertex -18.077770233154297 17.097593307495117 18.75
    endloop
  endfacet
  facet normal -0.27278617647618603 -0.96207468625024273 -0
    outer loop
      vertex -18.077770233154297 17.097593307495117 18.75
      vertex -19.180696487426758 17.410316467285156 18.75
      vertex -19.180696487426758 17.410316467285156 15.625
    endloop
  endfacet
  facet normal -0.28803233336020007 -0.95760294720440575 0.0058284169818580986
    outer loop
      vertex -19.180696487426758 17.410316467285156 15.625
      vertex -18.629833221435547 17.225605010986328 12.5
      vertex -18.077770233154297 17.097593307495117 18.75
    endloop
  endfacet
  facet normal -0.27278617647618603 -0.96207468625024273 -0
    outer loop
      vertex -18.077770233154297 17.097593307495117 93.75
      vertex -19.180696487426758 17.410316467285156 93.75
      vertex -19.180696487426758 17.410316467285156 87.5
    endloop
  endfacet
  facet normal -0.27278617647618603 -0.96207468625024273 0
    outer loop
      vertex -18.077770233154297 17.097593307495117 93.75
      vertex -19.180696487426758 17.410316467285156 87.5
      vertex -18.077770233154297 17.097593307495117 87.5
    endloop
  endfacet
  facet normal -0.99553640390949372 -0.09437832638351637 -0
    outer loop
      vertex -23 23 9.0909090042114258
      vertex -23 23 0
      vertex -22.893112182617188 21.872509002685547 6.25
    endloop
  endfacet
  facet normal -0.9809152805713186 -0.19358691519454849 -0.018147137712322011
    outer loop
      vertex -22.550140380859375 20.720537185668945 0
      vertex -22.893112182617188 21.872509002685547 6.25
      vertex -23 23 0
    endloop
  endfacet
  facet normal -0.82924243358126548 -0.55854113557901042 -0.019717662496602749
    outer loop
      vertex -22.550140380859375 20.720537185668945 0
      vertex -21.198221206665039 18.713399887084961 0
      vertex -21.983135223388672 19.658090591430664 6.25
    endloop
  endfacet
  facet normal -0.8822263798717489 -0.47082546092834521 0
    outer loop
      vertex -22.550140380859375 20.720537185668945 0
      vertex -21.983135223388672 19.658090591430664 6.25
      vertex -22.550140380859375 20.720537185668945 6.25
    endloop
  endfacet
  facet normal -0.66232249537118115 -0.74921886797203108 -0
    outer loop
      vertex -20.739303588867188 18.307708740234375 3.125
      vertex -21.198221206665039 18.713399887084961 3.125
      vertex -21.198221206665039 18.713399887084961 0
    endloop
  endfacet
  facet normal -0.95842408483015207 -0.28534763643227445 0
    outer loop
      vertex -22.550140380859375 20.720537185668945 6.25
      vertex -22.893112182617188 21.872509002685547 6.25
      vertex -22.550140380859375 20.720537185668945 0
    endloop
  endfacet
  facet normal -0.76915273464929113 -0.63906499730584276 -2.1348276886526161e-17
    outer loop
      vertex -21.198221206665039 18.713399887084961 0
      vertex -21.198221206665039 18.713399887084961 3.125
      vertex -21.983135223388672 19.658090591430664 6.25
    endloop
  endfacet
  facet normal -0.99553640390949372 -0.09437832638351637 -0
    outer loop
      vertex -23 23 18.181818008422852
      vertex -23 23 9.0909090042114258
      vertex -22.893112182617188 21.872509002685547 12.5
    endloop
  endfacet
  facet normal -0.99553640390949372 -0.094378326383516356 0
    outer loop
      vertex -22.893112182617188 21.872509002685547 12.5
      vertex -23 23 9.0909090042114258
      vertex -22.893112182617188 21.872509002685547 6.25
    endloop
  endfacet
  facet normal -0.9874918666864142 -0.15716483765557657 0.012610592090672904
    outer loop
      vertex -22.893112182617188 21.872509002685547 12.5
      vertex -22.550140380859375 20.720537185668945 25
      vertex -23 23 18.181818008422852
    endloop
  endfacet
  facet normal -0.95842408483015207 -0.28534763643227445 0
    outer loop
      vertex -22.893112182617188 21.872509002685547 12.5
      vertex -22.550140380859375 20.720537185668945 12.5
      vertex -22.550140380859375 20.720537185668945 25
    endloop
  endfacet
  facet normal -0.76915273464929124 -0.63906499730584299 0
    outer loop
      vertex -21.198221206665039 18.713399887084961 6.25
      vertex -21.983135223388672 19.658090591430664 6.25
      vertex -21.198221206665039 18.713399887084961 3.125
    endloop
  endfacet
  facet normal -0.6030600116671071 -0.79755519067311653 -0.014977989131968324
    outer loop
      vertex -21.198221206665039 18.713399887084961 0
      vertex -20.495824813842773 18.123605728149414 3.125
      vertex -20.739303588867188 18.307708740234375 3.125
    endloop
  endfacet
  facet normal -0.5076291685261014 -0.86157544978132028 -0.00060958642923387789
    outer loop
      vertex -20 17.803848266601562 6
      vertex -20.115974426269531 17.872554779052734 5.46875
      vertex -19.984333038330078 17.794834136962891 5.6938023567199707
    endloop
  endfacet
  facet normal -0.56160720569396272 -0.82686618338808815 -0.02982719031078129
    outer loop
      vertex -20.244361877441406 17.952812194824219 3.125
      vertex -20.495824813842773 18.123605728149414 3.125
      vertex -21.198221206665039 18.713399887084961 0
    endloop
  endfacet
  facet normal -0.50969766496063063 -0.86035358448354293 -0
    outer loop
      vertex -20 17.803848266601562 6
      vertex -20.115974426269531 17.872554779052734 6.25
      vertex -20.115974426269531 17.872554779052734 5.46875
    endloop
  endfacet
  facet normal -0.53007140823179533 -0.8479530070559107 -0
    outer loop
      vertex -20.244361877441406 17.952812194824219 7.8125
      vertex -20.244361877441406 17.952812194824219 6.25
      vertex -20.115974426269531 17.872554779052734 6.25
    endloop
  endfacet
  facet normal -0.53007140823179533 -0.8479530070559107 0
    outer loop
      vertex -20.244361877441406 17.952812194824219 7.8125
      vertex -20.115974426269531 17.872554779052734 6.25
      vertex -20.115974426269531 17.872554779052734 7.8125
    endloop
  endfacet
  facet normal -0.50969766496063063 -0.86035358448354293 -0
    outer loop
      vertex -20.115974426269531 17.872554779052734 8.59375
      vertex -20.115974426269531 17.872554779052734 7.8125
      vertex -20 17.803848266601562 8
    endloop
  endfacet
  facet normal -0.50969766496063063 -0.86035358448354293 -0
    outer loop
      vertex -20.115974426269531 17.872554779052734 7.8125
      vertex -20.115974426269531 17.872554779052734 6.25
      vertex -20 17.803848266601562 6
    endloop
  endfacet
  facet normal -0.50969766496063063 -0.86035358448354282 0
    outer loop
      vertex -20.115974426269531 17.872554779052734 7.8125
      vertex -20 17.803848266601562 6
      vertex -20 17.803848266601562 8
    endloop
  endfacet
  facet normal -0.54214556781000456 -0.83938761545304563 -0.038815130142996077
    outer loop
      vertex -20.244361877441406 17.952812194824219 3.125
      vertex -21.198221206665039 18.713399887084961 0
      vertex -19.180696487426758 17.410316467285156 0
    endloop
  endfacet
  facet normal -0.98107683730210693 -0.19361879895633882 -0
    outer loop
      vertex -23 23 45.454544067382812
      vertex -23 23 36.363636016845703
      vertex -22.550140380859375 20.720537185668945 37.5
    endloop
  endfacet
  facet normal -0.98107683730210693 -0.19361879895633882 0
    outer loop
      vertex -23 23 45.454544067382812
      vertex -22.550140380859375 20.720537185668945 37.5
      vertex -22.550140380859375 20.720537185668945 50
    endloop
  endfacet
  facet normal -0.98107683730210693 -0.19361879895633882 0
    outer loop
      vertex -23 23 63.636363983154297
      vertex -23 23 54.545455932617188
      vertex -22.550140380859375 20.720537185668945 50
    endloop
  endfacet
  facet normal -0.98107683730210693 -0.19361879895633882 0
    outer loop
      vertex -23 23 63.636363983154297
      vertex -22.550140380859375 20.720537185668945 50
      vertex -22.550140380859375 20.720537185668945 62.5
    endloop
  endfacet
  facet normal -0.98107683730210693 -0.19361879895633882 0
    outer loop
      vertex -23 23 72.727272033691406
      vertex -23 23 63.636363983154297
      vertex -22.550140380859375 20.720537185668945 62.5
    endloop
  endfacet
  facet normal -0.98107683730210693 -0.19361879895633882 0
    outer loop
      vertex -23 23 72.727272033691406
      vertex -22.550140380859375 20.720537185668945 62.5
      vertex -22.550140380859375 20.720537185668945 75
    endloop
  endfacet
  facet normal -0.98107683730210693 -0.19361879895633882 -0
    outer loop
      vertex -22.550140380859375 20.720537185668945 50
      vertex -23 23 54.545455932617188
      vertex -23 23 45.454544067382812
    endloop
  endfacet
  facet normal -0.98749186893057495 -0.15716482344513388 -0.012610593461849973
    outer loop
      vertex -22.550140380859375 20.720537185668945 75
      vertex -22.893112182617188 21.872509002685547 87.5
      vertex -23 23 81.818183898925781
    endloop
  endfacet
  facet normal -0.99553640390949361 -0.094378326383516356 -0
    outer loop
      vertex -22.893112182617188 21.872509002685547 87.5
      vertex -23 23 90.909088134765625
      vertex -23 23 81.818183898925781
    endloop
  endfacet
  facet normal -0.99553640390949372 -0.09437832638351637 -0
    outer loop
      vertex -23 23 100
      vertex -23 23 90.909088134765625
      vertex -22.893112182617188 21.872509002685547 93.75
    endloop
  endfacet
  facet normal -0.99553640390949372 -0.094378326383516356 0
    outer loop
      vertex -22.893112182617188 21.872509002685547 87.5
      vertex -22.893112182617188 21.872509002685547 93.75
      vertex -23 23 90.909088134765625
    endloop
  endfacet
  facet normal -0.9809152805713186 -0.19358691519454849 0.018147137712322008
    outer loop
      vertex -22.550140380859375 20.720537185668945 100
      vertex -23 23 100
      vertex -22.893112182617188 21.872509002685547 93.75
    endloop
  endfacet
  facet normal -0.98107683730210693 -0.19361879895633882 -0
    outer loop
      vertex -23 23 72.727272033691406
      vertex -22.550140380859375 20.720537185668945 75
      vertex -23 23 81.818183898925781
    endloop
  endfacet
  facet normal -0.98107683730210693 -0.19361879895633879 -6.8075880856201735e-18
    outer loop
      vertex -23 23 36.363636016845703
      vertex -23 23 27.272727966308594
      vertex -22.550140380859375 20.720537185668945 25
    endloop
  endfacet
  facet normal -0.98107683730210693 -0.19361879895633882 0
    outer loop
      vertex -23 23 36.363636016845703
      vertex -22.550140380859375 20.720537185668945 25
      vertex -22.550140380859375 20.720537185668945 37.5
    endloop
  endfacet
  facet normal -0.95842408483015207 -0.28534763643227445 0
    outer loop
      vertex -22.893112182617188 21.872509002685547 87.5
      vertex -22.550140380859375 20.720537185668945 75
      vertex -22.550140380859375 20.720537185668945 87.5
    endloop
  endfacet
  facet normal -0.82940367961372186 -0.55864974379589438 -0
    outer loop
      vertex -22.550140380859375 20.720537185668945 100
      vertex -22.550140380859375 20.720537185668945 93.75
      vertex -21.198221206665039 18.713399887084961 93.75
    endloop
  endfacet
  facet normal -0.82940367961372186 -0.55864974379589438 0
    outer loop
      vertex -22.550140380859375 20.720537185668945 100
      vertex -21.198221206665039 18.713399887084961 93.75
      vertex -21.198221206665039 18.713399887084961 100
    endloop
  endfacet
  facet normal -0.82940367961372186 -0.55864974379589438 -0
    outer loop
      vertex -22.550140380859375 20.720537185668945 93.75
      vertex -22.550140380859375 20.720537185668945 87.5
      vertex -21.198221206665039 18.713399887084961 87.5
    endloop
  endfacet
  facet normal -0.82940367961372186 -0.55864974379589438 0
    outer loop
      vertex -22.550140380859375 20.720537185668945 93.75
      vertex -21.198221206665039 18.713399887084961 87.5
      vertex -21.198221206665039 18.713399887084961 93.75
    endloop
  endfacet
  facet normal -0.95842408483015207 -0.28534763643227445 0
    outer loop
      vertex -22.893112182617188 21.872509002685547 93.75
      vertex -22.550140380859375 20.720537185668945 93.75
      vertex -22.550140380859375 20.720537185668945 100
    endloop
  endfacet
  facet normal -0.62344483745804369 -0.78186733826584265 -0
    outer loop
      vertex -21.198221206665039 18.713399887084961 100
      vertex -21.198221206665039 18.713399887084961 93.75
      vertex -20.244361877441406 17.952812194824219 93.75
    endloop
  endfacet
  facet normal -0.54245212924139519 -0.8398622552622842 0.019418539266034315
    outer loop
      vertex -19.180696487426758 17.410316467285156 100
      vertex -21.198221206665039 18.713399887084961 100
      vertex -20.244361877441406 17.952812194824219 93.75
    endloop
  endfacet
  facet normal -0.98107683730210693 -0.19361879895633882 -0
    outer loop
      vertex -22.550140380859375 20.720537185668945 25
      vertex -23 23 27.272727966308594
      vertex -23 23 18.181818008422852
    endloop
  endfacet
  facet normal -0.50748783586211166 -0.86165872418120393 0.00058266148840809549
    outer loop
      vertex -20 17.803848266601562 8
      vertex -19.985021591186523 17.795228958129883 8.2994155883789062
      vertex -20.115974426269531 17.872554779052734 8.59375
    endloop
  endfacet
  facet normal -0.47948532028631463 -0.87754990036460623 -0
    outer loop
      vertex -19.766571044921875 17.675895690917969 4.839789867401123
      vertex -19.986000061035156 17.79578971862793 4.6875
      vertex -19.986000061035156 17.79578971862793 3.125
    endloop
  endfacet
  facet normal -0.49364413096110493 -0.86966399946626272 -0
    outer loop
      vertex -19.986000061035156 17.79578971862793 5.46875
      vertex -19.986000061035156 17.79578971862793 4.6875
      vertex -19.937700271606445 17.768373489379883 5.3917937278747559
    endloop
  endfacet
  facet normal -0.47876723969085472 -0.87794084542136108 -0.0013424379409364732
    outer loop
      vertex -19.766571044921875 17.675895690917969 4.839789867401123
      vertex -19.937700271606445 17.768373489379883 5.3917937278747559
      vertex -19.986000061035156 17.79578971862793 4.6875
    endloop
  endfacet
  facet normal -0.49368709485701773 -0.86963960989619915 -3.5654237061860018e-05
    outer loop
      vertex -19.984333038330078 17.794834136962891 5.6938023567199707
      vertex -19.986000061035156 17.79578971862793 5.46875
      vertex -19.937700271606445 17.768373489379883 5.3917937278747559
    endloop
  endfacet
  facet normal -0.42015413944430535 -0.90740112973581644 -0.0096793006968048274
    outer loop
      vertex -19.766571044921875 17.675895690917969 4.839789867401123
      vertex -19.986000061035156 17.79578971862793 3.125
      vertex -19.123157501220703 17.388208389282227 3.8805179595947266
    endloop
  endfacet
  facet normal -0.49386435835595888 -0.86953895573784212 -0
    outer loop
      vertex -19.940422058105469 17.769903182983398 8.5949125289916992
      vertex -19.986000061035156 17.79578971862793 9.375
      vertex -19.986000061035156 17.79578971862793 8.59375
    endloop
  endfacet
  facet normal -0.47580473216067826 -0.87955094045399418 -0
    outer loop
      vertex -19.986000061035156 17.79578971862793 9.375
      vertex -19.721851348876953 17.652894973754883 10.9375
      vertex -19.986000061035156 17.79578971862793 10.9375
    endloop
  endfacet
  facet normal -0.50854284300657249 -0.86103668581111326 -5.0141870148943635e-05
    outer loop
      vertex -19.985021591186523 17.795228958129883 8.2994155883789062
      vertex -19.986000061035156 17.79578971862793 8.59375
      vertex -20.115974426269531 17.872554779052734 8.59375
    endloop
  endfacet
  facet normal -0.49386464471951219 -0.86953879296757042 1.4851618700303122e-05
    outer loop
      vertex -19.986000061035156 17.79578971862793 8.59375
      vertex -19.985021591186523 17.795228958129883 8.2994155883789062
      vertex -19.940422058105469 17.769903182983398 8.5949125289916992
    endloop
  endfacet
  facet normal -0.47860000169241607 -0.87803226639488918 0.001173690535769073
    outer loop
      vertex -19.986000061035156 17.79578971862793 9.375
      vertex -19.940422058105469 17.769903182983398 8.5949125289916992
      vertex -19.766571044921875 17.675895690917969 9.1602096557617188
    endloop
  endfacet
  facet normal -0.50854284051780319 -0.86103668159726643 0.00011091461627631922
    outer loop
      vertex -19.984333038330078 17.794834136962891 5.6938023567199707
      vertex -20.115974426269531 17.872554779052734 5.46875
      vertex -19.986000061035156 17.79578971862793 5.46875
    endloop
  endfacet
  facet normal -0.42797212001834622 -0.90379114417242556 0.001196746631492348
    outer loop
      vertex -19.180696487426758 17.410316467285156 0
      vertex -19.123157501220703 17.388208389282227 3.8805179595947266
      vertex -19.986000061035156 17.79578971862793 3.125
    endloop
  endfacet
  facet normal -0.27556509793200767 -0.96128140674930407 -0.0013906256872377111
    outer loop
      vertex -18.16180419921875 17.113557815551758 3.2340989112854004
      vertex -19.123157501220703 17.388208389282227 3.8805179595947266
      vertex -19.180696487426758 17.410316467285156 0
    endloop
  endfacet
  facet normal -0.09727906586893828 -0.99525714433188917 0
    outer loop
      vertex -17 17 3
      vertex -18.16180419921875 17.113557815551758 3.2340989112854004
      vertex -17 17 0
    endloop
  endfacet
  facet normal -0.18481948046509583 -0.98225448889473099 -0.031904211113312049
    outer loop
      vertex -19.180696487426758 17.410316467285156 0
      vertex -17 17 0
      vertex -18.16180419921875 17.113557815551758 3.2340989112854004
    endloop
  endfacet
  facet normal -0.40904445297720232 -0.91251445768742834 -0
    outer loop
      vertex -19.721851348876953 17.652894973754883 12.5
      vertex -19.721851348876953 17.652894973754883 10.9375
      vertex -19.180696487426758 17.410316467285156 12.5
    endloop
  endfacet
  facet normal -0.40586262682580043 -0.91393313750196903 -0.0013222412292419445
    outer loop
      vertex -19.123157501220703 17.388208389282227 10.119482040405273
      vertex -19.180696487426758 17.410316467285156 12.5
      vertex -19.721851348876953 17.652894973754883 10.9375
    endloop
  endfacet
  facet normal -0.26834851785675412 -0.96326804146917788 -0.010185933841218594
    outer loop
      vertex -18.16180419921875 17.113557815551758 10.765901565551758
      vertex -18.629833221435547 17.225605010986328 12.5
      vertex -19.123157501220703 17.388208389282227 10.119482040405273
    endloop
  endfacet
  facet normal -0.3179160835701979 -0.94811819264360953 0.0011209752906831206
    outer loop
      vertex -18.629833221435547 17.225605010986328 12.5
      vertex -19.180696487426758 17.410316467285156 12.5
      vertex -19.123157501220703 17.388208389282227 10.119482040405273
    endloop
  endfacet
  facet normal -0.40618585310064381 -0.91378907597422043 -0.0016054192856235269
    outer loop
      vertex -19.123157501220703 17.388208389282227 10.119482040405273
      vertex -19.721851348876953 17.652894973754883 10.9375
      vertex -19.766571044921875 17.675895690917969 9.1602096557617188
    endloop
  endfacet
  facet normal -0.096381359949756093 -0.99533434053979863 -0.0044926602853510526
    outer loop
      vertex -17 17 11
      vertex -18.077770233154297 17.097593307495117 12.5
      vertex -18.16180419921875 17.113557815551758 10.765901565551758
    endloop
  endfacet
  facet normal -0.47896414762007689 -0.87783419143491837 0.00069111676023343987
    outer loop
      vertex -19.766571044921875 17.675895690917969 9.1602096557617188
      vertex -19.721851348876953 17.652894973754883 10.9375
      vertex -19.986000061035156 17.79578971862793 9.375
    endloop
  endfacet
  facet normal -0.51915488111903763 -0.85420763530957 -0.028416987685376694
    outer loop
      vertex -19.180696487426758 17.410316467285156 0
      vertex -19.986000061035156 17.79578971862793 3.125
      vertex -20.244361877441406 17.952812194824219 3.125
    endloop
  endfacet
  facet normal -0.27278617647618603 -0.96207468625024273 -0
    outer loop
      vertex -18.077770233154297 17.097593307495117 25
      vertex -19.180696487426758 17.410316467285156 37.5
      vertex -19.180696487426758 17.410316467285156 25
    endloop
  endfacet
  facet normal -0.090182155585016716 -0.99592528776712952 0
    outer loop
      vertex -18.077770233154297 17.097593307495117 18.75
      vertex -18.077770233154297 17.097593307495117 12.5
      vertex -17 17 11
    endloop
  endfacet
  facet normal -0.090182155585016716 -0.99592528776712952 0
    outer loop
      vertex -18.077770233154297 17.097593307495117 18.75
      vertex -17 17 11
      vertex -17 17 19.899999618530273
    endloop
  endfacet
  facet normal -0.090182155585016716 -0.99592528776712952 -0
    outer loop
      vertex -17 17 19.899999618530273
      vertex -18.077770233154297 17.097593307495117 25
      vertex -18.077770233154297 17.097593307495117 18.75
    endloop
  endfacet
  facet normal -0.22588517979370792 -0.97415192489742719 0.0019780718393427378
    outer loop
      vertex -18.077770233154297 17.097593307495117 12.5
      vertex -18.629833221435547 17.225605010986328 12.5
      vertex -18.16180419921875 17.113557815551758 10.765901565551758
    endloop
  endfacet
  facet normal -0.18491361423879807 -0.98275477880758499 -0
    outer loop
      vertex -19.180696487426758 17.410316467285156 50
      vertex -19.180696487426758 17.410316467285156 37.5
      vertex -17 17 37.700000762939453
    endloop
  endfacet
  facet normal -0.18491361423879804 -0.98275477880758488 0
    outer loop
      vertex -19.180696487426758 17.410316467285156 50
      vertex -17 17 37.700000762939453
      vertex -17 17 46.599998474121094
    endloop
  endfacet
  facet normal -0.18491361423879807 -0.98275477880758499 -0
    outer loop
      vertex -19.180696487426758 17.410316467285156 62.5
      vertex -19.180696487426758 17.410316467285156 50
      vertex -17 17 55.5
    endloop
  endfacet
  facet normal -0.18491361423879807 -0.98275477880758499 0
    outer loop
      vertex -19.180696487426758 17.410316467285156 62.5
      vertex -17 17 55.5
      vertex -17 17 64.400001525878906
    endloop
  endfacet
  facet normal -0.18491361423879807 -0.98275477880758499 -0
    outer loop
      vertex -19.180696487426758 17.410316467285156 75
      vertex -19.180696487426758 17.410316467285156 62.5
      vertex -17 17 64.400001525878906
    endloop
  endfacet
  facet normal -0.18491361423879807 -0.98275477880758499 -6.8192311437036482e-18
    outer loop
      vertex -19.180696487426758 17.410316467285156 75
      vertex -17 17 64.400001525878906
      vertex -17 17 73.300003051757812
    endloop
  endfacet
  facet normal -0.27278617647618603 -0.96207468625024273 -0
    outer loop
      vertex -19.180696487426758 17.410316467285156 93.75
      vertex -18.077770233154297 17.097593307495117 93.75
      vertex -19.180696487426758 17.410316467285156 100
    endloop
  endfacet
  facet normal -0.45434361486529584 -0.89082651489004061 0
    outer loop
      vertex -19.180696487426758 17.410316467285156 93.75
      vertex -19.180696487426758 17.410316467285156 100
      vertex -20.244361877441406 17.952812194824219 93.75
    endloop
  endfacet
  facet normal -0.27278617647618603 -0.96207468625024273 -0
    outer loop
      vertex -18.077770233154297 17.097593307495117 87.5
      vertex -19.180696487426758 17.410316467285156 87.5
      vertex -19.180696487426758 17.410316467285156 75
    endloop
  endfacet
  facet normal -0.13508216923034858 -0.990750842692663 0.012867605053061316
    outer loop
      vertex -19.180696487426758 17.410316467285156 37.5
      vertex -18.077770233154297 17.097593307495117 25
      vertex -17 17 28.799999237060547
    endloop
  endfacet
  facet normal -0.18491361423879807 -0.98275477880758499 0
    outer loop
      vertex -17 17 28.799999237060547
      vertex -17 17 37.700000762939453
      vertex -19.180696487426758 17.410316467285156 37.5
    endloop
  endfacet
  facet normal -0.18491361423879807 -0.98275477880758499 0
    outer loop
      vertex -17 17 46.599998474121094
      vertex -17 17 55.5
      vertex -19.180696487426758 17.410316467285156 50
    endloop
  endfacet
  facet normal -0.090182155585016716 -0.99592528776712952 -0
    outer loop
      vertex -17 17 91.099998474121094
      vertex -18.077770233154297 17.097593307495117 93.75
      vertex -18.077770233154297 17.097593307495117 87.5
    endloop
  endfacet
  facet normal -0.18491361423879807 -0.98275477880758499 0
    outer loop
      vertex -17 17 82.199996948242188
      vertex -19.180696487426758 17.410316467285156 75
      vertex -17 17 73.300003051757812
    endloop
  endfacet
  facet normal -0.14731389740346681 -0.98902005513404279 -0.011745048933740258
    outer loop
      vertex -17 17 82.199996948242188
      vertex -18.077770233154297 17.097593307495117 87.5
      vertex -19.180696487426758 17.410316467285156 75
    endloop
  endfacet
  facet normal -0.090182155585016716 -0.99592528776712952 0
    outer loop
      vertex -18.077770233154297 17.097593307495117 87.5
      vertex -17 17 82.199996948242188
      vertex -17 17 91.099998474121094
    endloop
  endfacet
  facet normal -0.090182155585016716 -0.99592528776712952 0
    outer loop
      vertex -18.077770233154297 17.097593307495117 93.75
      vertex -17 17 91.099998474121094
      vertex -17 17 100
    endloop
  endfacet
  facet normal -0.18488832141924907 -0.98262035582643459 0.016539193399423995
    outer loop
      vertex -19.180696487426758 17.410316467285156 100
      vertex -18.077770233154297 17.097593307495117 93.75
      vertex -17 17 100
    endloop
  endfacet
  facet normal -0.090182155585016716 -0.99592528776712952 0
    outer loop
      vertex -17 17 19.899999618530273
      vertex -17 17 28.799999237060547
      vertex -18.077770233154297 17.097593307495117 25
    endloop
  endfacet
  facet normal 0 0 -1
    outer loop
      vertex -21.198221206665039 18.713399887084961 0
      vertex -22.550140380859375 20.720537185668945 0
      vertex -23 23 0
    endloop
  endfacet
  facet normal 0 0 -1
    outer loop
      vertex -23 23 0
      vertex -17 17 0
      vertex -19.180696487426758 17.410316467285156 0
    endloop
  endfacet
  facet normal 0 0 -1
    outer loop
      vertex -21.198221206665039 18.713399887084961 0
      vertex -23 23 0
      vertex -19.180696487426758 17.410316467285156 0
    endloop
  endfacet
  facet normal -0 -0 -1
    outer loop
      vertex -23 23 0
      vertex -23 74 0
      vertex 0.5 17 0
    endloop
  endfacet
  facet normal -0 0 -1
    outer loop
      vertex -21.286600112915039 78.198219299316406 0
      vertex -23 74 0
      vertex -22.589683532714844 76.180694580078125 0
    endloop
  endfacet
  facet normal -0 0 -1
    outer loop
      vertex -21.286600112915039 78.198219299316406 0
      vertex -19.279462814331055 79.550140380859375 0
      vertex -23 74 0
    endloop
  endfacet
  facet normal 0 -0 -1
    outer loop
      vertex -17 80 0
      vertex -23 74 0
      vertex -19.279462814331055 79.550140380859375 0
    endloop
  endfacet
  facet normal 0 0 -1
    outer loop
      vertex 0.5 17 0
      vertex -23 74 0
      vertex -17 80 0
    endloop
  endfacet
  facet normal 0 0 -1
    outer loop
      vertex 0.5 17 0
      vertex -17 17 0
      vertex -23 23 0
    endloop
  endfacet
  facet normal 0 -0 -1
    outer loop
      vertex 18 17 0
      vertex 0.5 17 0
      vertex 24 23 0
    endloop
  endfacet
  facet normal 0 0 -1
    outer loop
      vertex 22.286600112915039 18.801778793334961 0
      vertex 20.279462814331055 17.449859619140625 0
      vertex 24 23 0
    endloop
  endfacet
  facet normal 0 -0 -1
    outer loop
      vertex 24 23 0
      vertex 20.279462814331055 17.449859619140625 0
      vertex 18 17 0
    endloop
  endfacet
  facet normal 0 0 -1
    outer loop
      vertex 24 23 0
      vertex 23.589683532714844 20.819303512573242 0
      vertex 22.286600112915039 18.801778793334961 0
    endloop
  endfacet
  facet normal 0 0 -1
    outer loop
      vertex 22.198221206665039 78.286598205566406 0
      vertex 24 74 0
      vertex 20.180696487426758 79.589683532714844 0
    endloop
  endfacet
  facet normal 0 0 -1
    outer loop
      vertex 18 80 0
      vertex 20.180696487426758 79.589683532714844 0
      vertex 24 74 0
    endloop
  endfacet
  facet normal 0 0 -1
    outer loop
      vertex 23.550140380859375 76.279464721679688 0
      vertex 24 74 0
      vertex 22.198221206665039 78.286598205566406 0
    endloop
  endfacet
  facet normal 0 0 -1
    outer loop
      vertex 24 74 0
      vertex 0.5 17 0
      vertex 18 80 0
    endloop
  endfacet
  facet normal 0 0 -1
    outer loop
      vertex 24 74 0
      vertex 24 23 0
      vertex 0.5 17 0
    endloop
  endfacet
  facet normal -0 0 -1
    outer loop
      vertex -17 80 0
      vertex 18 80 0
      vertex 0.5 17 0
    endloop
  endfacet
  facet normal -0 0 1
    outer loop
      vertex -19.180696487426758 17.410316467285156 100
      vertex -19.121320724487305 20.878679275512695 100
      vertex -21.198221206665039 18.713399887084961 100
    endloop
  endfacet
  facet normal -0 -0 1
    outer loop
      vertex -17 17 100
      vertex -18.104284286499023 20.210634231567383 100
      vertex -19.180696487426758 17.410316467285156 100
    endloop
  endfacet
  facet normal -0 0 1
    outer loop
      vertex -18.104284286499023 20.210634231567383 100
      vertex -19.121320724487305 20.878679275512695 100
      vertex -19.180696487426758 17.410316467285156 100
    endloop
  endfacet
  facet normal 0 -0 1
    outer loop
      vertex -22.550140380859375 20.720537185668945 100
      vertex -21.198221206665039 18.713399887084961 100
      vertex -19.789365768432617 21.895715713500977 100
    endloop
  endfacet
  facet normal 0 0 1
    outer loop
      vertex -19.121320724487305 20.878679275512695 100
      vertex -19.789365768432617 21.895715713500977 100
      vertex -21.198221206665039 18.713399887084961 100
    endloop
  endfacet
  facet normal 0 -0 1
    outer loop
      vertex -20 23 100
      vertex -22.550140380859375 20.720537185668945 100
      vertex -19.789365768432617 21.895715713500977 100
    endloop
  endfacet
  facet normal -0 -0 1
    outer loop
      vertex -17 20 100
      vertex -17 17 100
      vertex -12 17 100
    endloop
  endfacet
  facet normal -0 -0 1
    outer loop
      vertex -8.25 20 100
      vertex -12 17 100
      vertex -7 17 100
    endloop
  endfacet
  facet normal 0 0 1
    outer loop
      vertex -17 20 100
      vertex -12 17 100
      vertex -8.25 20 100
    endloop
  endfacet
  facet normal 0 -0 1
    outer loop
      vertex -2 17 100
      vertex -8.25 20 100
      vertex -7 17 100
    endloop
  endfacet
  facet normal -0 0 1
    outer loop
      vertex -18.104284286499023 20.210634231567383 100
      vertex -17 17 100
      vertex -17 20 100
    endloop
  endfacet
  facet normal 0 0 1
    outer loop
      vertex -23 74 100
      vertex -23 23 100
      vertex -20 48.5 100
    endloop
  endfacet
  facet normal -0 -0 1
    outer loop
      vertex -20 23 100
      vertex -20 48.5 100
      vertex -23 23 100
    endloop
  endfacet
  facet normal -0 0 1
    outer loop
      vertex -20 74 100
      vertex -23 74 100
      vertex -20 48.5 100
    endloop
  endfacet
  facet normal -0 -0 1
    outer loop
      vertex -19.789365768432617 75.104286193847656 100
      vertex -21.286600112915039 78.198219299316406 100
      vertex -22.589683532714844 76.180694580078125 100
    endloop
  endfacet
  facet normal -0 0 1
    outer loop
      vertex -23 74 100
      vertex -20 74 100
      vertex -22.589683532714844 76.180694580078125 100
    endloop
  endfacet
  facet normal 0 0 1
    outer loop
      vertex -20 74 100
      vertex -19.789365768432617 75.104286193847656 100
      vertex -22.589683532714844 76.180694580078125 100
    endloop
  endfacet
  facet normal 0 0 1
    outer loop
      vertex -21.286600112915039 78.198219299316406 100
      vertex -19.121320724487305 76.121322631835938 100
      vertex -19.279462814331055 79.550140380859375 100
    endloop
  endfacet
  facet normal 0 -0 1
    outer loop
      vertex -17 80 100
      vertex -19.279462814331055 79.550140380859375 100
      vertex -18.104284286499023 76.78936767578125 100
    endloop
  endfacet
  facet normal -0 0 1
    outer loop
      vertex -19.121320724487305 76.121322631835938 100
      vertex -18.104284286499023 76.78936767578125 100
      vertex -19.279462814331055 79.550140380859375 100
    endloop
  endfacet
  facet normal -0 0 1
    outer loop
      vertex -18.104284286499023 76.78936767578125 100
      vertex -17 77 100
      vertex -17 80 100
    endloop
  endfacet
  facet normal -0 0 1
    outer loop
      vertex -17 77 100
      vertex 18 77 100
      vertex -17 80 100
    endloop
  endfacet
  facet normal -0 0 1
    outer loop
      vertex -19.789365768432617 75.104286193847656 100
      vertex -19.121320724487305 76.121322631835938 100
      vertex -21.286600112915039 78.198219299316406 100
    endloop
  endfacet
  facet normal 0 -0 1
    outer loop
      vertex -20 23 100
      vertex -23 23 100
      vertex -22.550140380859375 20.720537185668945 100
    endloop
  endfacet
  facet normal 0 0 1
    outer loop
      vertex -8.25 20 100
      vertex -2 17 100
      vertex 0.5 20 100
    endloop
  endfacet
  facet normal 0 -0 1
    outer loop
      vertex 9.25 20 100
      vertex 3 17 100
      vertex 8 17 100
    endloop
  endfacet
  facet normal -0 -0 1
    outer loop
      vertex 9.25 20 100
      vertex 8 17 100
      vertex 13 17 100
    endloop
  endfacet
  facet normal 0 0 1
    outer loop
      vertex 3 17 100
      vertex 9.25 20 100
      vertex 0.5 20 100
    endloop
  endfacet
  facet normal 0 0 1
    outer loop
      vertex 13 17 100
      vertex 18 20 100
      vertex 9.25 20 100
    endloop
  endfacet
  facet normal 0 -0 1
    outer loop
      vertex 18 20 100
      vertex 13 17 100
      vertex 18 17 100
    endloop
  endfacet
  facet normal -0 0 1
    outer loop
      vertex -2 17 100
      vertex 3 17 100
      vertex 0.5 20 100
    endloop
  endfacet
  facet normal -0 0 1
    outer loop
      vertex 20.279462814331055 17.449859619140625 100
      vertex 19.104284286499023 20.210634231567383 100
      vertex 18 17 100
    endloop
  endfacet
  facet normal -0 0 1
    outer loop
      vertex 22.286600112915039 18.801778793334961 100
      vertex 20.121320724487305 20.878679275512695 100
      vertex 20.279462814331055 17.449859619140625 100
    endloop
  endfacet
  facet normal 0 0 1
    outer loop
      vertex 20.121320724487305 20.878679275512695 100
      vertex 19.104284286499023 20.210634231567383 100
      vertex 20.279462814331055 17.449859619140625 100
    endloop
  endfacet
  facet normal -0 -0 1
    outer loop
      vertex 21 23 100
      vertex 20.789365768432617 21.895715713500977 100
      vertex 23.589683532714844 20.819303512573242 100
    endloop
  endfacet
  facet normal -0 -0 1
    outer loop
      vertex 22.286600112915039 18.801778793334961 100
      vertex 20.789365768432617 21.895715713500977 100
      vertex 20.121320724487305 20.878679275512695 100
    endloop
  endfacet
  facet normal -0 0 1
    outer loop
      vertex 22.286600112915039 18.801778793334961 100
      vertex 23.589683532714844 20.819303512573242 100
      vertex 20.789365768432617 21.895715713500977 100
    endloop
  endfacet
  facet normal -0 0 1
    outer loop
      vertex 18 20 100
      vertex 18 17 100
      vertex 19.104284286499023 20.210634231567383 100
    endloop
  endfacet
  facet normal -0 0 1
    outer loop
      vertex 22.198221206665039 78.286598205566406 100
      vertex 20.180696487426758 79.589683532714844 100
      vertex 20.121320724487305 76.121322631835938 100
    endloop
  endfacet
  facet normal 0 -0 1
    outer loop
      vertex 20.180696487426758 79.589683532714844 100
      vertex 19.104284286499023 76.78936767578125 100
      vertex 20.121320724487305 76.121322631835938 100
    endloop
  endfacet
  facet normal 0 0 1
    outer loop
      vertex 18 77 100
      vertex 19.104284286499023 76.78936767578125 100
      vertex 18 80 100
    endloop
  endfacet
  facet normal -0 0 1
    outer loop
      vertex 20.180696487426758 79.589683532714844 100
      vertex 18 80 100
      vertex 19.104284286499023 76.78936767578125 100
    endloop
  endfacet
  facet normal 0 0 1
    outer loop
      vertex 18 77 100
      vertex 18 80 100
      vertex -17 80 100
    endloop
  endfacet
  facet normal 0 -0 1
    outer loop
      vertex 22.198221206665039 78.286598205566406 100
      vertex 20.121320724487305 76.121322631835938 100
      vertex 20.789365768432617 75.104286193847656 100
    endloop
  endfacet
  facet normal 0 0 1
    outer loop
      vertex 21 48.5 100
      vertex 21 23 100
      vertex 24 23 100
    endloop
  endfacet
  facet normal 0 0 1
    outer loop
      vertex 23.589683532714844 20.819303512573242 100
      vertex 24 23 100
      vertex 21 23 100
    endloop
  endfacet
  facet normal 0 -0 1
    outer loop
      vertex 24 74 100
      vertex 21 48.5 100
      vertex 24 23 100
    endloop
  endfacet
  facet normal 0 0 1
    outer loop
      vertex 21 74 100
      vertex 23.550140380859375 76.279464721679688 100
      vertex 20.789365768432617 75.104286193847656 100
    endloop
  endfacet
  facet normal 0 0 1
    outer loop
      vertex 22.198221206665039 78.286598205566406 100
      vertex 20.789365768432617 75.104286193847656 100
      vertex 23.550140380859375 76.279464721679688 100
    endloop
  endfacet
  facet normal -0 0 1
    outer loop
      vertex 21 74 100
      vertex 24 74 100
      vertex 23.550140380859375 76.279464721679688 100
    endloop
  endfacet
  facet normal -0 0 1
    outer loop
      vertex 24 74 100
      vertex 21 74 100
      vertex 21 48.5 100
    endloop
  endfacet
  facet normal -0 1 0
    outer loop
      vertex -7 20 23.714284896850586
      vertex -7 20 17.357143402099609
      vertex -9.5 20 17.357143402099609
    endloop
  endfacet
  facet normal -0 1 0
    outer loop
      vertex -7 20 23.714284896850586
      vertex -9.5 20 17.357143402099609
      vertex -9.5 20 23.714284896850586
    endloop
  endfacet
  facet normal -0 1 0
    outer loop
      vertex -9.5 20 23.714284896850586
      vertex -9.5 20 17.357143402099609
      vertex -12 20 17.357143402099609
    endloop
  endfacet
  facet normal -0 1 0
    outer loop
      vertex -9.5 20 23.714284896850586
      vertex -12 20 17.357143402099609
      vertex -12 20 23.714284896850586
    endloop
  endfacet
  facet normal 0 1 -0
    outer loop
      vertex -9.5 20 23.714284896850586
      vertex -7 20 30.071428298950195
      vertex -7 20 23.714284896850586
    endloop
  endfacet
  facet normal 0 1 0
    outer loop
      vertex -7 20 30.071428298950195
      vertex -12 20 36.428569793701172
      vertex -7 20 36.428569793701172
    endloop
  endfacet
  facet normal -0 1 0
    outer loop
      vertex -12 20 36.428569793701172
      vertex -9.5 20 23.714284896850586
      vertex -12 20 23.714284896850586
    endloop
  endfacet
  facet normal 0 1 0
    outer loop
      vertex -9.5 20 23.714284896850586
      vertex -12 20 36.428569793701172
      vertex -7 20 30.071428298950195
    endloop
  endfacet
  facet normal -0 1 0
    outer loop
      vertex -7 20 49.142856597900391
      vertex -7 20 36.428569793701172
      vertex -12 20 36.428569793701172
    endloop
  endfacet
  facet normal -0 1 0
    outer loop
      vertex -7 20 49.142856597900391
      vertex -12 20 36.428569793701172
      vertex -12 20 49.142856597900391
    endloop
  endfacet
  facet normal -0 1 0
    outer loop
      vertex -7 20 61.857143402099609
      vertex -7 20 49.142856597900391
      vertex -12 20 49.142856597900391
    endloop
  endfacet
  facet normal -0 1 0
    outer loop
      vertex -7 20 61.857143402099609
      vertex -12 20 49.142856597900391
      vertex -12 20 61.857143402099609
    endloop
  endfacet
  facet normal -0 1 0
    outer loop
      vertex -7 20 74.571426391601562
      vertex -7 20 61.857143402099609
      vertex -12 20 61.857143402099609
    endloop
  endfacet
  facet normal -0 1 0
    outer loop
      vertex -7 20 74.571426391601562
      vertex -12 20 61.857143402099609
      vertex -12 20 74.571426391601562
    endloop
  endfacet
  facet normal -0 1 0
    outer loop
      vertex -7 20 87.285713195800781
      vertex -7 20 74.571426391601562
      vertex -12 20 74.571426391601562
    endloop
  endfacet
  facet normal -0 1 0
    outer loop
      vertex -7 20 87.285713195800781
      vertex -12 20 74.571426391601562
      vertex -12 20 87.285713195800781
    endloop
  endfacet
  facet normal -0 1 0
    outer loop
      vertex -4.5 20 36.428569793701172
      vertex -4.5 20 30.071428298950195
      vertex -7 20 30.071428298950195
    endloop
  endfacet
  facet normal -0 1 0
    outer loop
      vertex -4.5 20 36.428569793701172
      vertex -7 20 30.071428298950195
      vertex -7 20 36.428569793701172
    endloop
  endfacet
  facet normal 0 1 -0
    outer loop
      vertex -4.5 20 36.428569793701172
      vertex -2 20 49.142856597900391
      vertex -2 20 36.428569793701172
    endloop
  endfacet
  facet normal -0 1 0
    outer loop
      vertex -7 20 49.142856597900391
      vertex -4.5 20 36.428569793701172
      vertex -7 20 36.428569793701172
    endloop
  endfacet
  facet normal -0 1 0
    outer loop
      vertex -2 20 49.142856597900391
      vertex -4.5 20 36.428569793701172
      vertex -7 20 49.142856597900391
    endloop
  endfacet
  facet normal -0 1 0
    outer loop
      vertex -2 20 61.857143402099609
      vertex -2 20 49.142856597900391
      vertex -7 20 49.142856597900391
    endloop
  endfacet
  facet normal -0 1 0
    outer loop
      vertex -2 20 61.857143402099609
      vertex -7 20 49.142856597900391
      vertex -7 20 61.857143402099609
    endloop
  endfacet
  facet normal -0 1 0
    outer loop
      vertex -2 20 74.571426391601562
      vertex -2 20 61.857143402099609
      vertex -7 20 61.857143402099609
    endloop
  endfacet
  facet normal -0 1 0
    outer loop
      vertex -2 20 74.571426391601562
      vertex -7 20 61.857143402099609
      vertex -7 20 74.571426391601562
    endloop
  endfacet
  facet normal -0 1 0
    outer loop
      vertex -2 20 87.285713195800781
      vertex -2 20 74.571426391601562
      vertex -7 20 74.571426391601562
    endloop
  endfacet
  facet normal -0 1 0
    outer loop
      vertex -2 20 87.285713195800781
      vertex -7 20 74.571426391601562
      vertex -7 20 87.285713195800781
    endloop
  endfacet
  facet normal 0 1 -0
    outer loop
      vertex 0.5 20 36.428569793701172
      vertex 3 20 49.142856597900391
      vertex 3 20 36.428569793701172
    endloop
  endfacet
  facet normal -0 1 0
    outer loop
      vertex -2 20 49.142856597900391
      vertex 0.5 20 36.428569793701172
      vertex -2 20 36.428569793701172
    endloop
  endfacet
  facet normal -0 1 0
    outer loop
      vertex 3 20 49.142856597900391
      vertex 0.5 20 36.428569793701172
      vertex -2 20 49.142856597900391
    endloop
  endfacet
  facet normal -0 1 0
    outer loop
      vertex 3 20 61.857143402099609
      vertex 3 20 49.142856597900391
      vertex -2 20 49.142856597900391
    endloop
  endfacet
  facet normal -0 1 0
    outer loop
      vertex 3 20 61.857143402099609
      vertex -2 20 49.142856597900391
      vertex -2 20 61.857143402099609
    endloop
  endfacet
  facet normal -0 1 0
    outer loop
      vertex 3 20 74.571426391601562
      vertex 3 20 61.857143402099609
      vertex -2 20 61.857143402099609
    endloop
  endfacet
  facet normal -0 1 0
    outer loop
      vertex 3 20 74.571426391601562
      vertex -2 20 61.857143402099609
      vertex -2 20 74.571426391601562
    endloop
  endfacet
  facet normal -0 1 0
    outer loop
      vertex 3 20 87.285713195800781
      vertex 3 20 74.571426391601562
      vertex -2 20 74.571426391601562
    endloop
  endfacet
  facet normal -0 1 0
    outer loop
      vertex 3 20 87.285713195800781
      vertex -2 20 74.571426391601562
      vertex -2 20 87.285713195800781
    endloop
  endfacet
  facet normal -0 1 0
    outer loop
      vertex 8 20 36.428569793701172
      vertex 8 20 30.071428298950195
      vertex 5.5 20 30.071428298950195
    endloop
  endfacet
  facet normal -0 1 0
    outer loop
      vertex 8 20 36.428569793701172
      vertex 5.5 20 30.071428298950195
      vertex 5.5 20 36.428569793701172
    endloop
  endfacet
  facet normal 0 1 -0
    outer loop
      vertex 5.5 20 36.428569793701172
      vertex 8 20 49.142856597900391
      vertex 8 20 36.428569793701172
    endloop
  endfacet
  facet normal -0 1 0
    outer loop
      vertex 3 20 49.142856597900391
      vertex 5.5 20 36.428569793701172
      vertex 3 20 36.428569793701172
    endloop
  endfacet
  facet normal -0 1 0
    outer loop
      vertex 8 20 49.142856597900391
      vertex 5.5 20 36.428569793701172
      vertex 3 20 49.142856597900391
    endloop
  endfacet
  facet normal -0 1 0
    outer loop
      vertex 8 20 61.857143402099609
      vertex 8 20 49.142856597900391
      vertex 3 20 49.142856597900391
    endloop
  endfacet
  facet normal -0 1 0
    outer loop
      vertex 8 20 61.857143402099609
      vertex 3 20 49.142856597900391
      vertex 3 20 61.857143402099609
    endloop
  endfacet
  facet normal -0 1 0
    outer loop
      vertex 8 20 74.571426391601562
      vertex 8 20 61.857143402099609
      vertex 3 20 61.857143402099609
    endloop
  endfacet
  facet normal -0 1 0
    outer loop
      vertex 8 20 74.571426391601562
      vertex 3 20 61.857143402099609
      vertex 3 20 74.571426391601562
    endloop
  endfacet
  facet normal -0 1 0
    outer loop
      vertex 8 20 87.285713195800781
      vertex 8 20 74.571426391601562
      vertex 3 20 74.571426391601562
    endloop
  endfacet
  facet normal -0 1 0
    outer loop
      vertex 8 20 87.285713195800781
      vertex 3 20 74.571426391601562
      vertex 3 20 87.285713195800781
    endloop
  endfacet
  facet normal -0 1 0
    outer loop
      vertex 13 20 23.714284896850586
      vertex 13 20 17.357143402099609
      vertex 10.5 20 17.357143402099609
    endloop
  endfacet
  facet normal -0 1 0
    outer loop
      vertex 13 20 23.714284896850586
      vertex 10.5 20 17.357143402099609
      vertex 10.5 20 23.714284896850586
    endloop
  endfacet
  facet normal -0 1 0
    outer loop
      vertex 10.5 20 23.714284896850586
      vertex 10.5 20 17.357143402099609
      vertex 8 20 17.357143402099609
    endloop
  endfacet
  facet normal -0 1 0
    outer loop
      vertex 10.5 20 23.714284896850586
      vertex 8 20 17.357143402099609
      vertex 8 20 23.714284896850586
    endloop
  endfacet
  facet normal -0 1 0
    outer loop
      vertex 8 20 30.071428298950195
      vertex 10.5 20 23.714284896850586
      vertex 8 20 23.714284896850586
    endloop
  endfacet
  facet normal 0 1 -0
    outer loop
      vertex 10.5 20 23.714284896850586
      vertex 13 20 36.428569793701172
      vertex 13 20 23.714284896850586
    endloop
  endfacet
  facet normal -0 1 0
    outer loop
      vertex 13 20 36.428569793701172
      vertex 8 20 30.071428298950195
      vertex 8 20 36.428569793701172
    endloop
  endfacet
  facet normal 0 1 0
    outer loop
      vertex 8 20 30.071428298950195
      vertex 13 20 36.428569793701172
      vertex 10.5 20 23.714284896850586
    endloop
  endfacet
  facet normal -0 1 0
    outer loop
      vertex 13 20 49.142856597900391
      vertex 13 20 36.428569793701172
      vertex 8 20 36.428569793701172
    endloop
  endfacet
  facet normal -0 1 0
    outer loop
      vertex 13 20 49.142856597900391
      vertex 8 20 36.428569793701172
      vertex 8 20 49.142856597900391
    endloop
  endfacet
  facet normal -0 1 0
    outer loop
      vertex 13 20 61.857143402099609
      vertex 13 20 49.142856597900391
      vertex 8 20 49.142856597900391
    endloop
  endfacet
  facet normal -0 1 0
    outer loop
      vertex 13 20 61.857143402099609
      vertex 8 20 49.142856597900391
      vertex 8 20 61.857143402099609
    endloop
  endfacet
  facet normal -0 1 0
    outer loop
      vertex 13 20 74.571426391601562
      vertex 13 20 61.857143402099609
      vertex 8 20 61.857143402099609
    endloop
  endfacet
  facet normal -0 1 0
    outer loop
      vertex 13 20 74.571426391601562
      vertex 8 20 61.857143402099609
      vertex 8 20 74.571426391601562
    endloop
  endfacet
  facet normal -0 1 0
    outer loop
      vertex 13 20 87.285713195800781
      vertex 13 20 74.571426391601562
      vertex 8 20 74.571426391601562
    endloop
  endfacet
  facet normal -0 1 0
    outer loop
      vertex 13 20 87.285713195800781
      vertex 8 20 74.571426391601562
      vertex 8 20 87.285713195800781
    endloop
  endfacet
  facet normal -0 1 0
    outer loop
      vertex -17 20 15.684210777282715
      vertex -13.75 20 11
      vertex -17 20 11
    endloop
  endfacet
  facet normal -0 1 0
    outer loop
      vertex -12 20 17.357143402099609
      vertex -13.75 20 11
      vertex -17 20 15.684210777282715
    endloop
  endfacet
  facet normal 0 1 0
    outer loop
      vertex -10.5 20 11
      vertex -12 20 17.357143402099609
      vertex -9.5 20 17.357143402099609
    endloop
  endfacet
  facet normal 0 1 -0
    outer loop
      vertex -13.75 20 11
      vertex -12 20 17.357143402099609
      vertex -10.5 20 11
    endloop
  endfacet
  facet normal -0 1 0
    outer loop
      vertex -8.4754791259765625 20 11.386164665222168
      vertex -10.5 20 11
      vertex -9.5 20 17.357143402099609
    endloop
  endfacet
  facet normal -0 1 -0
    outer loop
      vertex -17 20 20.36842155456543
      vertex -12 20 17.357143402099609
      vertex -17 20 15.684210777282715
    endloop
  endfacet
  facet normal 0 1 0
    outer loop
      vertex -12 20 23.714284896850586
      vertex -17 20 20.36842155456543
      vertex -17 20 25.052631378173828
    endloop
  endfacet
  facet normal 0 1 0
    outer loop
      vertex -12 20 23.714284896850586
      vertex -17 20 25.052631378173828
      vertex -17 20 29.736841201782227
    endloop
  endfacet
  facet normal -0 1 0
    outer loop
      vertex -12 20 36.428569793701172
      vertex -17 20 29.736841201782227
      vertex -17 20 34.421051025390625
    endloop
  endfacet
  facet normal -0 1 0
    outer loop
      vertex -12 20 23.714284896850586
      vertex -12 20 17.357143402099609
      vertex -17 20 20.36842155456543
    endloop
  endfacet
  facet normal 0 1 0
    outer loop
      vertex -17 20 29.736841201782227
      vertex -12 20 36.428569793701172
      vertex -12 20 23.714284896850586
    endloop
  endfacet
  facet normal 0 1 0
    outer loop
      vertex -9.5 20 17.357143402099609
      vertex -7 20 17.357143402099609
      vertex -8.4754791259765625 20 11.386164665222168
    endloop
  endfacet
  facet normal -0 1 -0
    outer loop
      vertex -7 20 23.714284896850586
      vertex -5 20 21
      vertex -5 20 16.5
    endloop
  endfacet
  facet normal -0 1 0
    outer loop
      vertex -7 20 23.714284896850586
      vertex -5 20 16.5
      vertex -7 20 17.357143402099609
    endloop
  endfacet
  facet normal 0 1 -0
    outer loop
      vertex -8.4754791259765625 20 11.386164665222168
      vertex -7 20 17.357143402099609
      vertex -6.6109127998352051 20 12.610912322998047
    endloop
  endfacet
  facet normal -0 1 -0
    outer loop
      vertex -6.6109127998352051 20 12.610912322998047
      vertex -7 20 17.357143402099609
      vertex -5.3861641883850098 20 14.475479125976562
    endloop
  endfacet
  facet normal -0 1 -0
    outer loop
      vertex -5.3861641883850098 20 14.475479125976562
      vertex -7 20 17.357143402099609
      vertex -5 20 16.5
    endloop
  endfacet
  facet normal -0 1 0
    outer loop
      vertex -5 20 25.5
      vertex -5 20 21
      vertex -7 20 23.714284896850586
    endloop
  endfacet
  facet normal -0 1 -0
    outer loop
      vertex -4.6138358116149902 20 27.524520874023438
      vertex -5 20 25.5
      vertex -7 20 30.071428298950195
    endloop
  endfacet
  facet normal 0 1 -0
    outer loop
      vertex -7 20 23.714284896850586
      vertex -7 20 30.071428298950195
      vertex -5 20 25.5
    endloop
  endfacet
  facet normal -0 1 0
    outer loop
      vertex -4.5 20 30.071428298950195
      vertex -4.6138358116149902 20 27.524520874023438
      vertex -7 20 30.071428298950195
    endloop
  endfacet
  facet normal -0 1 0
    outer loop
      vertex -3.3890872001647949 20 29.389087677001953
      vertex -4.5 20 30.071428298950195
      vertex -4.5 20 36.428569793701172
    endloop
  endfacet
  facet normal 0 1 -0
    outer loop
      vertex -4.6138358116149902 20 27.524520874023438
      vertex -4.5 20 30.071428298950195
      vertex -3.3890872001647949 20 29.389087677001953
    endloop
  endfacet
  facet normal 0 1 -0
    outer loop
      vertex -3.3890872001647949 20 29.389087677001953
      vertex -2 20 36.428569793701172
      vertex -1.5245208740234375 20 30.613836288452148
    endloop
  endfacet
  facet normal 0 1 0
    outer loop
      vertex -12 20 36.428569793701172
      vertex -17 20 39.105262756347656
      vertex -17 20 43.789474487304688
    endloop
  endfacet
  facet normal -0 1 0
    outer loop
      vertex -12 20 49.142856597900391
      vertex -17 20 43.789474487304688
      vertex -17 20 48.473682403564453
    endloop
  endfacet
  facet normal -0 1 0
    outer loop
      vertex -12 20 49.142856597900391
      vertex -17 20 53.157894134521484
      vertex -17 20 57.842105865478516
    endloop
  endfacet
  facet normal 0 1 0
    outer loop
      vertex -12 20 61.857143402099609
      vertex -17 20 57.842105865478516
      vertex -17 20 62.526317596435547
    endloop
  endfacet
  facet normal -0 1 -0
    outer loop
      vertex -17 20 53.157894134521484
      vertex -12 20 49.142856597900391
      vertex -17 20 48.473682403564453
    endloop
  endfacet
  facet normal -0 1 0
    outer loop
      vertex -12 20 74.571426391601562
      vertex -17 20 67.210525512695312
      vertex -17 20 71.894737243652344
    endloop
  endfacet
  facet normal 0 1 0
    outer loop
      vertex -12 20 74.571426391601562
      vertex -17 20 71.894737243652344
      vertex -17 20 76.578948974609375
    endloop
  endfacet
  facet normal 0 1 0
    outer loop
      vertex -12 20 87.285713195800781
      vertex -17 20 81.263160705566406
      vertex -17 20 85.947364807128906
    endloop
  endfacet
  facet normal 0 1 0
    outer loop
      vertex -12 20 87.285713195800781
      vertex -17 20 85.947364807128906
      vertex -17 20 90.631576538085938
    endloop
  endfacet
  facet normal 0 1 0
    outer loop
      vertex -17 20 81.263160705566406
      vertex -12 20 74.571426391601562
      vertex -17 20 76.578948974609375
    endloop
  endfacet
  facet normal 0 1 0
    outer loop
      vertex -17 20 67.210525512695312
      vertex -12 20 61.857143402099609
      vertex -17 20 62.526317596435547
    endloop
  endfacet
  facet normal 0 1 0
    outer loop
      vertex -12 20 49.142856597900391
      vertex -17 20 57.842105865478516
      vertex -12 20 61.857143402099609
    endloop
  endfacet
  facet normal 0 1 0
    outer loop
      vertex -12 20 61.857143402099609
      vertex -17 20 67.210525512695312
      vertex -12 20 74.571426391601562
    endloop
  endfacet
  facet normal 0 1 0
    outer loop
      vertex -3.3890872001647949 20 29.389087677001953
      vertex -4.5 20 36.428569793701172
      vertex -2 20 36.428569793701172
    endloop
  endfacet
  facet normal 0 1 0
    outer loop
      vertex -12 20 74.571426391601562
      vertex -17 20 81.263160705566406
      vertex -12 20 87.285713195800781
    endloop
  endfacet
  facet normal -0 1 0
    outer loop
      vertex -17 20 100
      vertex -12 20 87.285713195800781
      vertex -17 20 95.315788269042969
    endloop
  endfacet
  facet normal 0 1 0
    outer loop
      vertex -12 20 87.285713195800781
      vertex -17 20 90.631576538085938
      vertex -17 20 95.315788269042969
    endloop
  endfacet
  facet normal -0 1 0
    outer loop
      vertex -8.25 20 100
      vertex -12 20 87.285713195800781
      vertex -17 20 100
    endloop
  endfacet
  facet normal 0 1 0
    outer loop
      vertex -7 20 87.285713195800781
      vertex -8.25 20 100
      vertex 0.5 20 100
    endloop
  endfacet
  facet normal 0 1 -0
    outer loop
      vertex -7 20 87.285713195800781
      vertex 0.5 20 100
      vertex -2 20 87.285713195800781
    endloop
  endfacet
  facet normal -0 1 0
    outer loop
      vertex 3 20 87.285713195800781
      vertex -2 20 87.285713195800781
      vertex 0.5 20 100
    endloop
  endfacet
  facet normal 0 1 -0
    outer loop
      vertex -12 20 87.285713195800781
      vertex -8.25 20 100
      vertex -7 20 87.285713195800781
    endloop
  endfacet
  facet normal 0 1 0
    outer loop
      vertex -12 20 36.428569793701172
      vertex -17 20 43.789474487304688
      vertex -12 20 49.142856597900391
    endloop
  endfacet
  facet normal 0 1 0
    outer loop
      vertex -12 20 36.428569793701172
      vertex -17 20 34.421051025390625
      vertex -17 20 39.105262756347656
    endloop
  endfacet
  facet normal -0 1 0
    outer loop
      vertex 0.5 20 36.428569793701172
      vertex -1.5245208740234375 20 30.613836288452148
      vertex -2 20 36.428569793701172
    endloop
  endfacet
  facet normal -0 1 -0
    outer loop
      vertex 8 20 17.357143402099609
      vertex 6 20 16.5
      vertex 6 20 21
    endloop
  endfacet
  facet normal -0 1 0
    outer loop
      vertex 6.3861641883850098 20 14.475479125976562
      vertex 6 20 16.5
      vertex 8 20 17.357143402099609
    endloop
  endfacet
  facet normal 0 1 0
    outer loop
      vertex 6 20 21
      vertex 8 20 23.714284896850586
      vertex 8 20 17.357143402099609
    endloop
  endfacet
  facet normal 0 1 0
    outer loop
      vertex 9.4754791259765625 20 11.386164665222168
      vertex 7.6109127998352051 20 12.610912322998047
      vertex 8 20 17.357143402099609
    endloop
  endfacet
  facet normal -0 1 0
    outer loop
      vertex 7.6109127998352051 20 12.610912322998047
      vertex 6.3861641883850098 20 14.475479125976562
      vertex 8 20 17.357143402099609
    endloop
  endfacet
  facet normal -0 1 -0
    outer loop
      vertex 6 20 25.5
      vertex 8 20 23.714284896850586
      vertex 6 20 21
    endloop
  endfacet
  facet normal 0 1 0
    outer loop
      vertex 4.3890872001647949 20 29.389087677001953
      vertex 2.5245208740234375 20 30.613836288452148
      vertex 3 20 36.428569793701172
    endloop
  endfacet
  facet normal -0 1 0
    outer loop
      vertex 0.5 20 31
      vertex 0.5 20 36.428569793701172
      vertex 2.5245208740234375 20 30.613836288452148
    endloop
  endfacet
  facet normal 0 1 0
    outer loop
      vertex 6 20 25.5
      vertex 5.6138358116149902 20 27.524520874023438
      vertex 8 20 30.071428298950195
    endloop
  endfacet
  facet normal 0 1 0
    outer loop
      vertex 4.3890872001647949 20 29.389087677001953
      vertex 5.5 20 30.071428298950195
      vertex 5.6138358116149902 20 27.524520874023438
    endloop
  endfacet
  facet normal -0 1 0
    outer loop
      vertex 8 20 30.071428298950195
      vertex 5.6138358116149902 20 27.524520874023438
      vertex 5.5 20 30.071428298950195
    endloop
  endfacet
  facet normal -0 1 0
    outer loop
      vertex 5.5 20 36.428569793701172
      vertex 5.5 20 30.071428298950195
      vertex 4.3890872001647949 20 29.389087677001953
    endloop
  endfacet
  facet normal 0 1 0
    outer loop
      vertex 8 20 23.714284896850586
      vertex 6 20 25.5
      vertex 8 20 30.071428298950195
    endloop
  endfacet
  facet normal -0 1 0
    outer loop
      vertex 10.5 20 17.357143402099609
      vertex 11.5 20 11
      vertex 9.4754791259765625 20 11.386164665222168
    endloop
  endfacet
  facet normal 0 1 0
    outer loop
      vertex 11.5 20 11
      vertex 10.5 20 17.357143402099609
      vertex 13 20 17.357143402099609
    endloop
  endfacet
  facet normal -0 1 0
    outer loop
      vertex 18 20 15.684210777282715
      vertex 18 20 11
      vertex 14.75 20 11
    endloop
  endfacet
  facet normal -0 1 0
    outer loop
      vertex 14.75 20 11
      vertex 11.5 20 11
      vertex 13 20 17.357143402099609
    endloop
  endfacet
  facet normal -0 1 -0
    outer loop
      vertex 18 20 15.684210777282715
      vertex 14.75 20 11
      vertex 13 20 17.357143402099609
    endloop
  endfacet
  facet normal 0 1 -0
    outer loop
      vertex 13 20 23.714284896850586
      vertex 18 20 25.052631378173828
      vertex 18 20 20.36842155456543
    endloop
  endfacet
  facet normal -0 1 -0
    outer loop
      vertex 13 20 23.714284896850586
      vertex 18 20 20.36842155456543
      vertex 13 20 17.357143402099609
    endloop
  endfacet
  facet normal -0 1 -0
    outer loop
      vertex 13 20 36.428569793701172
      vertex 18 20 34.421051025390625
      vertex 18 20 29.736841201782227
    endloop
  endfacet
  facet normal -0 1 -0
    outer loop
      vertex 13 20 36.428569793701172
      vertex 18 20 29.736841201782227
      vertex 13 20 23.714284896850586
    endloop
  endfacet
  facet normal 0 1 -0
    outer loop
      vertex 13 20 23.714284896850586
      vertex 18 20 29.736841201782227
      vertex 18 20 25.052631378173828
    endloop
  endfacet
  facet normal 0 1 -0
    outer loop
      vertex 18 20 20.36842155456543
      vertex 18 20 15.684210777282715
      vertex 13 20 17.357143402099609
    endloop
  endfacet
  facet normal 0 1 0
    outer loop
      vertex 9.4754791259765625 20 11.386164665222168
      vertex 8 20 17.357143402099609
      vertex 10.5 20 17.357143402099609
    endloop
  endfacet
  facet normal 0 1 0
    outer loop
      vertex 2.5245208740234375 20 30.613836288452148
      vertex 0.5 20 36.428569793701172
      vertex 3 20 36.428569793701172
    endloop
  endfacet
  facet normal 0 1 0
    outer loop
      vertex 4.3890872001647949 20 29.389087677001953
      vertex 3 20 36.428569793701172
      vertex 5.5 20 36.428569793701172
    endloop
  endfacet
  facet normal -0 1 -0
    outer loop
      vertex 13 20 49.142856597900391
      vertex 18 20 43.789474487304688
      vertex 18 20 39.105262756347656
    endloop
  endfacet
  facet normal -0 1 -0
    outer loop
      vertex 13 20 49.142856597900391
      vertex 18 20 39.105262756347656
      vertex 13 20 36.428569793701172
    endloop
  endfacet
  facet normal 0 1 0
    outer loop
      vertex 18 20 34.421051025390625
      vertex 13 20 36.428569793701172
      vertex 18 20 39.105262756347656
    endloop
  endfacet
  facet normal 0 1 0
    outer loop
      vertex 13 20 61.857143402099609
      vertex 18 20 57.842105865478516
      vertex 18 20 53.157894134521484
    endloop
  endfacet
  facet normal -0 1 -0
    outer loop
      vertex 13 20 61.857143402099609
      vertex 18 20 53.157894134521484
      vertex 13 20 49.142856597900391
    endloop
  endfacet
  facet normal -0 1 0
    outer loop
      vertex 9.25 20 100
      vertex 8 20 87.285713195800781
      vertex 3 20 87.285713195800781
    endloop
  endfacet
  facet normal -0 1 0
    outer loop
      vertex 13 20 87.285713195800781
      vertex 8 20 87.285713195800781
      vertex 9.25 20 100
    endloop
  endfacet
  facet normal 0 1 0
    outer loop
      vertex 0.5 20 100
      vertex 9.25 20 100
      vertex 3 20 87.285713195800781
    endloop
  endfacet
  facet normal -0 1 -0
    outer loop
      vertex 13 20 74.571426391601562
      vertex 18 20 71.894737243652344
      vertex 18 20 67.210525512695312
    endloop
  endfacet
  facet normal -0 1 -0
    outer loop
      vertex 13 20 74.571426391601562
      vertex 18 20 67.210525512695312
      vertex 13 20 61.857143402099609
    endloop
  endfacet
  facet normal -0 1 -0
    outer loop
      vertex 13 20 87.285713195800781
      vertex 18 20 81.263160705566406
      vertex 18 20 76.578948974609375
    endloop
  endfacet
  facet normal -0 1 -0
    outer loop
      vertex 13 20 87.285713195800781
      vertex 18 20 76.578948974609375
      vertex 13 20 74.571426391601562
    endloop
  endfacet
  facet normal -0 1 0
    outer loop
      vertex 18 20 100
      vertex 13 20 87.285713195800781
      vertex 9.25 20 100
    endloop
  endfacet
  facet normal -0 1 -0
    outer loop
      vertex 13 20 49.142856597900391
      vertex 18 20 48.473682403564453
      vertex 18 20 43.789474487304688
    endloop
  endfacet
  facet normal 0 1 -0
    outer loop
      vertex 13 20 49.142856597900391
      vertex 18 20 53.157894134521484
      vertex 18 20 48.473682403564453
    endloop
  endfacet
  facet normal 0 1 -0
    outer loop
      vertex 13 20 61.857143402099609
      vertex 18 20 62.526317596435547
      vertex 18 20 57.842105865478516
    endloop
  endfacet
  facet normal 0 1 -0
    outer loop
      vertex 13 20 61.857143402099609
      vertex 18 20 67.210525512695312
      vertex 18 20 62.526317596435547
    endloop
  endfacet
  facet normal 0 1 -0
    outer loop
      vertex 13 20 74.571426391601562
      vertex 18 20 76.578948974609375
      vertex 18 20 71.894737243652344
    endloop
  endfacet
  facet normal 0 1 -0
    outer loop
      vertex 13 20 87.285713195800781
      vertex 18 20 90.631576538085938
      vertex 18 20 85.947364807128906
    endloop
  endfacet
  facet normal -0 1 0
    outer loop
      vertex 13 20 87.285713195800781
      vertex 18 20 100
      vertex 18 20 95.315788269042969
    endloop
  endfacet
  facet normal 0 1 -0
    outer loop
      vertex 13 20 87.285713195800781
      vertex 18 20 95.315788269042969
      vertex 18 20 90.631576538085938
    endloop
  endfacet
  facet normal 0 1 0
    outer loop
      vertex 13 20 87.285713195800781
      vertex 18 20 85.947364807128906
      vertex 18 20 81.263160705566406
    endloop
  endfacet
  facet normal -0 1 0
    outer loop
      vertex -1.5245208740234375 20 30.613836288452148
      vertex 0.5 20 36.428569793701172
      vertex 0.5 20 31
    endloop
  endfacet
  facet normal -0.16515345202082238 0.83684069766880098 0.52194059433119411
    outer loop
      vertex 18.718652725219727 20.087348937988281 3.0873486995697021
      vertex 19.139730453491211 20.224929809570312 3
      vertex 18 20 3
    endloop
  endfacet
  facet normal -0.55458872420997551 0.82337561701029216 0.12034924300581401
    outer loop
      vertex 19.363668441772461 20.327844619750977 3.3278453350067139
      vertex 20.143299102783203 20.900888442993164 3
      vertex 19.139730453491211 20.224929809570312 3
    endloop
  endfacet
  facet normal -0.32371890601167858 0.94317950289151187 -0.074956622228611061
    outer loop
      vertex 19.139730453491211 20.224929809570312 3
      vertex 18.718652725219727 20.087348937988281 3.0873486995697021
      vertex 19.363668441772461 20.327844619750977 3.3278453350067139
    endloop
  endfacet
  facet normal -0.57374192299270332 0.81661123322915474 0.062978564326236372
    outer loop
      vertex 20.143299102783203 20.900888442993164 3
      vertex 19.363668441772461 20.327844619750977 3.3278453350067139
      vertex 19.895879745483398 20.674997329711914 3.6749973297119141
    endloop
  endfacet
  facet normal -0.69729016453546733 0.71661542816078017 -0.01577195498480833
    outer loop
      vertex 19.895879745483398 20.674997329711914 3.6749973297119141
      vertex 20.315340042114258 21.092330932617188 4.0923304557800293
      vertex 20.143299102783203 20.900888442993164 3
    endloop
  endfacet
  facet normal -0.86780824327223827 0.49681388893185685 -0.0092093796292917682
    outer loop
      vertex 20.794841766357422 21.909650802612305 3
      vertex 20.315340042114258 21.092330932617188 4.0923304557800293
      vertex 20.833547592163086 22.014604568481445 5.0146040916442871
    endloop
  endfacet
  facet normal -0.83943922995111031 0.54217969829636758 0.037188089146209816
    outer loop
      vertex 20.143299102783203 20.900888442993164 3
      vertex 20.315340042114258 21.092330932617188 4.0923304557800293
      vertex 20.794841766357422 21.909650802612305 3
    endloop
  endfacet
  facet normal -0.98275480819877981 0.18491345803423584 0
    outer loop
      vertex 21 23 3
      vertex 20.794841766357422 21.909650802612305 3
      vertex 21 23 4.5
    endloop
  endfacet
  facet normal -0.98603135044922852 0.1665598268829275 0
    outer loop
      vertex 21 23 6
      vertex 21 23 4.5
      vertex 20.833547592163086 22.014604568481445 5.0146040916442871
    endloop
  endfacet
  facet normal -0.98511268990209488 0.17161955458375369 0.0099858238685153252
    outer loop
      vertex 20.794841766357422 21.909650802612305 3
      vertex 20.833547592163086 22.014604568481445 5.0146040916442871
      vertex 21 23 4.5
    endloop
  endfacet
  facet normal -1 0 -0
    outer loop
      vertex 21 67.625 87.875
      vertex 21 67.625 75.75
      vertex 21 61.25 75.75
    endloop
  endfacet
  facet normal -1 0 -0
    outer loop
      vertex 21 67.625 87.875
      vertex 21 61.25 75.75
      vertex 21 61.25 87.875
    endloop
  endfacet
  facet normal -1 -0 -0
    outer loop
      vertex 21 61.25 63.625
      vertex 21 48.5 75.75
      vertex 21 61.25 75.75
    endloop
  endfacet
  facet normal -1 0 0
    outer loop
      vertex 21 48.5 51.5
      vertex 21 61.25 63.625
      vertex 21 61.25 51.5
    endloop
  endfacet
  facet normal -1 0 0
    outer loop
      vertex 21 48.5 75.75
      vertex 21 61.25 63.625
      vertex 21 48.5 51.5
    endloop
  endfacet
  facet normal -1 0 -0
    outer loop
      vertex 21 67.625 75.75
      vertex 21 67.625 63.625
      vertex 21 61.25 63.625
    endloop
  endfacet
  facet normal -1 0 -0
    outer loop
      vertex 21 67.625 75.75
      vertex 21 61.25 63.625
      vertex 21 61.25 75.75
    endloop
  endfacet
  facet normal -1 0 -0
    outer loop
      vertex 21 67.625 63.625
      vertex 21 67.625 51.5
      vertex 21 61.25 51.5
    endloop
  endfacet
  facet normal -1 0 -0
    outer loop
      vertex 21 67.625 63.625
      vertex 21 61.25 51.5
      vertex 21 61.25 63.625
    endloop
  endfacet
  facet normal -1 0 -0
    outer loop
      vertex 21 35.75 87.875
      vertex 21 35.75 75.75
      vertex 21 29.375 75.75
    endloop
  endfacet
  facet normal -1 0 -0
    outer loop
      vertex 21 35.75 87.875
      vertex 21 29.375 75.75
      vertex 21 29.375 87.875
    endloop
  endfacet
  facet normal -1 0 -0
    outer loop
      vertex 21 35.75 75.75
      vertex 21 35.75 63.625
      vertex 21 29.375 63.625
    endloop
  endfacet
  facet normal -1 0 -0
    outer loop
      vertex 21 35.75 75.75
      vertex 21 29.375 63.625
      vertex 21 29.375 75.75
    endloop
  endfacet
  facet normal -1 0 -0
    outer loop
      vertex 21 35.75 63.625
      vertex 21 35.75 51.5
      vertex 21 29.375 51.5
    endloop
  endfacet
  facet normal -1 0 -0
    outer loop
      vertex 21 35.75 63.625
      vertex 21 29.375 51.5
      vertex 21 29.375 63.625
    endloop
  endfacet
  facet normal -1 0 0
    outer loop
      vertex 21 35.75 63.625
      vertex 21 48.5 51.5
      vertex 21 35.75 51.5
    endloop
  endfacet
  facet normal -1 0 -0
    outer loop
      vertex 21 48.5 75.75
      vertex 21 35.75 63.625
      vertex 21 35.75 75.75
    endloop
  endfacet
  facet normal -1 -0 -0
    outer loop
      vertex 21 48.5 51.5
      vertex 21 35.75 63.625
      vertex 21 48.5 75.75
    endloop
  endfacet
  facet normal -1 0 0
    outer loop
      vertex 21 35.75 39.375
      vertex 21 48.5 27.25
      vertex 21 35.75 27.25
    endloop
  endfacet
  facet normal -1 0 -0
    outer loop
      vertex 21 48.5 51.5
      vertex 21 35.75 39.375
      vertex 21 35.75 51.5
    endloop
  endfacet
  facet normal -1 -0 -0
    outer loop
      vertex 21 48.5 27.25
      vertex 21 35.75 39.375
      vertex 21 48.5 51.5
    endloop
  endfacet
  facet normal -1 0 -0
    outer loop
      vertex 21 35.75 51.5
      vertex 21 35.75 39.375
      vertex 21 29.375 39.375
    endloop
  endfacet
  facet normal -1 0 -0
    outer loop
      vertex 21 35.75 51.5
      vertex 21 29.375 39.375
      vertex 21 29.375 51.5
    endloop
  endfacet
  facet normal -1 0 -0
    outer loop
      vertex 21 35.75 39.375
      vertex 21 35.75 27.25
      vertex 21 29.375 27.25
    endloop
  endfacet
  facet normal -1 0 -0
    outer loop
      vertex 21 35.75 39.375
      vertex 21 29.375 27.25
      vertex 21 29.375 39.375
    endloop
  endfacet
  facet normal -1 0 -0
    outer loop
      vertex 21 35.75 27.25
      vertex 21 35.75 15.125
      vertex 21 29.375 15.125
    endloop
  endfacet
  facet normal -1 0 -0
    outer loop
      vertex 21 35.75 27.25
      vertex 21 29.375 15.125
      vertex 21 29.375 27.25
    endloop
  endfacet
  facet normal -1 0 -0
    outer loop
      vertex 21 29.375 15.125
      vertex 21 29.375 9.0625
      vertex 21 26.1875 9.0625
    endloop
  endfacet
  facet normal -1 0 -0
    outer loop
      vertex 21 29.375 15.125
      vertex 21 26.1875 9.0625
      vertex 21 26.1875 15.125
    endloop
  endfacet
  facet normal -1 0 -0
    outer loop
      vertex 21 26.1875 9.0625
      vertex 21 26.1875 6.03125
      vertex 21 24.59375 6.03125
    endloop
  endfacet
  facet normal -1 0 -0
    outer loop
      vertex 21 26.1875 9.0625
      vertex 21 24.59375 6.03125
      vertex 21 24.59375 9.0625
    endloop
  endfacet
  facet normal -1 0 -0
    outer loop
      vertex 21 67.625 51.5
      vertex 21 67.625 39.375
      vertex 21 61.25 39.375
    endloop
  endfacet
  facet normal -1 0 -0
    outer loop
      vertex 21 67.625 51.5
      vertex 21 61.25 39.375
      vertex 21 61.25 51.5
    endloop
  endfacet
  facet normal -1 0 -0
    outer loop
      vertex 21 67.625 39.375
      vertex 21 67.625 27.25
      vertex 21 61.25 27.25
    endloop
  endfacet
  facet normal -1 0 -0
    outer loop
      vertex 21 67.625 39.375
      vertex 21 61.25 27.25
      vertex 21 61.25 39.375
    endloop
  endfacet
  facet normal -1 -0 -0
    outer loop
      vertex 21 61.25 39.375
      vertex 21 48.5 51.5
      vertex 21 61.25 51.5
    endloop
  endfacet
  facet normal -1 0 0
    outer loop
      vertex 21 48.5 27.25
      vertex 21 61.25 39.375
      vertex 21 61.25 27.25
    endloop
  endfacet
  facet normal -1 0 0
    outer loop
      vertex 21 48.5 51.5
      vertex 21 61.25 39.375
      vertex 21 48.5 27.25
    endloop
  endfacet
  facet normal -1 0 -0
    outer loop
      vertex 21 67.625 27.25
      vertex 21 67.625 15.125
      vertex 21 61.25 15.125
    endloop
  endfacet
  facet normal -1 0 -0
    outer loop
      vertex 21 67.625 27.25
      vertex 21 61.25 15.125
      vertex 21 61.25 27.25
    endloop
  endfacet
  facet normal -1 -0 0
    outer loop
      vertex 21 24.59375 6.03125
      vertex 21 23 3
      vertex 21 23 4.5
    endloop
  endfacet
  facet normal -1 0 0
    outer loop
      vertex 21 24.59375 6.03125
      vertex 21 23 6
      vertex 21 23 8
    endloop
  endfacet
  facet normal -1 0 0
    outer loop
      vertex 21 23 6
      vertex 21 24.59375 6.03125
      vertex 21 23 4.5
    endloop
  endfacet
  facet normal -1 0 0
    outer loop
      vertex 21 26.1875 15.125
      vertex 21 23 12.842104911804199
      vertex 21 23 17.684209823608398
    endloop
  endfacet
  facet normal -1 0 -0
    outer loop
      vertex 21 29.375 27.25
      vertex 21 23 22.526315689086914
      vertex 21 23 27.36842155456543
    endloop
  endfacet
  facet normal -1 -0 -0
    outer loop
      vertex 21 29.375 27.25
      vertex 21 23 27.36842155456543
      vertex 21 23 32.210525512695312
    endloop
  endfacet
  facet normal -1 -0 -0
    outer loop
      vertex 21 23 22.526315689086914
      vertex 21 26.1875 15.125
      vertex 21 23 17.684209823608398
    endloop
  endfacet
  facet normal -1 0 0
    outer loop
      vertex 21 23 12.842104911804199
      vertex 21 24.59375 9.0625
      vertex 21 23 8
    endloop
  endfacet
  facet normal -1 -0 -0
    outer loop
      vertex 21 23 8
      vertex 21 24.59375 9.0625
      vertex 21 24.59375 6.03125
    endloop
  endfacet
  facet normal -1 0 -0
    outer loop
      vertex 21 29.375 9.0625
      vertex 21 26.1875 6.03125
      vertex 21 26.1875 9.0625
    endloop
  endfacet
  facet normal -1 0 -0
    outer loop
      vertex 21 26.1875 6.03125
      vertex 21 23 3
      vertex 21 24.59375 6.03125
    endloop
  endfacet
  facet normal -1 0 -0
    outer loop
      vertex 21 26.1875 15.125
      vertex 21 26.1875 9.0625
      vertex 21 24.59375 9.0625
    endloop
  endfacet
  facet normal -1 0 -0
    outer loop
      vertex 21 29.375 9.0625
      vertex 21 29.375 15.125
      vertex 21 35.75 15.125
    endloop
  endfacet
  facet normal -1 -0 0
    outer loop
      vertex 21 26.1875 15.125
      vertex 21 29.375 27.25
      vertex 21 29.375 15.125
    endloop
  endfacet
  facet normal -1 0 -0
    outer loop
      vertex 21 61.25 15.125
      vertex 21 29.375 9.0625
      vertex 21 35.75 15.125
    endloop
  endfacet
  facet normal -1 -0 0
    outer loop
      vertex 21 23 22.526315689086914
      vertex 21 29.375 27.25
      vertex 21 26.1875 15.125
    endloop
  endfacet
  facet normal -1 -0 -0
    outer loop
      vertex 21 74 3
      vertex 21 26.1875 6.03125
      vertex 21 29.375 9.0625
    endloop
  endfacet
  facet normal -1 -0 0
    outer loop
      vertex 21 23 12.842104911804199
      vertex 21 26.1875 15.125
      vertex 21 24.59375 9.0625
    endloop
  endfacet
  facet normal -1 -0 0
    outer loop
      vertex 21 23 3
      vertex 21 26.1875 6.03125
      vertex 21 74 3
    endloop
  endfacet
  facet normal -1 -0 -0
    outer loop
      vertex 21 29.375 27.25
      vertex 21 23 32.210525512695312
      vertex 21 23 37.052631378173828
    endloop
  endfacet
  facet normal -1 -0 -0
    outer loop
      vertex 21 29.375 27.25
      vertex 21 23 37.052631378173828
      vertex 21 29.375 39.375
    endloop
  endfacet
  facet normal -1 0 -0
    outer loop
      vertex 21 29.375 39.375
      vertex 21 23 37.052631378173828
      vertex 21 23 41.894737243652344
    endloop
  endfacet
  facet normal -1 0 -0
    outer loop
      vertex 21 29.375 51.5
      vertex 21 23 46.736843109130859
      vertex 21 23 51.578948974609375
    endloop
  endfacet
  facet normal -1 0 0
    outer loop
      vertex 21 23 46.736843109130859
      vertex 21 29.375 39.375
      vertex 21 23 41.894737243652344
    endloop
  endfacet
  facet normal -1 0 -0
    outer loop
      vertex 21 29.375 63.625
      vertex 21 23 56.421051025390625
      vertex 21 23 61.263156890869141
    endloop
  endfacet
  facet normal -1 -0 -0
    outer loop
      vertex 21 29.375 63.625
      vertex 21 23 66.105262756347656
      vertex 21 23 70.947364807128906
    endloop
  endfacet
  facet normal -1 0 -0
    outer loop
      vertex 21 29.375 75.75
      vertex 21 23 70.947364807128906
      vertex 21 23 75.789474487304688
    endloop
  endfacet
  facet normal -1 0 0
    outer loop
      vertex 21 23 66.105262756347656
      vertex 21 29.375 63.625
      vertex 21 23 61.263156890869141
    endloop
  endfacet
  facet normal -1 0 0
    outer loop
      vertex 21 23 56.421051025390625
      vertex 21 29.375 51.5
      vertex 21 23 51.578948974609375
    endloop
  endfacet
  facet normal -1 -0 -0
    outer loop
      vertex 21 23 56.421051025390625
      vertex 21 29.375 63.625
      vertex 21 29.375 51.5
    endloop
  endfacet
  facet normal -1 -0 -0
    outer loop
      vertex 21 29.375 39.375
      vertex 21 23 46.736843109130859
      vertex 21 29.375 51.5
    endloop
  endfacet
  facet normal -1 -0 -0
    outer loop
      vertex 21 29.375 63.625
      vertex 21 23 70.947364807128906
      vertex 21 29.375 75.75
    endloop
  endfacet
  facet normal -1 0 -0
    outer loop
      vertex 21 23 75.789474487304688
      vertex 21 23 80.631576538085938
      vertex 21 29.375 75.75
    endloop
  endfacet
  facet normal -1 -0 -0
    outer loop
      vertex 21 29.375 75.75
      vertex 21 23 80.631576538085938
      vertex 21 23 85.473686218261719
    endloop
  endfacet
  facet normal -1 -0 -0
    outer loop
      vertex 21 29.375 75.75
      vertex 21 23 85.473686218261719
      vertex 21 29.375 87.875
    endloop
  endfacet
  facet normal -1 0 -0
    outer loop
      vertex 21 29.375 87.875
      vertex 21 23 85.473686218261719
      vertex 21 23 90.315788269042969
    endloop
  endfacet
  facet normal -1 0 0
    outer loop
      vertex 21 23 100
      vertex 21 29.375 87.875
      vertex 21 23 95.15789794921875
    endloop
  endfacet
  facet normal -1 -0 -0
    outer loop
      vertex 21 23 90.315788269042969
      vertex 21 23 95.15789794921875
      vertex 21 29.375 87.875
    endloop
  endfacet
  facet normal -1 0 -0
    outer loop
      vertex 21 35.75 87.875
      vertex 21 29.375 87.875
      vertex 21 23 100
    endloop
  endfacet
  facet normal -1 0 -0
    outer loop
      vertex 21 48.5 27.25
      vertex 21 35.75 15.125
      vertex 21 35.75 27.25
    endloop
  endfacet
  facet normal -1 -0 0
    outer loop
      vertex 21 48.5 27.25
      vertex 21 61.25 15.125
      vertex 21 35.75 15.125
    endloop
  endfacet
  facet normal -1 0 0
    outer loop
      vertex 21 67.625 27.25
      vertex 21 74 23.421052932739258
      vertex 21 74 18.315790176391602
    endloop
  endfacet
  facet normal -1 0 0
    outer loop
      vertex 21 67.625 27.25
      vertex 21 74 18.315790176391602
      vertex 21 67.625 15.125
    endloop
  endfacet
  facet normal -1 0 0
    outer loop
      vertex 21 61.25 15.125
      vertex 21 67.625 15.125
      vertex 21 74 3
    endloop
  endfacet
  facet normal -1 0 0
    outer loop
      vertex 21 61.25 15.125
      vertex 21 74 3
      vertex 21 29.375 9.0625
    endloop
  endfacet
  facet normal -1 -0 -0
    outer loop
      vertex 21 61.25 15.125
      vertex 21 48.5 27.25
      vertex 21 61.25 27.25
    endloop
  endfacet
  facet normal -1 0 0
    outer loop
      vertex 21 67.625 39.375
      vertex 21 74 33.631580352783203
      vertex 21 74 28.526315689086914
    endloop
  endfacet
  facet normal -1 0 0
    outer loop
      vertex 21 67.625 39.375
      vertex 21 74 28.526315689086914
      vertex 21 67.625 27.25
    endloop
  endfacet
  facet normal -1 0 0
    outer loop
      vertex 21 67.625 51.5
      vertex 21 74 48.947368621826172
      vertex 21 74 43.842105865478516
    endloop
  endfacet
  facet normal -1 0 0
    outer loop
      vertex 21 67.625 51.5
      vertex 21 74 43.842105865478516
      vertex 21 67.625 39.375
    endloop
  endfacet
  facet normal -1 0 0
    outer loop
      vertex 21 67.625 15.125
      vertex 21 74 8.1052627563476562
      vertex 21 74 3
    endloop
  endfacet
  facet normal -1 0 0
    outer loop
      vertex 21 67.625 15.125
      vertex 21 74 13.210526466369629
      vertex 21 74 8.1052627563476562
    endloop
  endfacet
  facet normal -1 0 0
    outer loop
      vertex 21 67.625 15.125
      vertex 21 74 18.315790176391602
      vertex 21 74 13.210526466369629
    endloop
  endfacet
  facet normal -1 0 0
    outer loop
      vertex 21 67.625 39.375
      vertex 21 74 43.842105865478516
      vertex 21 74 38.736843109130859
    endloop
  endfacet
  facet normal -1 0 0
    outer loop
      vertex 21 67.625 39.375
      vertex 21 74 38.736843109130859
      vertex 21 74 33.631580352783203
    endloop
  endfacet
  facet normal -1 0 0
    outer loop
      vertex 21 67.625 27.25
      vertex 21 74 28.526315689086914
      vertex 21 74 23.421052932739258
    endloop
  endfacet
  facet normal -1 0 0
    outer loop
      vertex 21 74 54.052631378173828
      vertex 21 74 48.947368621826172
      vertex 21 67.625 51.5
    endloop
  endfacet
  facet normal -1 0 0
    outer loop
      vertex 21 35.75 87.875
      vertex 21 48.5 75.75
      vertex 21 35.75 75.75
    endloop
  endfacet
  facet normal -1 -0 0
    outer loop
      vertex 21 61.25 87.875
      vertex 21 61.25 75.75
      vertex 21 48.5 75.75
    endloop
  endfacet
  facet normal -1 0 0
    outer loop
      vertex 21 23 100
      vertex 21 48.5 100
      vertex 21 35.75 87.875
    endloop
  endfacet
  facet normal -1 0 -0
    outer loop
      vertex 21 48.5 100
      vertex 21 48.5 75.75
      vertex 21 35.75 87.875
    endloop
  endfacet
  facet normal -1 0 0
    outer loop
      vertex 21 61.25 87.875
      vertex 21 48.5 75.75
      vertex 21 48.5 100
    endloop
  endfacet
  facet normal -1 -0 0
    outer loop
      vertex 21 67.625 87.875
      vertex 21 74 84.684211730957031
      vertex 21 74 79.578948974609375
    endloop
  endfacet
  facet normal -1 0 0
    outer loop
      vertex 21 67.625 87.875
      vertex 21 74 79.578948974609375
      vertex 21 67.625 75.75
    endloop
  endfacet
  facet normal -1 0 -0
    outer loop
      vertex 21 74 100
      vertex 21 61.25 87.875
      vertex 21 48.5 100
    endloop
  endfacet
  facet normal -1 0 -0
    outer loop
      vertex 21 67.625 87.875
      vertex 21 61.25 87.875
      vertex 21 74 100
    endloop
  endfacet
  facet normal -1 0 0
    outer loop
      vertex 21 67.625 75.75
      vertex 21 74 74.473686218261719
      vertex 21 74 69.368423461914062
    endloop
  endfacet
  facet normal -1 0 0
    outer loop
      vertex 21 67.625 75.75
      vertex 21 74 69.368423461914062
      vertex 21 67.625 63.625
    endloop
  endfacet
  facet normal -1 0 0
    outer loop
      vertex 21 67.625 63.625
      vertex 21 74 59.157894134521484
      vertex 21 74 54.052631378173828
    endloop
  endfacet
  facet normal -1 0 0
    outer loop
      vertex 21 67.625 63.625
      vertex 21 74 54.052631378173828
      vertex 21 67.625 51.5
    endloop
  endfacet
  facet normal -1 0 0
    outer loop
      vertex 21 67.625 63.625
      vertex 21 74 69.368423461914062
      vertex 21 74 64.263160705566406
    endloop
  endfacet
  facet normal -1 0 0
    outer loop
      vertex 21 67.625 63.625
      vertex 21 74 64.263160705566406
      vertex 21 74 59.157894134521484
    endloop
  endfacet
  facet normal -1 0 0
    outer loop
      vertex 21 67.625 87.875
      vertex 21 74 94.894737243652344
      vertex 21 74 89.789474487304688
    endloop
  endfacet
  facet normal -1 -0 0
    outer loop
      vertex 21 67.625 87.875
      vertex 21 74 100
      vertex 21 74 94.894737243652344
    endloop
  endfacet
  facet normal -1 0 0
    outer loop
      vertex 21 67.625 87.875
      vertex 21 74 89.789474487304688
      vertex 21 74 84.684211730957031
    endloop
  endfacet
  facet normal -1 0 0
    outer loop
      vertex 21 67.625 75.75
      vertex 21 74 79.578948974609375
      vertex 21 74 74.473686218261719
    endloop
  endfacet
  facet normal -0.95842447245605289 -0.28534633447327939 -0
    outer loop
      vertex 20.775070190429688 75.139732360839844 9.9285717010498047
      vertex 20.775070190429688 75.139732360839844 6.4642858505249023
      vertex 20.946556091308594 74.563743591308594 6.4642858505249023
    endloop
  endfacet
  facet normal -0.95842447245605289 -0.28534633447327939 0
    outer loop
      vertex 20.775070190429688 75.139732360839844 9.9285717010498047
      vertex 20.946556091308594 74.563743591308594 6.4642858505249023
      vertex 20.946556091308594 74.563743591308594 9.9285717010498047
    endloop
  endfacet
  facet normal -0.95842447245605289 -0.28534633447327939 -0
    outer loop
      vertex 20.775070190429688 75.139732360839844 96.535713195800781
      vertex 20.775070190429688 75.139732360839844 93.071426391601562
      vertex 20.946556091308594 74.563743591308594 93.071426391601562
    endloop
  endfacet
  facet normal -0.95842447245605289 -0.28534633447327939 0
    outer loop
      vertex 20.775070190429688 75.139732360839844 96.535713195800781
      vertex 20.946556091308594 74.563743591308594 93.071426391601562
      vertex 20.946556091308594 74.563743591308594 96.535713195800781
    endloop
  endfacet
  facet normal -0.82940453676490089 -0.5586484712176345 -0
    outer loop
      vertex 20.099111557006836 76.143302917480469 16.857143402099609
      vertex 20.099111557006836 76.143302917480469 9.9285717010498047
      vertex 20.775070190429688 75.139732360839844 9.9285717010498047
    endloop
  endfacet
  facet normal -0.82940453676490089 -0.5586484712176345 -1.1510300168061939e-17
    outer loop
      vertex 20.099111557006836 76.143302917480469 16.857143402099609
      vertex 20.775070190429688 75.139732360839844 9.9285717010498047
      vertex 20.775070190429688 75.139732360839844 16.857143402099609
    endloop
  endfacet
  facet normal -0.82940453676490089 -0.5586484712176345 -0
    outer loop
      vertex 20.099111557006836 76.143302917480469 23.785715103149414
      vertex 20.099111557006836 76.143302917480469 16.857143402099609
      vertex 20.775070190429688 75.139732360839844 16.857143402099609
    endloop
  endfacet
  facet normal -0.82940453676490089 -0.5586484712176345 -1.1510300168061939e-17
    outer loop
      vertex 20.099111557006836 76.143302917480469 23.785715103149414
      vertex 20.775070190429688 75.139732360839844 16.857143402099609
      vertex 20.775070190429688 75.139732360839844 23.785715103149414
    endloop
  endfacet
  facet normal -0.82940453676490089 -0.5586484712176345 -0
    outer loop
      vertex 20.099111557006836 76.143302917480469 30.714284896850586
      vertex 20.099111557006836 76.143302917480469 23.785715103149414
      vertex 20.775070190429688 75.139732360839844 23.785715103149414
    endloop
  endfacet
  facet normal -0.82940453676490089 -0.5586484712176345 1.1510300168061939e-17
    outer loop
      vertex 20.099111557006836 76.143302917480469 30.714284896850586
      vertex 20.775070190429688 75.139732360839844 23.785715103149414
      vertex 20.775070190429688 75.139732360839844 30.714284896850586
    endloop
  endfacet
  facet normal -0.82940453676490089 -0.5586484712176345 -0
    outer loop
      vertex 20.099111557006836 76.143302917480469 37.642856597900391
      vertex 20.099111557006836 76.143302917480469 30.714284896850586
      vertex 20.775070190429688 75.139732360839844 30.714284896850586
    endloop
  endfacet
  facet normal -0.82940453676490089 -0.5586484712176345 -1.1510300168061939e-17
    outer loop
      vertex 20.099111557006836 76.143302917480469 37.642856597900391
      vertex 20.775070190429688 75.139732360839844 30.714284896850586
      vertex 20.775070190429688 75.139732360839844 37.642856597900391
    endloop
  endfacet
  facet normal -0.82940453676490089 -0.5586484712176345 -0
    outer loop
      vertex 20.099111557006836 76.143302917480469 44.571430206298828
      vertex 20.099111557006836 76.143302917480469 37.642856597900391
      vertex 20.775070190429688 75.139732360839844 37.642856597900391
    endloop
  endfacet
  facet normal -0.829404536764901 -0.55864847121763461 0
    outer loop
      vertex 20.099111557006836 76.143302917480469 44.571430206298828
      vertex 20.775070190429688 75.139732360839844 37.642856597900391
      vertex 20.775070190429688 75.139732360839844 44.571430206298828
    endloop
  endfacet
  facet normal -0.82940453676490089 -0.5586484712176345 -0
    outer loop
      vertex 20.099111557006836 76.143302917480469 51.5
      vertex 20.099111557006836 76.143302917480469 44.571430206298828
      vertex 20.775070190429688 75.139732360839844 44.571430206298828
    endloop
  endfacet
  facet normal -0.82940453676490089 -0.5586484712176345 1.1510300168061939e-17
    outer loop
      vertex 20.099111557006836 76.143302917480469 51.5
      vertex 20.775070190429688 75.139732360839844 44.571430206298828
      vertex 20.775070190429688 75.139732360839844 51.5
    endloop
  endfacet
  facet normal -0.82940453676490089 -0.5586484712176345 -0
    outer loop
      vertex 20.099111557006836 76.143302917480469 58.428569793701172
      vertex 20.099111557006836 76.143302917480469 51.5
      vertex 20.775070190429688 75.139732360839844 51.5
    endloop
  endfacet
  facet normal -0.82940453676490089 -0.5586484712176345 1.1510300168061939e-17
    outer loop
      vertex 20.099111557006836 76.143302917480469 58.428569793701172
      vertex 20.775070190429688 75.139732360839844 51.5
      vertex 20.775070190429688 75.139732360839844 58.428569793701172
    endloop
  endfacet
  facet normal -0.82940453676490089 -0.5586484712176345 -0
    outer loop
      vertex 20.099111557006836 76.143302917480469 65.357139587402344
      vertex 20.099111557006836 76.143302917480469 58.428569793701172
      vertex 20.775070190429688 75.139732360839844 58.428569793701172
    endloop
  endfacet
  facet normal -0.82940453676490089 -0.5586484712176345 1.1510300168061939e-17
    outer loop
      vertex 20.099111557006836 76.143302917480469 65.357139587402344
      vertex 20.775070190429688 75.139732360839844 58.428569793701172
      vertex 20.775070190429688 75.139732360839844 65.357139587402344
    endloop
  endfacet
  facet normal -0.82940453676490089 -0.5586484712176345 -0
    outer loop
      vertex 20.099111557006836 76.143302917480469 72.285713195800781
      vertex 20.099111557006836 76.143302917480469 65.357139587402344
      vertex 20.775070190429688 75.139732360839844 65.357139587402344
    endloop
  endfacet
  facet normal -0.829404536764901 -0.55864847121763461 0
    outer loop
      vertex 20.099111557006836 76.143302917480469 72.285713195800781
      vertex 20.775070190429688 75.139732360839844 65.357139587402344
      vertex 20.775070190429688 75.139732360839844 72.285713195800781
    endloop
  endfacet
  facet normal -0.82940453676490089 -0.5586484712176345 -0
    outer loop
      vertex 20.099111557006836 76.143302917480469 79.214286804199219
      vertex 20.099111557006836 76.143302917480469 72.285713195800781
      vertex 20.775070190429688 75.139732360839844 72.285713195800781
    endloop
  endfacet
  facet normal -0.829404536764901 -0.55864847121763461 0
    outer loop
      vertex 20.099111557006836 76.143302917480469 79.214286804199219
      vertex 20.775070190429688 75.139732360839844 72.285713195800781
      vertex 20.775070190429688 75.139732360839844 79.214286804199219
    endloop
  endfacet
  facet normal -0.82940453676490089 -0.5586484712176345 -0
    outer loop
      vertex 20.099111557006836 76.143302917480469 86.142860412597656
      vertex 20.099111557006836 76.143302917480469 79.214286804199219
      vertex 20.775070190429688 75.139732360839844 79.214286804199219
    endloop
  endfacet
  facet normal -0.829404536764901 -0.55864847121763461 0
    outer loop
      vertex 20.099111557006836 76.143302917480469 86.142860412597656
      vertex 20.775070190429688 75.139732360839844 79.214286804199219
      vertex 20.775070190429688 75.139732360839844 86.142860412597656
    endloop
  endfacet
  facet normal -0.88222497548563661 -0.47082809243859713 0
    outer loop
      vertex 20.491567611694336 75.670951843261719 93.071426391601562
      vertex 20.775070190429688 75.139732360839844 86.142860412597656
      vertex 20.775070190429688 75.139732360839844 93.071426391601562
    endloop
  endfacet
  facet normal -0.76915730327614074 -0.63905949865171019 -0
    outer loop
      vertex 20.099111557006836 76.143302917480469 86.142860412597656
      vertex 20.491567611694336 75.670951843261719 93.071426391601562
      vertex 20.099111557006836 76.143302917480469 93.071426391601562
    endloop
  endfacet
  facet normal -0.82937173020279154 -0.5586263742372638 0.0088942198621735184
    outer loop
      vertex 20.775070190429688 75.139732360839844 86.142860412597656
      vertex 20.491567611694336 75.670951843261719 93.071426391601562
      vertex 20.099111557006836 76.143302917480469 86.142860412597656
    endloop
  endfacet
  facet normal -0.88222497548563661 -0.47082809243859713 -0
    outer loop
      vertex 20.491567611694336 75.670951843261719 96.535713195800781
      vertex 20.491567611694336 75.670951843261719 93.071426391601562
      vertex 20.775070190429688 75.139732360839844 93.071426391601562
    endloop
  endfacet
  facet normal -0.88222497548563661 -0.47082809243859713 0
    outer loop
      vertex 20.491567611694336 75.670951843261719 96.535713195800781
      vertex 20.775070190429688 75.139732360839844 93.071426391601562
      vertex 20.775070190429688 75.139732360839844 96.535713195800781
    endloop
  endfacet
  facet normal -0.76915730327614062 -0.63905949865171008 -0
    outer loop
      vertex 20.099111557006836 76.143302917480469 96.535713195800781
      vertex 20.099111557006836 76.143302917480469 93.071426391601562
      vertex 20.491567611694336 75.670951843261719 93.071426391601562
    endloop
  endfacet
  facet normal -0.76915730327614062 -0.63905949865171008 0
    outer loop
      vertex 20.099111557006836 76.143302917480469 96.535713195800781
      vertex 20.491567611694336 75.670951843261719 93.071426391601562
      vertex 20.491567611694336 75.670951843261719 96.535713195800781
    endloop
  endfacet
  facet normal -0.45433411999231887 -0.89083135744696673 -0
    outer loop
      vertex 19.090349197387695 76.794837951660156 9.9285717010498047
      vertex 19.090349197387695 76.794837951660156 6.4642858505249023
      vertex 19.622180938720703 76.523597717285156 6.4642858505249023
    endloop
  endfacet
  facet normal -0.45433411999231887 -0.89083135744696673 0
    outer loop
      vertex 19.090349197387695 76.794837951660156 9.9285717010498047
      vertex 19.622180938720703 76.523597717285156 6.4642858505249023
      vertex 19.622180938720703 76.523597717285156 9.9285717010498047
    endloop
  endfacet
  facet normal -0.6234450311126184 -0.78186718384965248 -0
    outer loop
      vertex 19.622180938720703 76.523597717285156 9.9285717010498047
      vertex 19.622180938720703 76.523597717285156 6.4642858505249023
      vertex 20.099111557006836 76.143302917480469 6.4642858505249023
    endloop
  endfacet
  facet normal -0.6234450311126184 -0.78186718384965248 0
    outer loop
      vertex 19.622180938720703 76.523597717285156 9.9285717010498047
      vertex 20.099111557006836 76.143302917480469 6.4642858505249023
      vertex 20.099111557006836 76.143302917480469 9.9285717010498047
    endloop
  endfacet
  facet normal -0.45433411999231887 -0.89083135744696673 -0
    outer loop
      vertex 19.622180938720703 76.523597717285156 9.9285717010498047
      vertex 19.090349197387695 76.794837951660156 16.857143402099609
      vertex 19.090349197387695 76.794837951660156 9.9285717010498047
    endloop
  endfacet
  facet normal -0.6234450311126184 -0.78186718384965248 0
    outer loop
      vertex 20.099111557006836 76.143302917480469 16.857143402099609
      vertex 19.622180938720703 76.523597717285156 9.9285717010498047
      vertex 20.099111557006836 76.143302917480469 9.9285717010498047
    endloop
  endfacet
  facet normal -0.5425296913293608 -0.83999094887952586 -0.008760127084835612
    outer loop
      vertex 19.090349197387695 76.794837951660156 16.857143402099609
      vertex 19.622180938720703 76.523597717285156 9.9285717010498047
      vertex 20.099111557006836 76.143302917480469 16.857143402099609
    endloop
  endfacet
  facet normal -0.54255050934474991 -0.84002318111451679 -0
    outer loop
      vertex 19.090349197387695 76.794837951660156 23.785715103149414
      vertex 19.090349197387695 76.794837951660156 16.857143402099609
      vertex 20.099111557006836 76.143302917480469 16.857143402099609
    endloop
  endfacet
  facet normal -0.54255050934474991 -0.84002318111451679 0
    outer loop
      vertex 19.090349197387695 76.794837951660156 23.785715103149414
      vertex 20.099111557006836 76.143302917480469 16.857143402099609
      vertex 20.099111557006836 76.143302917480469 23.785715103149414
    endloop
  endfacet
  facet normal -0.54255050934474991 -0.84002318111451679 -0
    outer loop
      vertex 19.090349197387695 76.794837951660156 30.714284896850586
      vertex 19.090349197387695 76.794837951660156 23.785715103149414
      vertex 20.099111557006836 76.143302917480469 23.785715103149414
    endloop
  endfacet
  facet normal -0.54255050934474991 -0.84002318111451679 0
    outer loop
      vertex 19.090349197387695 76.794837951660156 30.714284896850586
      vertex 20.099111557006836 76.143302917480469 23.785715103149414
      vertex 20.099111557006836 76.143302917480469 30.714284896850586
    endloop
  endfacet
  facet normal -0.54255050934474991 -0.84002318111451679 -0
    outer loop
      vertex 19.090349197387695 76.794837951660156 37.642856597900391
      vertex 19.090349197387695 76.794837951660156 30.714284896850586
      vertex 20.099111557006836 76.143302917480469 30.714284896850586
    endloop
  endfacet
  facet normal -0.54255050934474991 -0.84002318111451679 0
    outer loop
      vertex 19.090349197387695 76.794837951660156 37.642856597900391
      vertex 20.099111557006836 76.143302917480469 30.714284896850586
      vertex 20.099111557006836 76.143302917480469 37.642856597900391
    endloop
  endfacet
  facet normal -0.54255050934474991 -0.84002318111451679 -0
    outer loop
      vertex 19.090349197387695 76.794837951660156 44.571430206298828
      vertex 19.090349197387695 76.794837951660156 37.642856597900391
      vertex 20.099111557006836 76.143302917480469 37.642856597900391
    endloop
  endfacet
  facet normal -0.54255050934474991 -0.84002318111451679 0
    outer loop
      vertex 19.090349197387695 76.794837951660156 44.571430206298828
      vertex 20.099111557006836 76.143302917480469 37.642856597900391
      vertex 20.099111557006836 76.143302917480469 44.571430206298828
    endloop
  endfacet
  facet normal -0.54255050934474991 -0.84002318111451679 -0
    outer loop
      vertex 19.090349197387695 76.794837951660156 51.5
      vertex 19.090349197387695 76.794837951660156 44.571430206298828
      vertex 20.099111557006836 76.143302917480469 44.571430206298828
    endloop
  endfacet
  facet normal -0.54255050934474991 -0.84002318111451679 0
    outer loop
      vertex 19.090349197387695 76.794837951660156 51.5
      vertex 20.099111557006836 76.143302917480469 44.571430206298828
      vertex 20.099111557006836 76.143302917480469 51.5
    endloop
  endfacet
  facet normal -0.54255050934474991 -0.84002318111451679 -0
    outer loop
      vertex 19.090349197387695 76.794837951660156 58.428569793701172
      vertex 19.090349197387695 76.794837951660156 51.5
      vertex 20.099111557006836 76.143302917480469 51.5
    endloop
  endfacet
  facet normal -0.54255050934474991 -0.84002318111451679 0
    outer loop
      vertex 19.090349197387695 76.794837951660156 58.428569793701172
      vertex 20.099111557006836 76.143302917480469 51.5
      vertex 20.099111557006836 76.143302917480469 58.428569793701172
    endloop
  endfacet
  facet normal -0.54255050934474991 -0.84002318111451679 -0
    outer loop
      vertex 19.090349197387695 76.794837951660156 65.357139587402344
      vertex 19.090349197387695 76.794837951660156 58.428569793701172
      vertex 20.099111557006836 76.143302917480469 58.428569793701172
    endloop
  endfacet
  facet normal -0.54255050934474991 -0.84002318111451679 0
    outer loop
      vertex 19.090349197387695 76.794837951660156 65.357139587402344
      vertex 20.099111557006836 76.143302917480469 58.428569793701172
      vertex 20.099111557006836 76.143302917480469 65.357139587402344
    endloop
  endfacet
  facet normal -0.54255050934474991 -0.84002318111451679 -0
    outer loop
      vertex 19.090349197387695 76.794837951660156 72.285713195800781
      vertex 19.090349197387695 76.794837951660156 65.357139587402344
      vertex 20.099111557006836 76.143302917480469 65.357139587402344
    endloop
  endfacet
  facet normal -0.54255050934474991 -0.84002318111451679 0
    outer loop
      vertex 19.090349197387695 76.794837951660156 72.285713195800781
      vertex 20.099111557006836 76.143302917480469 65.357139587402344
      vertex 20.099111557006836 76.143302917480469 72.285713195800781
    endloop
  endfacet
  facet normal -0.54255050934474991 -0.84002318111451679 -0
    outer loop
      vertex 19.090349197387695 76.794837951660156 79.214286804199219
      vertex 19.090349197387695 76.794837951660156 72.285713195800781
      vertex 20.099111557006836 76.143302917480469 72.285713195800781
    endloop
  endfacet
  facet normal -0.54255050934474991 -0.84002318111451679 0
    outer loop
      vertex 19.090349197387695 76.794837951660156 79.214286804199219
      vertex 20.099111557006836 76.143302917480469 72.285713195800781
      vertex 20.099111557006836 76.143302917480469 79.214286804199219
    endloop
  endfacet
  facet normal -0.54255050934474991 -0.84002318111451679 -0
    outer loop
      vertex 19.090349197387695 76.794837951660156 86.142860412597656
      vertex 19.090349197387695 76.794837951660156 79.214286804199219
      vertex 20.099111557006836 76.143302917480469 79.214286804199219
    endloop
  endfacet
  facet normal -0.54255050934474991 -0.84002318111451679 0
    outer loop
      vertex 19.090349197387695 76.794837951660156 86.142860412597656
      vertex 20.099111557006836 76.143302917480469 79.214286804199219
      vertex 20.099111557006836 76.143302917480469 86.142860412597656
    endloop
  endfacet
  facet normal -0.6234450311126184 -0.78186718384965248 0
    outer loop
      vertex 19.622180938720703 76.523597717285156 93.071426391601562
      vertex 20.099111557006836 76.143302917480469 86.142860412597656
      vertex 20.099111557006836 76.143302917480469 93.071426391601562
    endloop
  endfacet
  facet normal -0.45433411999231882 -0.89083135744696662 -0
    outer loop
      vertex 19.090349197387695 76.794837951660156 86.142860412597656
      vertex 19.622180938720703 76.523597717285156 93.071426391601562
      vertex 19.090349197387695 76.794837951660156 93.071426391601562
    endloop
  endfacet
  facet normal -0.54252969129497719 -0.83999094882629011 0.0087601343189447674
    outer loop
      vertex 20.099111557006836 76.143302917480469 86.142860412597656
      vertex 19.622180938720703 76.523597717285156 93.071426391601562
      vertex 19.090349197387695 76.794837951660156 86.142860412597656
    endloop
  endfacet
  facet normal -0.6234450311126184 -0.78186718384965248 -0
    outer loop
      vertex 19.622180938720703 76.523597717285156 96.535713195800781
      vertex 19.622180938720703 76.523597717285156 93.071426391601562
      vertex 20.099111557006836 76.143302917480469 93.071426391601562
    endloop
  endfacet
  facet normal -0.6234450311126184 -0.78186718384965248 0
    outer loop
      vertex 19.622180938720703 76.523597717285156 96.535713195800781
      vertex 20.099111557006836 76.143302917480469 93.071426391601562
      vertex 20.099111557006836 76.143302917480469 96.535713195800781
    endloop
  endfacet
  facet normal -0.45433411999231882 -0.89083135744696673 -0
    outer loop
      vertex 19.090349197387695 76.794837951660156 96.535713195800781
      vertex 19.090349197387695 76.794837951660156 93.071426391601562
      vertex 19.622180938720703 76.523597717285156 93.071426391601562
    endloop
  endfacet
  facet normal -0.45433411999231882 -0.89083135744696673 0
    outer loop
      vertex 19.090349197387695 76.794837951660156 96.535713195800781
      vertex 19.622180938720703 76.523597717285156 93.071426391601562
      vertex 19.622180938720703 76.523597717285156 96.535713195800781
    endloop
  endfacet
  facet normal -0.27279035970683657 -0.96207350012928561 -0
    outer loop
      vertex 18.538885116577148 76.951202392578125 9.9285717010498047
      vertex 18.538885116577148 76.951202392578125 6.4642858505249023
      vertex 19.090349197387695 76.794837951660156 6.4642858505249023
    endloop
  endfacet
  facet normal -0.27279035970683657 -0.96207350012928561 0
    outer loop
      vertex 18.538885116577148 76.951202392578125 9.9285717010498047
      vertex 19.090349197387695 76.794837951660156 6.4642858505249023
      vertex 19.090349197387695 76.794837951660156 9.9285717010498047
    endloop
  endfacet
  facet normal -0.27279035970683657 -0.96207350012928561 -0
    outer loop
      vertex 18.538885116577148 76.951202392578125 96.535713195800781
      vertex 18.538885116577148 76.951202392578125 93.071426391601562
      vertex 19.090349197387695 76.794837951660156 93.071426391601562
    endloop
  endfacet
  facet normal -0.27279035970683657 -0.96207350012928561 0
    outer loop
      vertex 18.538885116577148 76.951202392578125 96.535713195800781
      vertex 19.090349197387695 76.794837951660156 93.071426391601562
      vertex 19.090349197387695 76.794837951660156 96.535713195800781
    endloop
  endfacet
  facet normal -0.99553637390744787 -0.094378642855309475 0
    outer loop
      vertex 20.946556091308594 74.563743591308594 6.4642858505249023
      vertex 21 74 3
      vertex 21 74 8.1052627563476562
    endloop
  endfacet
  facet normal -0.98107686807689798 -0.19361864301875736 0
    outer loop
      vertex 20.775070190429688 75.139732360839844 16.857143402099609
      vertex 21 74 13.210526466369629
      vertex 21 74 18.315790176391602
    endloop
  endfacet
  facet normal -0.99553637390744787 -0.094378642855309475 0
    outer loop
      vertex 21 74 13.210526466369629
      vertex 20.946556091308594 74.563743591308594 9.9285717010498047
      vertex 21 74 8.1052627563476562
    endloop
  endfacet
  facet normal -0.98107686807689798 -0.19361864301875736 -0
    outer loop
      vertex 21 74 23.421052932739258
      vertex 20.775070190429688 75.139732360839844 23.785715103149414
      vertex 20.775070190429688 75.139732360839844 16.857143402099609
    endloop
  endfacet
  facet normal -0.98107686807689798 -0.19361864301875734 0
    outer loop
      vertex 21 74 23.421052932739258
      vertex 20.775070190429688 75.139732360839844 16.857143402099609
      vertex 21 74 18.315790176391602
    endloop
  endfacet
  facet normal -0.95794483385378404 -0.28520353436647644 0.031632882854967417
    outer loop
      vertex 21 74 3
      vertex 20.946556091308594 74.563743591308594 6.4642858505249023
      vertex 20.775070190429688 75.139732360839844 6.4642858505249023
    endloop
  endfacet
  facet normal -0.98107686807689798 -0.19361864301875736 0
    outer loop
      vertex 21 74 3
      vertex 20.775070190429688 75.139732360839844 6.4642858505249023
      vertex 20.775070190429688 75.139732360839844 3
    endloop
  endfacet
  facet normal -0.98107686807689798 -0.19361864301875736 -0
    outer loop
      vertex 21 74 28.526315689086914
      vertex 20.775070190429688 75.139732360839844 30.714284896850586
      vertex 20.775070190429688 75.139732360839844 23.785715103149414
    endloop
  endfacet
  facet normal -0.98107686807689798 -0.19361864301875736 0
    outer loop
      vertex 21 74 28.526315689086914
      vertex 20.775070190429688 75.139732360839844 23.785715103149414
      vertex 21 74 23.421052932739258
    endloop
  endfacet
  facet normal -0.98107686807689798 -0.19361864301875736 0
    outer loop
      vertex 21 74 28.526315689086914
      vertex 21 74 33.631580352783203
      vertex 20.775070190429688 75.139732360839844 30.714284896850586
    endloop
  endfacet
  facet normal -0.98107686807689798 -0.19361864301875736 -0
    outer loop
      vertex 21 74 43.842105865478516
      vertex 20.775070190429688 75.139732360839844 44.571430206298828
      vertex 20.775070190429688 75.139732360839844 37.642856597900391
    endloop
  endfacet
  facet normal -0.98107686807689787 -0.19361864301875736 0
    outer loop
      vertex 21 74 43.842105865478516
      vertex 20.775070190429688 75.139732360839844 37.642856597900391
      vertex 21 74 38.736843109130859
    endloop
  endfacet
  facet normal -0.98107686807689798 -0.19361864301875736 0
    outer loop
      vertex 21 74 43.842105865478516
      vertex 21 74 48.947368621826172
      vertex 20.775070190429688 75.139732360839844 44.571430206298828
    endloop
  endfacet
  facet normal -0.98107686807689798 -0.19361864301875736 0
    outer loop
      vertex 20.775070190429688 75.139732360839844 37.642856597900391
      vertex 21 74 33.631580352783203
      vertex 21 74 38.736843109130859
    endloop
  endfacet
  facet normal -0.99553637390744787 -0.094378642855309475 -0
    outer loop
      vertex 20.946556091308594 74.563743591308594 6.4642858505249023
      vertex 21 74 8.1052627563476562
      vertex 20.946556091308594 74.563743591308594 9.9285717010498047
    endloop
  endfacet
  facet normal -0.82940453676490089 -0.5586484712176345 0
    outer loop
      vertex 20.099111557006836 76.143302917480469 3
      vertex 20.775070190429688 75.139732360839844 3
      vertex 20.775070190429688 75.139732360839844 6.4642858505249023
    endloop
  endfacet
  facet normal -0.82940453676490089 -0.5586484712176345 2.3020600336123878e-17
    outer loop
      vertex 20.099111557006836 76.143302917480469 3
      vertex 20.775070190429688 75.139732360839844 6.4642858505249023
      vertex 20.099111557006836 76.143302917480469 6.4642858505249023
    endloop
  endfacet
  facet normal -0.6234450311126184 -0.78186718384965248 0
    outer loop
      vertex 19.622180938720703 76.523597717285156 6.4642858505249023
      vertex 20.099111557006836 76.143302917480469 3
      vertex 20.099111557006836 76.143302917480469 6.4642858505249023
    endloop
  endfacet
  facet normal -0.82940453676490089 -0.5586484712176345 -0
    outer loop
      vertex 20.775070190429688 75.139732360839844 9.9285717010498047
      vertex 20.099111557006836 76.143302917480469 9.9285717010498047
      vertex 20.099111557006836 76.143302917480469 6.4642858505249023
    endloop
  endfacet
  facet normal -0.82940453676490089 -0.5586484712176345 2.3020600336123878e-17
    outer loop
      vertex 20.775070190429688 75.139732360839844 9.9285717010498047
      vertex 20.099111557006836 76.143302917480469 6.4642858505249023
      vertex 20.775070190429688 75.139732360839844 6.4642858505249023
    endloop
  endfacet
  facet normal -0.95842447245605289 -0.28534633447327939 -0
    outer loop
      vertex 20.946556091308594 74.563743591308594 9.9285717010498047
      vertex 20.775070190429688 75.139732360839844 16.857143402099609
      vertex 20.775070190429688 75.139732360839844 9.9285717010498047
    endloop
  endfacet
  facet normal -0.98107686807689798 -0.19361864301875736 -0
    outer loop
      vertex 20.775070190429688 75.139732360839844 30.714284896850586
      vertex 21 74 33.631580352783203
      vertex 20.775070190429688 75.139732360839844 37.642856597900391
    endloop
  endfacet
  facet normal -0.98722681220339659 -0.15892537753423316 -0.011222550615662453
    outer loop
      vertex 20.946556091308594 74.563743591308594 9.9285717010498047
      vertex 21 74 13.210526466369629
      vertex 20.775070190429688 75.139732360839844 16.857143402099609
    endloop
  endfacet
  facet normal -0.98107686807689798 -0.19361864301875736 -0
    outer loop
      vertex 20.775070190429688 75.139732360839844 51.5
      vertex 20.775070190429688 75.139732360839844 44.571430206298828
      vertex 21 74 48.947368621826172
    endloop
  endfacet
  facet normal -0.98107686807689798 -0.19361864301875736 -0
    outer loop
      vertex 21 74 64.263160705566406
      vertex 20.775070190429688 75.139732360839844 65.357139587402344
      vertex 20.775070190429688 75.139732360839844 58.428569793701172
    endloop
  endfacet
  facet normal -0.98107686807689798 -0.19361864301875736 0
    outer loop
      vertex 21 74 64.263160705566406
      vertex 20.775070190429688 75.139732360839844 58.428569793701172
      vertex 21 74 59.157894134521484
    endloop
  endfacet
  facet normal -0.98107686807689798 -0.19361864301875736 0
    outer loop
      vertex 21 74 69.368423461914062
      vertex 21 74 74.473686218261719
      vertex 20.775070190429688 75.139732360839844 72.285713195800781
    endloop
  endfacet
  facet normal -0.98107686807689798 -0.19361864301875736 -0
    outer loop
      vertex 21 74 79.578948974609375
      vertex 20.775070190429688 75.139732360839844 79.214286804199219
      vertex 20.775070190429688 75.139732360839844 72.285713195800781
    endloop
  endfacet
  facet normal -0.98107686807689798 -0.19361864301875739 0
    outer loop
      vertex 21 74 79.578948974609375
      vertex 20.775070190429688 75.139732360839844 72.285713195800781
      vertex 21 74 74.473686218261719
    endloop
  endfacet
  facet normal -0.98107686807689798 -0.19361864301875736 0
    outer loop
      vertex 20.775070190429688 75.139732360839844 65.357139587402344
      vertex 21 74 64.263160705566406
      vertex 21 74 69.368423461914062
    endloop
  endfacet
  facet normal -0.98107686807689798 -0.19361864301875736 0
    outer loop
      vertex 21 74 84.684211730957031
      vertex 21 74 89.789474487304688
      vertex 20.775070190429688 75.139732360839844 86.142860412597656
    endloop
  endfacet
  facet normal -0.98722681241578036 -0.15892537554841726 0.011222560054293534
    outer loop
      vertex 20.775070190429688 75.139732360839844 86.142860412597656
      vertex 21 74 89.789474487304688
      vertex 20.946556091308594 74.563743591308594 93.071426391601562
    endloop
  endfacet
  facet normal -0.99553637390744787 -0.094378642855309475 0
    outer loop
      vertex 20.946556091308594 74.563743591308594 96.535713195800781
      vertex 21 74 94.894737243652344
      vertex 21 74 100
    endloop
  endfacet
  facet normal -0.99553637390744787 -0.094378642855309475 0
    outer loop
      vertex 21 74 89.789474487304688
      vertex 21 74 94.894737243652344
      vertex 20.946556091308594 74.563743591308594 93.071426391601562
    endloop
  endfacet
  facet normal -0.99553637390744787 -0.094378642855309475 -0
    outer loop
      vertex 20.946556091308594 74.563743591308594 93.071426391601562
      vertex 21 74 94.894737243652344
      vertex 20.946556091308594 74.563743591308594 96.535713195800781
    endloop
  endfacet
  facet normal -0.98107686807689798 -0.19361864301875736 -0
    outer loop
      vertex 21 74 84.684211730957031
      vertex 20.775070190429688 75.139732360839844 86.142860412597656
      vertex 20.775070190429688 75.139732360839844 79.214286804199219
    endloop
  endfacet
  facet normal -0.98107686807689798 -0.19361864301875736 0
    outer loop
      vertex 21 74 84.684211730957031
      vertex 20.775070190429688 75.139732360839844 79.214286804199219
      vertex 21 74 79.578948974609375
    endloop
  endfacet
  facet normal -0.98107686807689787 -0.19361864301875734 -0
    outer loop
      vertex 21 74 59.157894134521484
      vertex 20.775070190429688 75.139732360839844 58.428569793701172
      vertex 20.775070190429688 75.139732360839844 51.5
    endloop
  endfacet
  facet normal -0.98107686807689787 -0.19361864301875736 0
    outer loop
      vertex 21 74 59.157894134521484
      vertex 20.775070190429688 75.139732360839844 51.5
      vertex 21 74 54.052631378173828
    endloop
  endfacet
  facet normal -0.98107686807689798 -0.19361864301875736 -0
    outer loop
      vertex 20.775070190429688 75.139732360839844 65.357139587402344
      vertex 21 74 69.368423461914062
      vertex 20.775070190429688 75.139732360839844 72.285713195800781
    endloop
  endfacet
  facet normal -0.95842447245605289 -0.28534633447327939 -0
    outer loop
      vertex 20.775070190429688 75.139732360839844 86.142860412597656
      vertex 20.946556091308594 74.563743591308594 93.071426391601562
      vertex 20.775070190429688 75.139732360839844 93.071426391601562
    endloop
  endfacet
  facet normal -0.95842395875115749 -0.28534618153080649 0.0010353634857056592
    outer loop
      vertex 20.775070190429688 75.139732360839844 96.535713195800781
      vertex 20.946556091308594 74.563743591308594 96.535713195800781
      vertex 20.789365768432617 75.104286193847656 100
    endloop
  endfacet
  facet normal -0.9821749714055551 -0.18734244031965661 -0.015334131849344778
    outer loop
      vertex 21 74 100
      vertex 20.789365768432617 75.104286193847656 100
      vertex 20.946556091308594 74.563743591308594 96.535713195800781
    endloop
  endfacet
  facet normal -0.88174270805578936 -0.47057071471709788 -0.033060539031945217
    outer loop
      vertex 20.121320724487305 76.121322631835938 100
      vertex 20.491567611694336 75.670951843261719 96.535713195800781
      vertex 20.775070190429688 75.139732360839844 96.535713195800781
    endloop
  endfacet
  facet normal -0.83581407994740098 -0.5490083077780602 -0.0021683524506859709
    outer loop
      vertex 20.121320724487305 76.121322631835938 100
      vertex 20.775070190429688 75.139732360839844 96.535713195800781
      vertex 20.789365768432617 75.104286193847656 100
    endloop
  endfacet
  facet normal -0.76915700798134956 -0.63905925330405444 0.00087626459620791699
    outer loop
      vertex 20.491567611694336 75.670951843261719 96.535713195800781
      vertex 20.121320724487305 76.121322631835938 100
      vertex 20.099111557006836 76.143302917480469 96.535713195800781
    endloop
  endfacet
  facet normal -0.98107686807689798 -0.19361864301875736 0
    outer loop
      vertex 20.775070190429688 75.139732360839844 51.5
      vertex 21 74 48.947368621826172
      vertex 21 74 54.052631378173828
    endloop
  endfacet
  facet normal -0.27279035970683657 -0.96207350012928561 0
    outer loop
      vertex 19.090349197387695 76.794837951660156 6.4642858505249023
      vertex 18.538885116577148 76.951202392578125 6.4642858505249023
      vertex 19.090349197387695 76.794837951660156 3
    endloop
  endfacet
  facet normal -0.18489619580028716 -0.98264479382139713 0.014919985063193225
    outer loop
      vertex 18 77 3
      vertex 19.090349197387695 76.794837951660156 3
      vertex 18.538885116577148 76.951202392578125 6.4642858505249023
    endloop
  endfacet
  facet normal -0.45433411999231887 -0.89083135744696673 -0
    outer loop
      vertex 19.622180938720703 76.523597717285156 6.4642858505249023
      vertex 19.090349197387695 76.794837951660156 6.4642858505249023
      vertex 19.090349197387695 76.794837951660156 3
    endloop
  endfacet
  facet normal -0.54246725165866527 -0.83989427443189013 0.017518237765927175
    outer loop
      vertex 19.090349197387695 76.794837951660156 3
      vertex 20.099111557006836 76.143302917480469 3
      vertex 19.622180938720703 76.523597717285156 6.4642858505249023
    endloop
  endfacet
  facet normal -0.27279035970683657 -0.96207350012928561 0
    outer loop
      vertex 19.090349197387695 76.794837951660156 9.9285717010498047
      vertex 19.090349197387695 76.794837951660156 16.857143402099609
      vertex 18.538885116577148 76.951202392578125 9.9285717010498047
    endloop
  endfacet
  facet normal -0.18491677873381854 -0.98275418337583675 0
    outer loop
      vertex 19.090349197387695 76.794837951660156 23.785715103149414
      vertex 18 77 23.421052932739258
      vertex 18 77 18.315790176391602
    endloop
  endfacet
  facet normal -0.18491677873381854 -0.98275418337583675 0
    outer loop
      vertex 19.090349197387695 76.794837951660156 23.785715103149414
      vertex 18 77 18.315790176391602
      vertex 19.090349197387695 76.794837951660156 16.857143402099609
    endloop
  endfacet
  facet normal -0.18491677873381854 -0.98275418337583675 -0
    outer loop
      vertex 19.090349197387695 76.794837951660156 37.642856597900391
      vertex 18 77 38.736843109130859
      vertex 18 77 33.631580352783203
    endloop
  endfacet
  facet normal -0.18491677873381854 -0.98275418337583675 0
    outer loop
      vertex 19.090349197387695 76.794837951660156 37.642856597900391
      vertex 18 77 33.631580352783203
      vertex 19.090349197387695 76.794837951660156 30.714284896850586
    endloop
  endfacet
  facet normal -0.18491677873381854 -0.98275418337583675 0
    outer loop
      vertex 19.090349197387695 76.794837951660156 44.571430206298828
      vertex 18 77 43.842105865478516
      vertex 18 77 38.736843109130859
    endloop
  endfacet
  facet normal -0.18491677873381854 -0.98275418337583675 0
    outer loop
      vertex 19.090349197387695 76.794837951660156 44.571430206298828
      vertex 18 77 38.736843109130859
      vertex 19.090349197387695 76.794837951660156 37.642856597900391
    endloop
  endfacet
  facet normal -0.18491677873381854 -0.98275418337583675 -0
    outer loop
      vertex 19.090349197387695 76.794837951660156 30.714284896850586
      vertex 18 77 28.526315689086914
      vertex 18 77 23.421052932739258
    endloop
  endfacet
  facet normal -0.18491677873381854 -0.98275418337583675 3.40961350603296e-18
    outer loop
      vertex 19.090349197387695 76.794837951660156 30.714284896850586
      vertex 18 77 23.421052932739258
      vertex 19.090349197387695 76.794837951660156 23.785715103149414
    endloop
  endfacet
  facet normal -0.090183903756668626 -0.99592512946667233 0
    outer loop
      vertex 18.538885116577148 76.951202392578125 9.9285717010498047
      vertex 18 77 8.1052627563476562
      vertex 18.538885116577148 76.951202392578125 6.4642858505249023
    endloop
  endfacet
  facet normal -0.090183903756668626 -0.99592512946667233 -0
    outer loop
      vertex 18 77 3
      vertex 18.538885116577148 76.951202392578125 6.4642858505249023
      vertex 18 77 8.1052627563476562
    endloop
  endfacet
  facet normal -0.09018390375666864 -0.99592512946667233 -0
    outer loop
      vertex 18.538885116577148 76.951202392578125 9.9285717010498047
      vertex 18 77 13.210526466369629
      vertex 18 77 8.1052627563476562
    endloop
  endfacet
  facet normal -0.18491677873381854 -0.98275418337583675 -0
    outer loop
      vertex 18 77 13.210526466369629
      vertex 19.090349197387695 76.794837951660156 16.857143402099609
      vertex 18 77 18.315790176391602
    endloop
  endfacet
  facet normal -0.18491677873381854 -0.98275418337583675 -0
    outer loop
      vertex 18 77 28.526315689086914
      vertex 19.090349197387695 76.794837951660156 30.714284896850586
      vertex 18 77 33.631580352783203
    endloop
  endfacet
  facet normal -0.18491677873381854 -0.98275418337583675 -3.40961350603296e-18
    outer loop
      vertex 18 77 43.842105865478516
      vertex 19.090349197387695 76.794837951660156 44.571430206298828
      vertex 19.090349197387695 76.794837951660156 51.5
    endloop
  endfacet
  facet normal -0.18491677873381854 -0.98275418337583675 -0
    outer loop
      vertex 18 77 43.842105865478516
      vertex 19.090349197387695 76.794837951660156 51.5
      vertex 18 77 48.947368621826172
    endloop
  endfacet
  facet normal -0.15177397776802323 -0.98836233366626003 -0.010225314775419837
    outer loop
      vertex 18.538885116577148 76.951202392578125 9.9285717010498047
      vertex 19.090349197387695 76.794837951660156 16.857143402099609
      vertex 18 77 13.210526466369629
    endloop
  endfacet
  facet normal -0.18491677873381854 -0.98275418337583675 -0
    outer loop
      vertex 19.090349197387695 76.794837951660156 58.428569793701172
      vertex 18 77 59.157894134521484
      vertex 18 77 54.052631378173828
    endloop
  endfacet
  facet normal -0.18491677873381854 -0.98275418337583675 0
    outer loop
      vertex 19.090349197387695 76.794837951660156 58.428569793701172
      vertex 18 77 54.052631378173828
      vertex 19.090349197387695 76.794837951660156 51.5
    endloop
  endfacet
  facet normal -0.18491677873381854 -0.98275418337583675 0
    outer loop
      vertex 19.090349197387695 76.794837951660156 72.285713195800781
      vertex 18 77 69.368423461914062
      vertex 18 77 64.263160705566406
    endloop
  endfacet
  facet normal -0.18491677873381854 -0.98275418337583675 0
    outer loop
      vertex 19.090349197387695 76.794837951660156 72.285713195800781
      vertex 18 77 64.263160705566406
      vertex 19.090349197387695 76.794837951660156 65.357139587402344
    endloop
  endfacet
  facet normal -0.18491677873381854 -0.98275418337583675 -0
    outer loop
      vertex 19.090349197387695 76.794837951660156 79.214286804199219
      vertex 18 77 79.578948974609375
      vertex 18 77 74.473686218261719
    endloop
  endfacet
  facet normal -0.18491677873381854 -0.98275418337583675 0
    outer loop
      vertex 19.090349197387695 76.794837951660156 79.214286804199219
      vertex 18 77 74.473686218261719
      vertex 19.090349197387695 76.794837951660156 72.285713195800781
    endloop
  endfacet
  facet normal -0.18491677873381854 -0.98275418337583675 -0
    outer loop
      vertex 19.090349197387695 76.794837951660156 65.357139587402344
      vertex 18 77 64.263160705566406
      vertex 18 77 59.157894134521484
    endloop
  endfacet
  facet normal -0.18491677873381854 -0.98275418337583675 0
    outer loop
      vertex 19.090349197387695 76.794837951660156 65.357139587402344
      vertex 18 77 59.157894134521484
      vertex 19.090349197387695 76.794837951660156 58.428569793701172
    endloop
  endfacet
  facet normal -0.62310131038275196 -0.78143612105232485 -0.033201592040048009
    outer loop
      vertex 19.104284286499023 76.78936767578125 100
      vertex 19.622180938720703 76.523597717285156 96.535713195800781
      vertex 20.099111557006836 76.143302917480469 96.535713195800781
    endloop
  endfacet
  facet normal -0.54900872530622258 -0.83581471559518972 -0.0017834607280872983
    outer loop
      vertex 19.104284286499023 76.78936767578125 100
      vertex 20.099111557006836 76.143302917480469 96.535713195800781
      vertex 20.121320724487305 76.121322631835938 100
    endloop
  endfacet
  facet normal -0.45433407974952095 -0.89083127854127875 0.00042089270168850935
    outer loop
      vertex 19.090349197387695 76.794837951660156 96.535713195800781
      vertex 19.622180938720703 76.523597717285156 96.535713195800781
      vertex 19.104284286499023 76.78936767578125 100
    endloop
  endfacet
  facet normal -0.27279035970683657 -0.96207350012928561 0
    outer loop
      vertex 18.538885116577148 76.951202392578125 93.071426391601562
      vertex 19.090349197387695 76.794837951660156 86.142860412597656
      vertex 19.090349197387695 76.794837951660156 93.071426391601562
    endloop
  endfacet
  facet normal -0.2727903354329731 -0.96207341452053896 -0.00042186153826802666
    outer loop
      vertex 18.538885116577148 76.951202392578125 96.535713195800781
      vertex 19.090349197387695 76.794837951660156 96.535713195800781
      vertex 19.104284286499023 76.78936767578125 100
    endloop
  endfacet
  facet normal -0.18491677873381854 -0.98275418337583675 0
    outer loop
      vertex 19.090349197387695 76.794837951660156 86.142860412597656
      vertex 18 77 84.684211730957031
      vertex 18 77 79.578948974609375
    endloop
  endfacet
  facet normal -0.18491677873381854 -0.98275418337583675 0
    outer loop
      vertex 19.090349197387695 76.794837951660156 86.142860412597656
      vertex 18 77 79.578948974609375
      vertex 19.090349197387695 76.794837951660156 79.214286804199219
    endloop
  endfacet
  facet normal -0.18491677873381854 -0.98275418337583675 -0
    outer loop
      vertex 18 77 69.368423461914062
      vertex 19.090349197387695 76.794837951660156 72.285713195800781
      vertex 18 77 74.473686218261719
    endloop
  endfacet
  facet normal -0.090183903756668612 -0.99592512946667211 0
    outer loop
      vertex 18 77 94.894737243652344
      vertex 18.538885116577148 76.951202392578125 93.071426391601562
      vertex 18.538885116577148 76.951202392578125 96.535713195800781
    endloop
  endfacet
  facet normal -0.18491677873381854 -0.98275418337583675 -0
    outer loop
      vertex 18 77 89.789474487304688
      vertex 18 77 84.684211730957031
      vertex 19.090349197387695 76.794837951660156 86.142860412597656
    endloop
  endfacet
  facet normal -0.1517739758745956 -0.98836233386804362 0.010225323375385509
    outer loop
      vertex 18 77 89.789474487304688
      vertex 19.090349197387695 76.794837951660156 86.142860412597656
      vertex 18.538885116577148 76.951202392578125 93.071426391601562
    endloop
  endfacet
  facet normal -0.090183903756668626 -0.99592512946667233 -0
    outer loop
      vertex 18.538885116577148 76.951202392578125 93.071426391601562
      vertex 18 77 94.894737243652344
      vertex 18 77 89.789474487304688
    endloop
  endfacet
  facet normal -0.090183903756668626 -0.99592512946667233 -0
    outer loop
      vertex 18.538885116577148 76.951202392578125 96.535713195800781
      vertex 18 77 100
      vertex 18 77 94.894737243652344
    endloop
  endfacet
  facet normal -0.18734119377994798 -0.98217563364260385 -0.01530691973762369
    outer loop
      vertex 19.104284286499023 76.78936767578125 100
      vertex 18 77 100
      vertex 18.538885116577148 76.951202392578125 96.535713195800781
    endloop
  endfacet
  facet normal -0.18491677873381854 -0.98275418337583675 -0
    outer loop
      vertex 18 77 54.052631378173828
      vertex 18 77 48.947368621826172
      vertex 19.090349197387695 76.794837951660156 51.5
    endloop
  endfacet
  facet normal -0 -1 -0
    outer loop
      vertex -12.625 77 87.875
      vertex -12.625 77 75.75
      vertex -8.25 77 75.75
    endloop
  endfacet
  facet normal -0 -1 -0
    outer loop
      vertex -12.625 77 87.875
      vertex -8.25 77 75.75
      vertex -8.25 77 87.875
    endloop
  endfacet
  facet normal 0 -1 0
    outer loop
      vertex -8.25 77 63.625
      vertex 0.5 77 75.75
      vertex -8.25 77 75.75
    endloop
  endfacet
  facet normal 0 -1 0
    outer loop
      vertex 0.5 77 51.5
      vertex -8.25 77 63.625
      vertex -8.25 77 51.5
    endloop
  endfacet
  facet normal -0 -1 0
    outer loop
      vertex 0.5 77 75.75
      vertex -8.25 77 63.625
      vertex 0.5 77 51.5
    endloop
  endfacet
  facet normal -0 -1 -0
    outer loop
      vertex -12.625 77 75.75
      vertex -12.625 77 63.625
      vertex -8.25 77 63.625
    endloop
  endfacet
  facet normal -0 -1 -0
    outer loop
      vertex -12.625 77 75.75
      vertex -8.25 77 63.625
      vertex -8.25 77 75.75
    endloop
  endfacet
  facet normal -0 -1 -0
    outer loop
      vertex -12.625 77 63.625
      vertex -12.625 77 51.5
      vertex -8.25 77 51.5
    endloop
  endfacet
  facet normal -0 -1 -0
    outer loop
      vertex -12.625 77 63.625
      vertex -8.25 77 51.5
      vertex -8.25 77 63.625
    endloop
  endfacet
  facet normal -0 -1 -0
    outer loop
      vertex 9.25 77 87.875
      vertex 9.25 77 75.75
      vertex 13.625 77 75.75
    endloop
  endfacet
  facet normal -0 -1 -0
    outer loop
      vertex 9.25 77 87.875
      vertex 13.625 77 75.75
      vertex 13.625 77 87.875
    endloop
  endfacet
  facet normal -0 -1 -0
    outer loop
      vertex 9.25 77 75.75
      vertex 9.25 77 63.625
      vertex 13.625 77 63.625
    endloop
  endfacet
  facet normal -0 -1 -0
    outer loop
      vertex 9.25 77 75.75
      vertex 13.625 77 63.625
      vertex 13.625 77 75.75
    endloop
  endfacet
  facet normal -0 -1 -0
    outer loop
      vertex 9.25 77 63.625
      vertex 9.25 77 51.5
      vertex 13.625 77 51.5
    endloop
  endfacet
  facet normal -0 -1 -0
    outer loop
      vertex 9.25 77 63.625
      vertex 13.625 77 51.5
      vertex 13.625 77 63.625
    endloop
  endfacet
  facet normal -0 -1 0
    outer loop
      vertex 9.25 77 63.625
      vertex 0.5 77 51.5
      vertex 9.25 77 51.5
    endloop
  endfacet
  facet normal -0 -1 -0
    outer loop
      vertex 0.5 77 75.75
      vertex 9.25 77 63.625
      vertex 9.25 77 75.75
    endloop
  endfacet
  facet normal 0 -1 -0
    outer loop
      vertex 0.5 77 51.5
      vertex 9.25 77 63.625
      vertex 0.5 77 75.75
    endloop
  endfacet
  facet normal -0 -1 0
    outer loop
      vertex 9.25 77 39.375
      vertex 0.5 77 27.25
      vertex 9.25 77 27.25
    endloop
  endfacet
  facet normal -0 -1 -0
    outer loop
      vertex 0.5 77 51.5
      vertex 9.25 77 39.375
      vertex 9.25 77 51.5
    endloop
  endfacet
  facet normal 0 -1 -0
    outer loop
      vertex 0.5 77 27.25
      vertex 9.25 77 39.375
      vertex 0.5 77 51.5
    endloop
  endfacet
  facet normal -0 -1 -0
    outer loop
      vertex 9.25 77 51.5
      vertex 9.25 77 39.375
      vertex 13.625 77 39.375
    endloop
  endfacet
  facet normal -0 -1 -0
    outer loop
      vertex 9.25 77 51.5
      vertex 13.625 77 39.375
      vertex 13.625 77 51.5
    endloop
  endfacet
  facet normal -0 -1 -0
    outer loop
      vertex 9.25 77 39.375
      vertex 9.25 77 27.25
      vertex 13.625 77 27.25
    endloop
  endfacet
  facet normal -0 -1 -0
    outer loop
      vertex 9.25 77 39.375
      vertex 13.625 77 27.25
      vertex 13.625 77 39.375
    endloop
  endfacet
  facet normal -0 -1 -0
    outer loop
      vertex 9.25 77 27.25
      vertex 9.25 77 15.125
      vertex 13.625 77 15.125
    endloop
  endfacet
  facet normal -0 -1 -0
    outer loop
      vertex 9.25 77 27.25
      vertex 13.625 77 15.125
      vertex 13.625 77 27.25
    endloop
  endfacet
  facet normal -0 -1 -0
    outer loop
      vertex -12.625 77 51.5
      vertex -12.625 77 39.375
      vertex -8.25 77 39.375
    endloop
  endfacet
  facet normal -0 -1 -0
    outer loop
      vertex -12.625 77 51.5
      vertex -8.25 77 39.375
      vertex -8.25 77 51.5
    endloop
  endfacet
  facet normal -0 -1 -0
    outer loop
      vertex -12.625 77 39.375
      vertex -12.625 77 27.25
      vertex -8.25 77 27.25
    endloop
  endfacet
  facet normal -0 -1 -0
    outer loop
      vertex -12.625 77 39.375
      vertex -8.25 77 27.25
      vertex -8.25 77 39.375
    endloop
  endfacet
  facet normal 0 -1 0
    outer loop
      vertex -8.25 77 39.375
      vertex 0.5 77 51.5
      vertex -8.25 77 51.5
    endloop
  endfacet
  facet normal 0 -1 0
    outer loop
      vertex 0.5 77 27.25
      vertex -8.25 77 39.375
      vertex -8.25 77 27.25
    endloop
  endfacet
  facet normal -0 -1 0
    outer loop
      vertex 0.5 77 51.5
      vertex -8.25 77 39.375
      vertex 0.5 77 27.25
    endloop
  endfacet
  facet normal -0 -1 -0
    outer loop
      vertex -12.625 77 27.25
      vertex -12.625 77 15.125
      vertex -8.25 77 15.125
    endloop
  endfacet
  facet normal -0 -1 -0
    outer loop
      vertex -12.625 77 27.25
      vertex -8.25 77 15.125
      vertex -8.25 77 27.25
    endloop
  endfacet
  facet normal -0 -1 -0
    outer loop
      vertex 13.625 77 15.125
      vertex 18 77 3
      vertex 18 77 8.1052627563476562
    endloop
  endfacet
  facet normal -0 -1 0
    outer loop
      vertex 13.625 77 15.125
      vertex 18 77 13.210526466369629
      vertex 18 77 18.315790176391602
    endloop
  endfacet
  facet normal -0 -1 -0
    outer loop
      vertex 18 77 13.210526466369629
      vertex 13.625 77 15.125
      vertex 18 77 8.1052627563476562
    endloop
  endfacet
  facet normal -0 -1 0
    outer loop
      vertex 13.625 77 27.25
      vertex 18 77 23.421052932739258
      vertex 18 77 28.526315689086914
    endloop
  endfacet
  facet normal -0 -1 -0
    outer loop
      vertex 13.625 77 39.375
      vertex 18 77 33.631580352783203
      vertex 18 77 38.736843109130859
    endloop
  endfacet
  facet normal -0 -1 0
    outer loop
      vertex 18 77 33.631580352783203
      vertex 13.625 77 27.25
      vertex 18 77 28.526315689086914
    endloop
  endfacet
  facet normal -0 -1 0
    outer loop
      vertex 18 77 23.421052932739258
      vertex 13.625 77 15.125
      vertex 18 77 18.315790176391602
    endloop
  endfacet
  facet normal 0 -1 -0
    outer loop
      vertex 13.625 77 27.25
      vertex 18 77 33.631580352783203
      vertex 13.625 77 39.375
    endloop
  endfacet
  facet normal -0 -1 -0
    outer loop
      vertex 0.5 77 27.25
      vertex 9.25 77 15.125
      vertex 9.25 77 27.25
    endloop
  endfacet
  facet normal -0 -1 -0
    outer loop
      vertex 9.25 77 15.125
      vertex 18 77 3
      vertex 13.625 77 15.125
    endloop
  endfacet
  facet normal -0 -1 -0
    outer loop
      vertex 18 77 43.842105865478516
      vertex 18 77 48.947368621826172
      vertex 13.625 77 51.5
    endloop
  endfacet
  facet normal 0 -1 -0
    outer loop
      vertex 13.625 77 39.375
      vertex 18 77 43.842105865478516
      vertex 13.625 77 51.5
    endloop
  endfacet
  facet normal -0 -1 0
    outer loop
      vertex 18 77 43.842105865478516
      vertex 13.625 77 39.375
      vertex 18 77 38.736843109130859
    endloop
  endfacet
  facet normal 0 -1 0
    outer loop
      vertex 0.5 77 27.25
      vertex -8.25 77 15.125
      vertex 9.25 77 15.125
    endloop
  endfacet
  facet normal 0 -1 -0
    outer loop
      vertex 13.625 77 15.125
      vertex 18 77 23.421052932739258
      vertex 13.625 77 27.25
    endloop
  endfacet
  facet normal 0 -1 -0
    outer loop
      vertex 18 77 3
      vertex 9.25 77 15.125
      vertex -8.25 77 15.125
    endloop
  endfacet
  facet normal 0 -1 0
    outer loop
      vertex 18 77 3
      vertex -8.25 77 15.125
      vertex -17 77 3
    endloop
  endfacet
  facet normal 0 -1 -0
    outer loop
      vertex 13.625 77 51.5
      vertex 18 77 54.052631378173828
      vertex 18 77 59.157894134521484
    endloop
  endfacet
  facet normal 0 -1 -0
    outer loop
      vertex 13.625 77 63.625
      vertex 18 77 64.263160705566406
      vertex 18 77 69.368423461914062
    endloop
  endfacet
  facet normal -0 -1 0
    outer loop
      vertex 18 77 64.263160705566406
      vertex 13.625 77 63.625
      vertex 18 77 59.157894134521484
    endloop
  endfacet
  facet normal -0 -1 0
    outer loop
      vertex 13.625 77 75.75
      vertex 18 77 74.473686218261719
      vertex 18 77 79.578948974609375
    endloop
  endfacet
  facet normal -0 -1 0
    outer loop
      vertex 13.625 77 87.875
      vertex 18 77 84.684211730957031
      vertex 18 77 89.789474487304688
    endloop
  endfacet
  facet normal 0 -1 0
    outer loop
      vertex 18 77 84.684211730957031
      vertex 13.625 77 87.875
      vertex 18 77 79.578948974609375
    endloop
  endfacet
  facet normal 0 -1 0
    outer loop
      vertex 18 77 74.473686218261719
      vertex 13.625 77 75.75
      vertex 18 77 69.368423461914062
    endloop
  endfacet
  facet normal 0 -1 -0
    outer loop
      vertex 13.625 77 63.625
      vertex 18 77 69.368423461914062
      vertex 13.625 77 75.75
    endloop
  endfacet
  facet normal 0 -1 -0
    outer loop
      vertex 13.625 77 75.75
      vertex 18 77 79.578948974609375
      vertex 13.625 77 87.875
    endloop
  endfacet
  facet normal 0 -1 -0
    outer loop
      vertex 13.625 77 87.875
      vertex 18 77 94.894737243652344
      vertex 18 77 100
    endloop
  endfacet
  facet normal -0 -1 0
    outer loop
      vertex 18 77 100
      vertex 9.25 77 87.875
      vertex 13.625 77 87.875
    endloop
  endfacet
  facet normal -0 -1 0
    outer loop
      vertex 18 77 94.894737243652344
      vertex 13.625 77 87.875
      vertex 18 77 89.789474487304688
    endloop
  endfacet
  facet normal 0 -1 -0
    outer loop
      vertex -8.25 77 87.875
      vertex 9.25 77 87.875
      vertex 18 77 100
    endloop
  endfacet
  facet normal -0 -1 0
    outer loop
      vertex 0.5 77 75.75
      vertex 9.25 77 75.75
      vertex 9.25 77 87.875
    endloop
  endfacet
  facet normal 0 -1 -0
    outer loop
      vertex 13.625 77 51.5
      vertex 18 77 59.157894134521484
      vertex 13.625 77 63.625
    endloop
  endfacet
  facet normal -0 -1 0
    outer loop
      vertex 13.625 77 51.5
      vertex 18 77 48.947368621826172
      vertex 18 77 54.052631378173828
    endloop
  endfacet
  facet normal 0 -1 0
    outer loop
      vertex -17 77 3
      vertex -8.25 77 15.125
      vertex -12.625 77 15.125
    endloop
  endfacet
  facet normal -0 -1 0
    outer loop
      vertex -12.625 77 15.125
      vertex -17 77 8.1052627563476562
      vertex -17 77 3
    endloop
  endfacet
  facet normal -0 -1 0
    outer loop
      vertex -12.625 77 27.25
      vertex -17 77 23.421052932739258
      vertex -17 77 18.315790176391602
    endloop
  endfacet
  facet normal -0 -1 0
    outer loop
      vertex -12.625 77 27.25
      vertex -17 77 18.315790176391602
      vertex -12.625 77 15.125
    endloop
  endfacet
  facet normal -0 -1 0
    outer loop
      vertex -12.625 77 51.5
      vertex -17 77 48.947368621826172
      vertex -17 77 43.842105865478516
    endloop
  endfacet
  facet normal -0 -1 0
    outer loop
      vertex -12.625 77 51.5
      vertex -17 77 43.842105865478516
      vertex -12.625 77 39.375
    endloop
  endfacet
  facet normal -0 -1 0
    outer loop
      vertex -12.625 77 39.375
      vertex -17 77 33.631580352783203
      vertex -17 77 28.526315689086914
    endloop
  endfacet
  facet normal -0 -1 0
    outer loop
      vertex -12.625 77 39.375
      vertex -17 77 28.526315689086914
      vertex -12.625 77 27.25
    endloop
  endfacet
  facet normal -0 -1 0
    outer loop
      vertex -12.625 77 15.125
      vertex -17 77 13.210526466369629
      vertex -17 77 8.1052627563476562
    endloop
  endfacet
  facet normal 0 -1 -0
    outer loop
      vertex -12.625 77 15.125
      vertex -17 77 18.315790176391602
      vertex -17 77 13.210526466369629
    endloop
  endfacet
  facet normal 0 -1 -0
    outer loop
      vertex -12.625 77 27.25
      vertex -17 77 28.526315689086914
      vertex -17 77 23.421052932739258
    endloop
  endfacet
  facet normal -0 -1 0
    outer loop
      vertex -12.625 77 39.375
      vertex -17 77 38.736843109130859
      vertex -17 77 33.631580352783203
    endloop
  endfacet
  facet normal 0 -1 -0
    outer loop
      vertex -12.625 77 39.375
      vertex -17 77 43.842105865478516
      vertex -17 77 38.736843109130859
    endloop
  endfacet
  facet normal -0 -1 -0
    outer loop
      vertex -17 77 54.052631378173828
      vertex -17 77 48.947368621826172
      vertex -12.625 77 51.5
    endloop
  endfacet
  facet normal -0 -1 0
    outer loop
      vertex -12.625 77 63.625
      vertex -17 77 59.157894134521484
      vertex -17 77 54.052631378173828
    endloop
  endfacet
  facet normal -0 -1 0
    outer loop
      vertex -12.625 77 63.625
      vertex -17 77 54.052631378173828
      vertex -12.625 77 51.5
    endloop
  endfacet
  facet normal 0 -1 0
    outer loop
      vertex -12.625 77 75.75
      vertex -17 77 74.473686218261719
      vertex -17 77 69.368423461914062
    endloop
  endfacet
  facet normal -0 -1 0
    outer loop
      vertex -12.625 77 75.75
      vertex -17 77 69.368423461914062
      vertex -12.625 77 63.625
    endloop
  endfacet
  facet normal 0 -1 0
    outer loop
      vertex 0.5 77 75.75
      vertex -8.25 77 87.875
      vertex -8.25 77 75.75
    endloop
  endfacet
  facet normal 0 -1 0
    outer loop
      vertex -12.625 77 87.875
      vertex -17 77 84.684211730957031
      vertex -17 77 79.578948974609375
    endloop
  endfacet
  facet normal -0 -1 0
    outer loop
      vertex -12.625 77 87.875
      vertex -17 77 79.578948974609375
      vertex -12.625 77 75.75
    endloop
  endfacet
  facet normal -0 -1 -0
    outer loop
      vertex -17 77 100
      vertex -12.625 77 87.875
      vertex -8.25 77 87.875
    endloop
  endfacet
  facet normal 0 -1 -0
    outer loop
      vertex -17 77 59.157894134521484
      vertex -12.625 77 63.625
      vertex -17 77 64.263160705566406
    endloop
  endfacet
  facet normal -0 -1 0
    outer loop
      vertex 9.25 77 87.875
      vertex -8.25 77 87.875
      vertex 0.5 77 75.75
    endloop
  endfacet
  facet normal 0 -1 0
    outer loop
      vertex -12.625 77 63.625
      vertex -17 77 69.368423461914062
      vertex -17 77 64.263160705566406
    endloop
  endfacet
  facet normal 0 -1 -0
    outer loop
      vertex -12.625 77 75.75
      vertex -17 77 79.578948974609375
      vertex -17 77 74.473686218261719
    endloop
  endfacet
  facet normal 0 -1 -0
    outer loop
      vertex -12.625 77 87.875
      vertex -17 77 89.789474487304688
      vertex -17 77 84.684211730957031
    endloop
  endfacet
  facet normal 0 -1 0
    outer loop
      vertex -12.625 77 87.875
      vertex -17 77 100
      vertex -17 77 94.894737243652344
    endloop
  endfacet
  facet normal 0 -1 0
    outer loop
      vertex -12.625 77 87.875
      vertex -17 77 94.894737243652344
      vertex -17 77 89.789474487304688
    endloop
  endfacet
  facet normal -0 -1 0
    outer loop
      vertex 18 77 100
      vertex -17 77 100
      vertex -8.25 77 87.875
    endloop
  endfacet
  facet normal 0 -1 0
    outer loop
      vertex -8.25 77 15.125
      vertex 0.5 77 27.25
      vertex -8.25 77 27.25
    endloop
  endfacet
  facet normal 0.28534807042112931 -0.95842395562033933 -0
    outer loop
      vertex -18.139730453491211 76.775070190429688 9.9285717010498047
      vertex -18.139730453491211 76.775070190429688 6.4642858505249023
      vertex -17.563745498657227 76.946556091308594 6.4642858505249023
    endloop
  endfacet
  facet normal 0.28534807042112931 -0.95842395562033933 0
    outer loop
      vertex -18.139730453491211 76.775070190429688 9.9285717010498047
      vertex -17.563745498657227 76.946556091308594 6.4642858505249023
      vertex -17.563745498657227 76.946556091308594 9.9285717010498047
    endloop
  endfacet
  facet normal 0.28534807042112931 -0.95842395562033933 -0
    outer loop
      vertex -18.139730453491211 76.775070190429688 96.535713195800781
      vertex -18.139730453491211 76.775070190429688 93.071426391601562
      vertex -17.563745498657227 76.946556091308594 93.071426391601562
    endloop
  endfacet
  facet normal 0.28534807042112931 -0.95842395562033933 0
    outer loop
      vertex -18.139730453491211 76.775070190429688 96.535713195800781
      vertex -17.563745498657227 76.946556091308594 93.071426391601562
      vertex -17.563745498657227 76.946556091308594 96.535713195800781
    endloop
  endfacet
  facet normal 0.55864811722502783 -0.82940477519781097 -0
    outer loop
      vertex -19.143299102783203 76.099113464355469 16.857143402099609
      vertex -19.143299102783203 76.099113464355469 9.9285717010498047
      vertex -18.139730453491211 76.775070190429688 9.9285717010498047
    endloop
  endfacet
  facet normal 0.55864811722502783 -0.82940477519781097 0
    outer loop
      vertex -19.143299102783203 76.099113464355469 16.857143402099609
      vertex -18.139730453491211 76.775070190429688 9.9285717010498047
      vertex -18.139730453491211 76.775070190429688 16.857143402099609
    endloop
  endfacet
  facet normal 0.55864811722502783 -0.82940477519781097 -0
    outer loop
      vertex -19.143299102783203 76.099113464355469 23.785715103149414
      vertex -19.143299102783203 76.099113464355469 16.857143402099609
      vertex -18.139730453491211 76.775070190429688 16.857143402099609
    endloop
  endfacet
  facet normal 0.55864811722502783 -0.82940477519781097 0
    outer loop
      vertex -19.143299102783203 76.099113464355469 23.785715103149414
      vertex -18.139730453491211 76.775070190429688 16.857143402099609
      vertex -18.139730453491211 76.775070190429688 23.785715103149414
    endloop
  endfacet
  facet normal 0.55864811722502783 -0.82940477519781097 -0
    outer loop
      vertex -19.143299102783203 76.099113464355469 30.714284896850586
      vertex -19.143299102783203 76.099113464355469 23.785715103149414
      vertex -18.139730453491211 76.775070190429688 23.785715103149414
    endloop
  endfacet
  facet normal 0.55864811722502783 -0.82940477519781097 0
    outer loop
      vertex -19.143299102783203 76.099113464355469 30.714284896850586
      vertex -18.139730453491211 76.775070190429688 23.785715103149414
      vertex -18.139730453491211 76.775070190429688 30.714284896850586
    endloop
  endfacet
  facet normal 0.55864811722502783 -0.82940477519781097 -0
    outer loop
      vertex -19.143299102783203 76.099113464355469 37.642856597900391
      vertex -19.143299102783203 76.099113464355469 30.714284896850586
      vertex -18.139730453491211 76.775070190429688 30.714284896850586
    endloop
  endfacet
  facet normal 0.55864811722502783 -0.82940477519781097 0
    outer loop
      vertex -19.143299102783203 76.099113464355469 37.642856597900391
      vertex -18.139730453491211 76.775070190429688 30.714284896850586
      vertex -18.139730453491211 76.775070190429688 37.642856597900391
    endloop
  endfacet
  facet normal 0.55864811722502783 -0.82940477519781097 -0
    outer loop
      vertex -19.143299102783203 76.099113464355469 44.571430206298828
      vertex -19.143299102783203 76.099113464355469 37.642856597900391
      vertex -18.139730453491211 76.775070190429688 37.642856597900391
    endloop
  endfacet
  facet normal 0.55864811722502783 -0.82940477519781097 0
    outer loop
      vertex -19.143299102783203 76.099113464355469 44.571430206298828
      vertex -18.139730453491211 76.775070190429688 37.642856597900391
      vertex -18.139730453491211 76.775070190429688 44.571430206298828
    endloop
  endfacet
  facet normal 0.55864811722502783 -0.82940477519781097 -0
    outer loop
      vertex -19.143299102783203 76.099113464355469 51.5
      vertex -19.143299102783203 76.099113464355469 44.571430206298828
      vertex -18.139730453491211 76.775070190429688 44.571430206298828
    endloop
  endfacet
  facet normal 0.55864811722502783 -0.82940477519781097 0
    outer loop
      vertex -19.143299102783203 76.099113464355469 51.5
      vertex -18.139730453491211 76.775070190429688 44.571430206298828
      vertex -18.139730453491211 76.775070190429688 51.5
    endloop
  endfacet
  facet normal 0.55864811722502783 -0.82940477519781097 -0
    outer loop
      vertex -19.143299102783203 76.099113464355469 58.428569793701172
      vertex -19.143299102783203 76.099113464355469 51.5
      vertex -18.139730453491211 76.775070190429688 51.5
    endloop
  endfacet
  facet normal 0.55864811722502783 -0.82940477519781097 0
    outer loop
      vertex -19.143299102783203 76.099113464355469 58.428569793701172
      vertex -18.139730453491211 76.775070190429688 51.5
      vertex -18.139730453491211 76.775070190429688 58.428569793701172
    endloop
  endfacet
  facet normal 0.55864811722502783 -0.82940477519781097 -0
    outer loop
      vertex -19.143299102783203 76.099113464355469 65.357139587402344
      vertex -19.143299102783203 76.099113464355469 58.428569793701172
      vertex -18.139730453491211 76.775070190429688 58.428569793701172
    endloop
  endfacet
  facet normal 0.55864811722502783 -0.82940477519781097 0
    outer loop
      vertex -19.143299102783203 76.099113464355469 65.357139587402344
      vertex -18.139730453491211 76.775070190429688 58.428569793701172
      vertex -18.139730453491211 76.775070190429688 65.357139587402344
    endloop
  endfacet
  facet normal 0.55864811722502783 -0.82940477519781097 -0
    outer loop
      vertex -19.143299102783203 76.099113464355469 72.285713195800781
      vertex -19.143299102783203 76.099113464355469 65.357139587402344
      vertex -18.139730453491211 76.775070190429688 65.357139587402344
    endloop
  endfacet
  facet normal 0.55864811722502783 -0.82940477519781097 0
    outer loop
      vertex -19.143299102783203 76.099113464355469 72.285713195800781
      vertex -18.139730453491211 76.775070190429688 65.357139587402344
      vertex -18.139730453491211 76.775070190429688 72.285713195800781
    endloop
  endfacet
  facet normal 0.55864811722502783 -0.82940477519781097 -0
    outer loop
      vertex -19.143299102783203 76.099113464355469 79.214286804199219
      vertex -19.143299102783203 76.099113464355469 72.285713195800781
      vertex -18.139730453491211 76.775070190429688 72.285713195800781
    endloop
  endfacet
  facet normal 0.55864811722502783 -0.82940477519781097 0
    outer loop
      vertex -19.143299102783203 76.099113464355469 79.214286804199219
      vertex -18.139730453491211 76.775070190429688 72.285713195800781
      vertex -18.139730453491211 76.775070190429688 79.214286804199219
    endloop
  endfacet
  facet normal 0.55864811722502783 -0.82940477519781097 -0
    outer loop
      vertex -19.143299102783203 76.099113464355469 86.142860412597656
      vertex -19.143299102783203 76.099113464355469 79.214286804199219
      vertex -18.139730453491211 76.775070190429688 79.214286804199219
    endloop
  endfacet
  facet normal 0.55864811722502783 -0.82940477519781097 0
    outer loop
      vertex -19.143299102783203 76.099113464355469 86.142860412597656
      vertex -18.139730453491211 76.775070190429688 79.214286804199219
      vertex -18.139730453491211 76.775070190429688 86.142860412597656
    endloop
  endfacet
  facet normal 0.47082299549049028 -0.88222769561908554 0
    outer loop
      vertex -18.670953750610352 76.491569519042969 93.071426391601562
      vertex -18.139730453491211 76.775070190429688 86.142860412597656
      vertex -18.139730453491211 76.775070190429688 93.071426391601562
    endloop
  endfacet
  facet normal 0.63906407859497827 -0.76915349797654253 0
    outer loop
      vertex -19.143299102783203 76.099113464355469 86.142860412597656
      vertex -18.670953750610352 76.491569519042969 93.071426391601562
      vertex -19.143299102783203 76.099113464355469 93.071426391601562
    endloop
  endfacet
  facet normal 0.55862601777935694 -0.82937196494533982 0.008894718808583767
    outer loop
      vertex -18.139730453491211 76.775070190429688 86.142860412597656
      vertex -18.670953750610352 76.491569519042969 93.071426391601562
      vertex -19.143299102783203 76.099113464355469 86.142860412597656
    endloop
  endfacet
  facet normal 0.47082299549049028 -0.88222769561908554 -0
    outer loop
      vertex -18.670953750610352 76.491569519042969 96.535713195800781
      vertex -18.670953750610352 76.491569519042969 93.071426391601562
      vertex -18.139730453491211 76.775070190429688 93.071426391601562
    endloop
  endfacet
  facet normal 0.47082299549049028 -0.88222769561908554 0
    outer loop
      vertex -18.670953750610352 76.491569519042969 96.535713195800781
      vertex -18.139730453491211 76.775070190429688 93.071426391601562
      vertex -18.139730453491211 76.775070190429688 96.535713195800781
    endloop
  endfacet
  facet normal 0.63906407859497838 -0.76915349797654264 -0
    outer loop
      vertex -19.143299102783203 76.099113464355469 96.535713195800781
      vertex -19.143299102783203 76.099113464355469 93.071426391601562
      vertex -18.670953750610352 76.491569519042969 93.071426391601562
    endloop
  endfacet
  facet normal 0.63906407859497827 -0.76915349797654253 0
    outer loop
      vertex -19.143299102783203 76.099113464355469 96.535713195800781
      vertex -18.670953750610352 76.491569519042969 93.071426391601562
      vertex -18.670953750610352 76.491569519042969 96.535713195800781
    endloop
  endfacet
  facet normal 0.89082816363095996 -0.45434038218266676 0
    outer loop
      vertex -19.794841766357422 75.090347290039062 9.9285717010498047
      vertex -19.794841766357422 75.090347290039062 6.4642858505249023
      vertex -19.523593902587891 75.622184753417969 6.4642858505249023
    endloop
  endfacet
  facet normal 0.89082816363095996 -0.45434038218266676 0
    outer loop
      vertex -19.794841766357422 75.090347290039062 9.9285717010498047
      vertex -19.523593902587891 75.622184753417969 6.4642858505249023
      vertex -19.523593902587891 75.622184753417969 9.9285717010498047
    endloop
  endfacet
  facet normal 0.78186596848726464 -0.62344655530484061 0
    outer loop
      vertex -19.523593902587891 75.622184753417969 9.9285717010498047
      vertex -19.523593902587891 75.622184753417969 6.4642858505249023
      vertex -19.143299102783203 76.099113464355469 6.4642858505249023
    endloop
  endfacet
  facet normal 0.78186596848726475 -0.62344655530484061 0
    outer loop
      vertex -19.523593902587891 75.622184753417969 9.9285717010498047
      vertex -19.143299102783203 76.099113464355469 6.4642858505249023
      vertex -19.143299102783203 76.099113464355469 9.9285717010498047
    endloop
  endfacet
  facet normal 0.89082816363095996 -0.45434038218266676 0
    outer loop
      vertex -19.523593902587891 75.622184753417969 9.9285717010498047
      vertex -19.794841766357422 75.090347290039062 16.857143402099609
      vertex -19.794841766357422 75.090347290039062 9.9285717010498047
    endloop
  endfacet
  facet normal 0.78186596848726475 -0.62344655530484061 0
    outer loop
      vertex -19.143299102783203 76.099113464355469 16.857143402099609
      vertex -19.523593902587891 75.622184753417969 9.9285717010498047
      vertex -19.143299102783203 76.099113464355469 9.9285717010498047
    endloop
  endfacet
  facet normal 0.8399889897562447 -0.54253272729894297 -0.0087599599230827694
    outer loop
      vertex -19.794841766357422 75.090347290039062 16.857143402099609
      vertex -19.523593902587891 75.622184753417969 9.9285717010498047
      vertex -19.143299102783203 76.099113464355469 16.857143402099609
    endloop
  endfacet
  facet normal 0.84002122068588558 -0.54255354463628269 0
    outer loop
      vertex -19.794841766357422 75.090347290039062 23.785715103149414
      vertex -19.794841766357422 75.090347290039062 16.857143402099609
      vertex -19.143299102783203 76.099113464355469 16.857143402099609
    endloop
  endfacet
  facet normal 0.84002122068588558 -0.54255354463628269 0
    outer loop
      vertex -19.794841766357422 75.090347290039062 23.785715103149414
      vertex -19.143299102783203 76.099113464355469 16.857143402099609
      vertex -19.143299102783203 76.099113464355469 23.785715103149414
    endloop
  endfacet
  facet normal 0.84002122068588558 -0.54255354463628269 0
    outer loop
      vertex -19.794841766357422 75.090347290039062 30.714284896850586
      vertex -19.794841766357422 75.090347290039062 23.785715103149414
      vertex -19.143299102783203 76.099113464355469 23.785715103149414
    endloop
  endfacet
  facet normal 0.84002122068588558 -0.54255354463628269 0
    outer loop
      vertex -19.794841766357422 75.090347290039062 30.714284896850586
      vertex -19.143299102783203 76.099113464355469 23.785715103149414
      vertex -19.143299102783203 76.099113464355469 30.714284896850586
    endloop
  endfacet
  facet normal 0.84002122068588558 -0.54255354463628269 0
    outer loop
      vertex -19.794841766357422 75.090347290039062 37.642856597900391
      vertex -19.794841766357422 75.090347290039062 30.714284896850586
      vertex -19.143299102783203 76.099113464355469 30.714284896850586
    endloop
  endfacet
  facet normal 0.84002122068588558 -0.54255354463628269 0
    outer loop
      vertex -19.794841766357422 75.090347290039062 37.642856597900391
      vertex -19.143299102783203 76.099113464355469 30.714284896850586
      vertex -19.143299102783203 76.099113464355469 37.642856597900391
    endloop
  endfacet
  facet normal 0.84002122068588558 -0.54255354463628269 0
    outer loop
      vertex -19.794841766357422 75.090347290039062 44.571430206298828
      vertex -19.794841766357422 75.090347290039062 37.642856597900391
      vertex -19.143299102783203 76.099113464355469 37.642856597900391
    endloop
  endfacet
  facet normal 0.84002122068588547 -0.54255354463628269 0
    outer loop
      vertex -19.794841766357422 75.090347290039062 44.571430206298828
      vertex -19.143299102783203 76.099113464355469 37.642856597900391
      vertex -19.143299102783203 76.099113464355469 44.571430206298828
    endloop
  endfacet
  facet normal 0.84002122068588558 -0.54255354463628269 0
    outer loop
      vertex -19.794841766357422 75.090347290039062 51.5
      vertex -19.794841766357422 75.090347290039062 44.571430206298828
      vertex -19.143299102783203 76.099113464355469 44.571430206298828
    endloop
  endfacet
  facet normal 0.84002122068588558 -0.54255354463628269 0
    outer loop
      vertex -19.794841766357422 75.090347290039062 51.5
      vertex -19.143299102783203 76.099113464355469 44.571430206298828
      vertex -19.143299102783203 76.099113464355469 51.5
    endloop
  endfacet
  facet normal 0.84002122068588558 -0.54255354463628269 0
    outer loop
      vertex -19.794841766357422 75.090347290039062 58.428569793701172
      vertex -19.794841766357422 75.090347290039062 51.5
      vertex -19.143299102783203 76.099113464355469 51.5
    endloop
  endfacet
  facet normal 0.84002122068588558 -0.54255354463628269 0
    outer loop
      vertex -19.794841766357422 75.090347290039062 58.428569793701172
      vertex -19.143299102783203 76.099113464355469 51.5
      vertex -19.143299102783203 76.099113464355469 58.428569793701172
    endloop
  endfacet
  facet normal 0.84002122068588558 -0.54255354463628269 0
    outer loop
      vertex -19.794841766357422 75.090347290039062 65.357139587402344
      vertex -19.794841766357422 75.090347290039062 58.428569793701172
      vertex -19.143299102783203 76.099113464355469 58.428569793701172
    endloop
  endfacet
  facet normal 0.84002122068588558 -0.54255354463628269 0
    outer loop
      vertex -19.794841766357422 75.090347290039062 65.357139587402344
      vertex -19.143299102783203 76.099113464355469 58.428569793701172
      vertex -19.143299102783203 76.099113464355469 65.357139587402344
    endloop
  endfacet
  facet normal 0.84002122068588558 -0.54255354463628269 0
    outer loop
      vertex -19.794841766357422 75.090347290039062 72.285713195800781
      vertex -19.794841766357422 75.090347290039062 65.357139587402344
      vertex -19.143299102783203 76.099113464355469 65.357139587402344
    endloop
  endfacet
  facet normal 0.84002122068588547 -0.54255354463628269 0
    outer loop
      vertex -19.794841766357422 75.090347290039062 72.285713195800781
      vertex -19.143299102783203 76.099113464355469 65.357139587402344
      vertex -19.143299102783203 76.099113464355469 72.285713195800781
    endloop
  endfacet
  facet normal 0.84002122068588558 -0.54255354463628269 0
    outer loop
      vertex -19.794841766357422 75.090347290039062 79.214286804199219
      vertex -19.794841766357422 75.090347290039062 72.285713195800781
      vertex -19.143299102783203 76.099113464355469 72.285713195800781
    endloop
  endfacet
  facet normal 0.84002122068588547 -0.54255354463628269 0
    outer loop
      vertex -19.794841766357422 75.090347290039062 79.214286804199219
      vertex -19.143299102783203 76.099113464355469 72.285713195800781
      vertex -19.143299102783203 76.099113464355469 79.214286804199219
    endloop
  endfacet
  facet normal 0.84002122068588558 -0.54255354463628269 0
    outer loop
      vertex -19.794841766357422 75.090347290039062 86.142860412597656
      vertex -19.794841766357422 75.090347290039062 79.214286804199219
      vertex -19.143299102783203 76.099113464355469 79.214286804199219
    endloop
  endfacet
  facet normal 0.84002122068588547 -0.54255354463628269 0
    outer loop
      vertex -19.794841766357422 75.090347290039062 86.142860412597656
      vertex -19.143299102783203 76.099113464355469 79.214286804199219
      vertex -19.143299102783203 76.099113464355469 86.142860412597656
    endloop
  endfacet
  facet normal 0.78186596848726464 -0.62344655530484061 0
    outer loop
      vertex -19.523593902587891 75.622184753417969 93.071426391601562
      vertex -19.143299102783203 76.099113464355469 86.142860412597656
      vertex -19.143299102783203 76.099113464355469 93.071426391601562
    endloop
  endfacet
  facet normal 0.89082816363095996 -0.45434038218266676 0
    outer loop
      vertex -19.794841766357422 75.090347290039062 86.142860412597656
      vertex -19.523593902587891 75.622184753417969 93.071426391601562
      vertex -19.794841766357422 75.090347290039062 93.071426391601562
    endloop
  endfacet
  facet normal 0.83998898970301117 -0.54253272726456048 0.0087599671570539051
    outer loop
      vertex -19.143299102783203 76.099113464355469 86.142860412597656
      vertex -19.523593902587891 75.622184753417969 93.071426391601562
      vertex -19.794841766357422 75.090347290039062 86.142860412597656
    endloop
  endfacet
  facet normal 0.78186596848726464 -0.62344655530484061 0
    outer loop
      vertex -19.523593902587891 75.622184753417969 96.535713195800781
      vertex -19.523593902587891 75.622184753417969 93.071426391601562
      vertex -19.143299102783203 76.099113464355469 93.071426391601562
    endloop
  endfacet
  facet normal 0.78186596848726464 -0.62344655530484061 0
    outer loop
      vertex -19.523593902587891 75.622184753417969 96.535713195800781
      vertex -19.143299102783203 76.099113464355469 93.071426391601562
      vertex -19.143299102783203 76.099113464355469 96.535713195800781
    endloop
  endfacet
  facet normal 0.89082816363095996 -0.45434038218266681 0
    outer loop
      vertex -19.794841766357422 75.090347290039062 96.535713195800781
      vertex -19.794841766357422 75.090347290039062 93.071426391601562
      vertex -19.523593902587891 75.622184753417969 93.071426391601562
    endloop
  endfacet
  facet normal 0.89082816363095996 -0.45434038218266681 0
    outer loop
      vertex -19.794841766357422 75.090347290039062 96.535713195800781
      vertex -19.523593902587891 75.622184753417969 93.071426391601562
      vertex -19.523593902587891 75.622184753417969 96.535713195800781
    endloop
  endfacet
  facet normal 0.96207387818840162 -0.27278902636933278 0
    outer loop
      vertex -19.951204299926758 74.538887023925781 9.9285717010498047
      vertex -19.951204299926758 74.538887023925781 6.4642858505249023
      vertex -19.794841766357422 75.090347290039062 6.4642858505249023
    endloop
  endfacet
  facet normal 0.96207387818840162 -0.27278902636933278 0
    outer loop
      vertex -19.951204299926758 74.538887023925781 9.9285717010498047
      vertex -19.794841766357422 75.090347290039062 6.4642858505249023
      vertex -19.794841766357422 75.090347290039062 9.9285717010498047
    endloop
  endfacet
  facet normal 0.96207387818840151 -0.27278902636933278 0
    outer loop
      vertex -19.951204299926758 74.538887023925781 96.535713195800781
      vertex -19.951204299926758 74.538887023925781 93.071426391601562
      vertex -19.794841766357422 75.090347290039062 93.071426391601562
    endloop
  endfacet
  facet normal 0.96207387818840151 -0.27278902636933278 0
    outer loop
      vertex -19.951204299926758 74.538887023925781 96.535713195800781
      vertex -19.794841766357422 75.090347290039062 93.071426391601562
      vertex -19.794841766357422 75.090347290039062 96.535713195800781
    endloop
  endfacet
  facet normal 0.09437832638351637 -0.99553640390949372 0
    outer loop
      vertex -17.563745498657227 76.946556091308594 6.4642858505249023
      vertex -17 77 3
      vertex -17 77 8.1052627563476562
    endloop
  endfacet
  facet normal 0.19361895489416656 -0.98107680652724161 0
    outer loop
      vertex -18.139730453491211 76.775070190429688 16.857143402099609
      vertex -17 77 13.210526466369629
      vertex -17 77 18.315790176391602
    endloop
  endfacet
  facet normal 0.09437832638351637 -0.99553640390949372 0
    outer loop
      vertex -17 77 13.210526466369629
      vertex -17.563745498657227 76.946556091308594 9.9285717010498047
      vertex -17 77 8.1052627563476562
    endloop
  endfacet
  facet normal 0.19361895489416656 -0.98107680652724161 -0
    outer loop
      vertex -17 77 23.421052932739258
      vertex -18.139730453491211 76.775070190429688 23.785715103149414
      vertex -18.139730453491211 76.775070190429688 16.857143402099609
    endloop
  endfacet
  facet normal 0.19361895489416658 -0.98107680652724172 0
    outer loop
      vertex -17 77 23.421052932739258
      vertex -18.139730453491211 76.775070190429688 16.857143402099609
      vertex -17 77 18.315790176391602
    endloop
  endfacet
  facet normal 0.19359300928551657 -0.98094533884686053 0.016370368059273055
    outer loop
      vertex -17.563745498657227 76.946556091308594 6.4642858505249023
      vertex -18.139730453491211 76.775070190429688 3
      vertex -17 77 3
    endloop
  endfacet
  facet normal 0.19361895489416656 -0.98107680652724161 -0
    outer loop
      vertex -17 77 28.526315689086914
      vertex -18.139730453491211 76.775070190429688 30.714284896850586
      vertex -18.139730453491211 76.775070190429688 23.785715103149414
    endloop
  endfacet
  facet normal 0.19361895489416656 -0.98107680652724161 0
    outer loop
      vertex -17 77 28.526315689086914
      vertex -18.139730453491211 76.775070190429688 23.785715103149414
      vertex -17 77 23.421052932739258
    endloop
  endfacet
  facet normal 0.19361895489416656 -0.98107680652724161 0
    outer loop
      vertex -17 77 28.526315689086914
      vertex -17 77 33.631580352783203
      vertex -18.139730453491211 76.775070190429688 30.714284896850586
    endloop
  endfacet
  facet normal 0.19361895489416656 -0.98107680652724161 -0
    outer loop
      vertex -17 77 43.842105865478516
      vertex -18.139730453491211 76.775070190429688 44.571430206298828
      vertex -18.139730453491211 76.775070190429688 37.642856597900391
    endloop
  endfacet
  facet normal 0.19361895489416658 -0.98107680652724172 0
    outer loop
      vertex -17 77 43.842105865478516
      vertex -18.139730453491211 76.775070190429688 37.642856597900391
      vertex -17 77 38.736843109130859
    endloop
  endfacet
  facet normal 0.19361895489416656 -0.98107680652724161 0
    outer loop
      vertex -17 77 43.842105865478516
      vertex -17 77 48.947368621826172
      vertex -18.139730453491211 76.775070190429688 44.571430206298828
    endloop
  endfacet
  facet normal 0.19361895489416656 -0.98107680652724161 0
    outer loop
      vertex -18.139730453491211 76.775070190429688 37.642856597900391
      vertex -17 77 33.631580352783203
      vertex -17 77 38.736843109130859
    endloop
  endfacet
  facet normal 0.094378326383516356 -0.99553640390949361 0
    outer loop
      vertex -17.563745498657227 76.946556091308594 6.4642858505249023
      vertex -17 77 8.1052627563476562
      vertex -17.563745498657227 76.946556091308594 9.9285717010498047
    endloop
  endfacet
  facet normal 0.28534807042112931 -0.95842395562033933 0
    outer loop
      vertex -18.139730453491211 76.775070190429688 3
      vertex -17.563745498657227 76.946556091308594 6.4642858505249023
      vertex -18.139730453491211 76.775070190429688 6.4642858505249023
    endloop
  endfacet
  facet normal 0.55864811722502783 -0.82940477519781097 0
    outer loop
      vertex -19.143299102783203 76.099113464355469 3
      vertex -18.139730453491211 76.775070190429688 3
      vertex -18.139730453491211 76.775070190429688 6.4642858505249023
    endloop
  endfacet
  facet normal 0.55864811722502783 -0.82940477519781097 0
    outer loop
      vertex -19.143299102783203 76.099113464355469 3
      vertex -18.139730453491211 76.775070190429688 6.4642858505249023
      vertex -19.143299102783203 76.099113464355469 6.4642858505249023
    endloop
  endfacet
  facet normal 0.78186596848726475 -0.62344655530484061 0
    outer loop
      vertex -19.523593902587891 75.622184753417969 6.4642858505249023
      vertex -19.143299102783203 76.099113464355469 3
      vertex -19.143299102783203 76.099113464355469 6.4642858505249023
    endloop
  endfacet
  facet normal 0.55864811722502783 -0.82940477519781097 -0
    outer loop
      vertex -18.139730453491211 76.775070190429688 9.9285717010498047
      vertex -19.143299102783203 76.099113464355469 9.9285717010498047
      vertex -19.143299102783203 76.099113464355469 6.4642858505249023
    endloop
  endfacet
  facet normal 0.55864811722502783 -0.82940477519781097 0
    outer loop
      vertex -18.139730453491211 76.775070190429688 9.9285717010498047
      vertex -19.143299102783203 76.099113464355469 6.4642858505249023
      vertex -18.139730453491211 76.775070190429688 6.4642858505249023
    endloop
  endfacet
  facet normal 0.28534807042112931 -0.95842395562033933 0
    outer loop
      vertex -17.563745498657227 76.946556091308594 9.9285717010498047
      vertex -18.139730453491211 76.775070190429688 16.857143402099609
      vertex -18.139730453491211 76.775070190429688 9.9285717010498047
    endloop
  endfacet
  facet normal 0.19361895489416656 -0.98107680652724161 -0
    outer loop
      vertex -18.139730453491211 76.775070190429688 30.714284896850586
      vertex -17 77 33.631580352783203
      vertex -18.139730453491211 76.775070190429688 37.642856597900391
    endloop
  endfacet
  facet normal 0.15892535878648981 -0.98722681420847158 -0.011222639724138192
    outer loop
      vertex -17.563745498657227 76.946556091308594 9.9285717010498047
      vertex -17 77 13.210526466369629
      vertex -18.139730453491211 76.775070190429688 16.857143402099609
    endloop
  endfacet
  facet normal 0.19361895489416656 -0.98107680652724161 -0
    outer loop
      vertex -18.139730453491211 76.775070190429688 51.5
      vertex -18.139730453491211 76.775070190429688 44.571430206298828
      vertex -17 77 48.947368621826172
    endloop
  endfacet
  facet normal 0.19361895489416656 -0.98107680652724161 -0
    outer loop
      vertex -17 77 64.263160705566406
      vertex -18.139730453491211 76.775070190429688 65.357139587402344
      vertex -18.139730453491211 76.775070190429688 58.428569793701172
    endloop
  endfacet
  facet normal 0.19361895489416658 -0.98107680652724172 0
    outer loop
      vertex -17 77 64.263160705566406
      vertex -18.139730453491211 76.775070190429688 58.428569793701172
      vertex -17 77 59.157894134521484
    endloop
  endfacet
  facet normal 0.19361895489416656 -0.98107680652724161 0
    outer loop
      vertex -17 77 69.368423461914062
      vertex -17 77 74.473686218261719
      vertex -18.139730453491211 76.775070190429688 72.285713195800781
    endloop
  endfacet
  facet normal 0.19361895489416658 -0.98107680652724172 0
    outer loop
      vertex -17 77 79.578948974609375
      vertex -18.139730453491211 76.775070190429688 79.214286804199219
      vertex -18.139730453491211 76.775070190429688 72.285713195800781
    endloop
  endfacet
  facet normal 0.19361895489416658 -0.98107680652724172 0
    outer loop
      vertex -17 77 79.578948974609375
      vertex -18.139730453491211 76.775070190429688 72.285713195800781
      vertex -17 77 74.473686218261719
    endloop
  endfacet
  facet normal 0.19361895489416656 -0.98107680652724161 0
    outer loop
      vertex -18.139730453491211 76.775070190429688 65.357139587402344
      vertex -17 77 64.263160705566406
      vertex -17 77 69.368423461914062
    endloop
  endfacet
  facet normal 0.19361895489416656 -0.98107680652724161 0
    outer loop
      vertex -17 77 84.684211730957031
      vertex -17 77 89.789474487304688
      vertex -18.139730453491211 76.775070190429688 86.142860412597656
    endloop
  endfacet
  facet normal 0.15892535680065817 -0.9872268144208558 0.011222649162843091
    outer loop
      vertex -18.139730453491211 76.775070190429688 86.142860412597656
      vertex -17 77 89.789474487304688
      vertex -17.563745498657227 76.946556091308594 93.071426391601562
    endloop
  endfacet
  facet normal 0.09437832638351637 -0.99553640390949372 0
    outer loop
      vertex -17.563745498657227 76.946556091308594 96.535713195800781
      vertex -17 77 94.894737243652344
      vertex -17 77 100
    endloop
  endfacet
  facet normal 0.09437832638351637 -0.99553640390949372 0
    outer loop
      vertex -17 77 89.789474487304688
      vertex -17 77 94.894737243652344
      vertex -17.563745498657227 76.946556091308594 93.071426391601562
    endloop
  endfacet
  facet normal 0.09437832638351637 -0.99553640390949372 0
    outer loop
      vertex -17.563745498657227 76.946556091308594 93.071426391601562
      vertex -17 77 94.894737243652344
      vertex -17.563745498657227 76.946556091308594 96.535713195800781
    endloop
  endfacet
  facet normal 0.19361895489416656 -0.98107680652724161 -0
    outer loop
      vertex -17 77 84.684211730957031
      vertex -18.139730453491211 76.775070190429688 86.142860412597656
      vertex -18.139730453491211 76.775070190429688 79.214286804199219
    endloop
  endfacet
  facet normal 0.19361895489416656 -0.98107680652724161 0
    outer loop
      vertex -17 77 84.684211730957031
      vertex -18.139730453491211 76.775070190429688 79.214286804199219
      vertex -17 77 79.578948974609375
    endloop
  endfacet
  facet normal 0.19361895489416656 -0.98107680652724161 0
    outer loop
      vertex -17 77 59.157894134521484
      vertex -18.139730453491211 76.775070190429688 58.428569793701172
      vertex -18.139730453491211 76.775070190429688 51.5
    endloop
  endfacet
  facet normal 0.19361895489416658 -0.98107680652724172 0
    outer loop
      vertex -17 77 59.157894134521484
      vertex -18.139730453491211 76.775070190429688 51.5
      vertex -17 77 54.052631378173828
    endloop
  endfacet
  facet normal 0.19361895489416656 -0.98107680652724161 -0
    outer loop
      vertex -18.139730453491211 76.775070190429688 65.357139587402344
      vertex -17 77 69.368423461914062
      vertex -18.139730453491211 76.775070190429688 72.285713195800781
    endloop
  endfacet
  facet normal 0.28534807042112931 -0.95842395562033933 0
    outer loop
      vertex -18.139730453491211 76.775070190429688 86.142860412597656
      vertex -17.563745498657227 76.946556091308594 93.071426391601562
      vertex -18.139730453491211 76.775070190429688 93.071426391601562
    endloop
  endfacet
  facet normal 0.28534791732766862 -0.95842344141170999 0.0010358712740985356
    outer loop
      vertex -18.139730453491211 76.775070190429688 96.535713195800781
      vertex -17.563745498657227 76.946556091308594 96.535713195800781
      vertex -18.104284286499023 76.78936767578125 100
    endloop
  endfacet
  facet normal 0.18734111599249892 -0.98217522582553207 -0.015334015561823778
    outer loop
      vertex -17 77 100
      vertex -18.104284286499023 76.78936767578125 100
      vertex -17.563745498657227 76.946556091308594 96.535713195800781
    endloop
  endfacet
  facet normal 0.47056559767046041 -0.88174538382081469 -0.033062008404311664
    outer loop
      vertex -19.121320724487305 76.121322631835938 100
      vertex -18.670953750610352 76.491569519042969 96.535713195800781
      vertex -18.139730453491211 76.775070190429688 96.535713195800781
    endloop
  endfacet
  facet normal 0.54900830832581826 -0.83581408078131147 -0.0021678922747710681
    outer loop
      vertex -19.121320724487305 76.121322631835938 100
      vertex -18.139730453491211 76.775070190429688 96.535713195800781
      vertex -18.104284286499023 76.78936767578125 100
    endloop
  endfacet
  facet normal 0.63906383307843628 -0.76915320248206331 0.00087656299407929826
    outer loop
      vertex -18.670953750610352 76.491569519042969 96.535713195800781
      vertex -19.121320724487305 76.121322631835938 100
      vertex -19.143299102783203 76.099113464355469 96.535713195800781
    endloop
  endfacet
  facet normal 0.19361895489416656 -0.98107680652724161 0
    outer loop
      vertex -18.139730453491211 76.775070190429688 51.5
      vertex -17 77 48.947368621826172
      vertex -17 77 54.052631378173828
    endloop
  endfacet
  facet normal 0.96207387818840162 -0.27278902636933278 0
    outer loop
      vertex -19.794841766357422 75.090347290039062 6.4642858505249023
      vertex -19.951204299926758 74.538887023925781 6.4642858505249023
      vertex -19.794841766357422 75.090347290039062 3
    endloop
  endfacet
  facet normal 0.98264535735127867 -0.18489318738440291 0.014920151970203089
    outer loop
      vertex -20 74 3
      vertex -19.794841766357422 75.090347290039062 3
      vertex -19.951204299926758 74.538887023925781 6.4642858505249023
    endloop
  endfacet
  facet normal 0.89082816363095996 -0.45434038218266676 0
    outer loop
      vertex -19.523593902587891 75.622184753417969 6.4642858505249023
      vertex -19.794841766357422 75.090347290039062 6.4642858505249023
      vertex -19.794841766357422 75.090347290039062 3
    endloop
  endfacet
  facet normal 0.8398923192229093 -0.54247028966137922 0.017517903557837736
    outer loop
      vertex -19.794841766357422 75.090347290039062 3
      vertex -19.143299102783203 76.099113464355469 3
      vertex -19.523593902587891 75.622184753417969 6.4642858505249023
    endloop
  endfacet
  facet normal 0.96207387818840162 -0.27278902636933278 0
    outer loop
      vertex -19.794841766357422 75.090347290039062 9.9285717010498047
      vertex -19.794841766357422 75.090347290039062 16.857143402099609
      vertex -19.951204299926758 74.538887023925781 9.9285717010498047
    endloop
  endfacet
  facet normal 0.98275474941631513 -0.1849137704436194 0
    outer loop
      vertex -19.794841766357422 75.090347290039062 23.785715103149414
      vertex -20 74 23.421052932739258
      vertex -20 74 18.315790176391602
    endloop
  endfacet
  facet normal 0.98275474941631513 -0.1849137704436194 -0
    outer loop
      vertex -19.794841766357422 75.090347290039062 23.785715103149414
      vertex -20 74 18.315790176391602
      vertex -19.794841766357422 75.090347290039062 16.857143402099609
    endloop
  endfacet
  facet normal 0.98275474941631513 -0.1849137704436194 0
    outer loop
      vertex -19.794841766357422 75.090347290039062 37.642856597900391
      vertex -20 74 38.736843109130859
      vertex -20 74 33.631580352783203
    endloop
  endfacet
  facet normal 0.98275474941631513 -0.1849137704436194 -0
    outer loop
      vertex -19.794841766357422 75.090347290039062 37.642856597900391
      vertex -20 74 33.631580352783203
      vertex -19.794841766357422 75.090347290039062 30.714284896850586
    endloop
  endfacet
  facet normal 0.98275474941631513 -0.1849137704436194 0
    outer loop
      vertex -19.794841766357422 75.090347290039062 44.571430206298828
      vertex -20 74 43.842105865478516
      vertex -20 74 38.736843109130859
    endloop
  endfacet
  facet normal 0.98275474941631524 -0.1849137704436194 0
    outer loop
      vertex -19.794841766357422 75.090347290039062 44.571430206298828
      vertex -20 74 38.736843109130859
      vertex -19.794841766357422 75.090347290039062 37.642856597900391
    endloop
  endfacet
  facet normal 0.98275474941631513 -0.1849137704436194 0
    outer loop
      vertex -19.794841766357422 75.090347290039062 30.714284896850586
      vertex -20 74 28.526315689086914
      vertex -20 74 23.421052932739258
    endloop
  endfacet
  facet normal 0.98275474941631524 -0.1849137704436194 0
    outer loop
      vertex -19.794841766357422 75.090347290039062 30.714284896850586
      vertex -20 74 23.421052932739258
      vertex -19.794841766357422 75.090347290039062 23.785715103149414
    endloop
  endfacet
  facet normal 0.99592547473160642 -0.090180090821778372 0
    outer loop
      vertex -19.951204299926758 74.538887023925781 9.9285717010498047
      vertex -20 74 8.1052627563476562
      vertex -19.951204299926758 74.538887023925781 6.4642858505249023
    endloop
  endfacet
  facet normal 0.99592547473160664 -0.090180090821778386 0
    outer loop
      vertex -20 74 3
      vertex -19.951204299926758 74.538887023925781 6.4642858505249023
      vertex -20 74 8.1052627563476562
    endloop
  endfacet
  facet normal 0.99592547473160642 -0.090180090821778372 0
    outer loop
      vertex -19.951204299926758 74.538887023925781 9.9285717010498047
      vertex -20 74 13.210526466369629
      vertex -20 74 8.1052627563476562
    endloop
  endfacet
  facet normal 0.98275474941631513 -0.1849137704436194 0
    outer loop
      vertex -20 74 13.210526466369629
      vertex -19.794841766357422 75.090347290039062 16.857143402099609
      vertex -20 74 18.315790176391602
    endloop
  endfacet
  facet normal 0.98275474941631513 -0.1849137704436194 0
    outer loop
      vertex -20 74 28.526315689086914
      vertex -19.794841766357422 75.090347290039062 30.714284896850586
      vertex -20 74 33.631580352783203
    endloop
  endfacet
  facet normal 0.98275474941631524 -0.1849137704436194 0
    outer loop
      vertex -20 74 43.842105865478516
      vertex -19.794841766357422 75.090347290039062 44.571430206298828
      vertex -19.794841766357422 75.090347290039062 51.5
    endloop
  endfacet
  facet normal 0.98275474941631513 -0.1849137704436194 3.4096154698803724e-18
    outer loop
      vertex -20 74 43.842105865478516
      vertex -19.794841766357422 75.090347290039062 51.5
      vertex -20 74 48.947368621826172
    endloop
  endfacet
  facet normal 0.98836285646957533 -0.15177056681409604 -0.010225409538478055
    outer loop
      vertex -19.951204299926758 74.538887023925781 9.9285717010498047
      vertex -19.794841766357422 75.090347290039062 16.857143402099609
      vertex -20 74 13.210526466369629
    endloop
  endfacet
  facet normal 0.98275474941631513 -0.1849137704436194 0
    outer loop
      vertex -19.794841766357422 75.090347290039062 58.428569793701172
      vertex -20 74 59.157894134521484
      vertex -20 74 54.052631378173828
    endloop
  endfacet
  facet normal 0.98275474941631524 -0.1849137704436194 0
    outer loop
      vertex -19.794841766357422 75.090347290039062 58.428569793701172
      vertex -20 74 54.052631378173828
      vertex -19.794841766357422 75.090347290039062 51.5
    endloop
  endfacet
  facet normal 0.98275474941631513 -0.18491377044361937 -3.4096154698803724e-18
    outer loop
      vertex -19.794841766357422 75.090347290039062 72.285713195800781
      vertex -20 74 69.368423461914062
      vertex -20 74 64.263160705566406
    endloop
  endfacet
  facet normal 0.98275474941631524 -0.1849137704436194 0
    outer loop
      vertex -19.794841766357422 75.090347290039062 72.285713195800781
      vertex -20 74 64.263160705566406
      vertex -19.794841766357422 75.090347290039062 65.357139587402344
    endloop
  endfacet
  facet normal 0.98275474941631513 -0.1849137704436194 0
    outer loop
      vertex -19.794841766357422 75.090347290039062 79.214286804199219
      vertex -20 74 79.578948974609375
      vertex -20 74 74.473686218261719
    endloop
  endfacet
  facet normal 0.98275474941631524 -0.1849137704436194 0
    outer loop
      vertex -19.794841766357422 75.090347290039062 79.214286804199219
      vertex -20 74 74.473686218261719
      vertex -19.794841766357422 75.090347290039062 72.285713195800781
    endloop
  endfacet
  facet normal 0.98275474941631513 -0.18491377044361937 0
    outer loop
      vertex -19.794841766357422 75.090347290039062 65.357139587402344
      vertex -20 74 64.263160705566406
      vertex -20 74 59.157894134521484
    endloop
  endfacet
  facet normal 0.98275474941631524 -0.1849137704436194 0
    outer loop
      vertex -19.794841766357422 75.090347290039062 65.357139587402344
      vertex -20 74 59.157894134521484
      vertex -19.794841766357422 75.090347290039062 58.428569793701172
    endloop
  endfacet
  facet normal 0.7814349002953882 -0.62310282889883417 -0.033201825531240139
    outer loop
      vertex -19.789365768432617 75.104286193847656 100
      vertex -19.523593902587891 75.622184753417969 96.535713195800781
      vertex -19.143299102783203 76.099113464355469 96.535713195800781
    endloop
  endfacet
  facet normal 0.83581471628106296 -0.54900872575674153 -0.0017830005511226075
    outer loop
      vertex -19.789365768432617 75.104286193847656 100
      vertex -19.143299102783203 76.099113464355469 96.535713195800781
      vertex -19.121320724487305 76.121322631835938 100
    endloop
  endfacet
  facet normal 0.89082808507793432 -0.45434034211903485 0.00041995182909014068
    outer loop
      vertex -19.794841766357422 75.090347290039062 96.535713195800781
      vertex -19.523593902587891 75.622184753417969 96.535713195800781
      vertex -19.789365768432617 75.104286193847656 100
    endloop
  endfacet
  facet normal 0.96207387818840162 -0.27278902636933283 0
    outer loop
      vertex -19.951204299926758 74.538887023925781 93.071426391601562
      vertex -19.794841766357422 75.090347290039062 86.142860412597656
      vertex -19.794841766357422 75.090347290039062 93.071426391601562
    endloop
  endfacet
  facet normal 0.96207379205336196 -0.27278900194637096 -0.00042315619735741941
    outer loop
      vertex -19.951204299926758 74.538887023925781 96.535713195800781
      vertex -19.794841766357422 75.090347290039062 96.535713195800781
      vertex -19.789365768432617 75.104286193847656 100
    endloop
  endfacet
  facet normal 0.98275474941631513 -0.1849137704436194 0
    outer loop
      vertex -19.794841766357422 75.090347290039062 86.142860412597656
      vertex -20 74 84.684211730957031
      vertex -20 74 79.578948974609375
    endloop
  endfacet
  facet normal 0.98275474941631524 -0.1849137704436194 0
    outer loop
      vertex -19.794841766357422 75.090347290039062 86.142860412597656
      vertex -20 74 79.578948974609375
      vertex -19.794841766357422 75.090347290039062 79.214286804199219
    endloop
  endfacet
  facet normal 0.98275474941631513 -0.1849137704436194 0
    outer loop
      vertex -20 74 69.368423461914062
      vertex -19.794841766357422 75.090347290039062 72.285713195800781
      vertex -20 74 74.473686218261719
    endloop
  endfacet
  facet normal 0.99592547473160664 -0.090180090821778386 -0
    outer loop
      vertex -20 74 94.894737243652344
      vertex -19.951204299926758 74.538887023925781 93.071426391601562
      vertex -19.951204299926758 74.538887023925781 96.535713195800781
    endloop
  endfacet
  facet normal 0.98275474941631513 -0.1849137704436194 0
    outer loop
      vertex -20 74 89.789474487304688
      vertex -20 74 84.684211730957031
      vertex -19.794841766357422 75.090347290039062 86.142860412597656
    endloop
  endfacet
  facet normal 0.98836285667135393 -0.15177056492064933 0.010225418138522296
    outer loop
      vertex -20 74 89.789474487304688
      vertex -19.794841766357422 75.090347290039062 86.142860412597656
      vertex -19.951204299926758 74.538887023925781 93.071426391601562
    endloop
  endfacet
  facet normal 0.99592547473160664 -0.090180090821778386 0
    outer loop
      vertex -19.951204299926758 74.538887023925781 93.071426391601562
      vertex -20 74 94.894737243652344
      vertex -20 74 89.789474487304688
    endloop
  endfacet
  facet normal 0.99592547473160664 -0.090180090821778386 0
    outer loop
      vertex -19.951204299926758 74.538887023925781 96.535713195800781
      vertex -20 74 100
      vertex -20 74 94.894737243652344
    endloop
  endfacet
  facet normal 0.98217536814201944 -0.18734251599413371 -0.015307773060643213
    outer loop
      vertex -19.789365768432617 75.104286193847656 100
      vertex -20 74 100
      vertex -19.951204299926758 74.538887023925781 96.535713195800781
    endloop
  endfacet
  facet normal 0.98275474941631513 -0.1849137704436194 0
    outer loop
      vertex -20 74 54.052631378173828
      vertex -20 74 48.947368621826172
      vertex -19.794841766357422 75.090347290039062 51.5
    endloop
  endfacet
  facet normal 1 0 0
    outer loop
      vertex -20 29.375 87.875
      vertex -20 29.375 75.75
      vertex -20 35.75 75.75
    endloop
  endfacet
  facet normal 1 0 0
    outer loop
      vertex -20 29.375 87.875
      vertex -20 35.75 75.75
      vertex -20 35.75 87.875
    endloop
  endfacet
  facet normal 1 -0 0
    outer loop
      vertex -20 35.75 63.625
      vertex -20 48.5 75.75
      vertex -20 35.75 75.75
    endloop
  endfacet
  facet normal 1 0 -0
    outer loop
      vertex -20 48.5 51.5
      vertex -20 35.75 63.625
      vertex -20 35.75 51.5
    endloop
  endfacet
  facet normal 1 0 -0
    outer loop
      vertex -20 48.5 75.75
      vertex -20 35.75 63.625
      vertex -20 48.5 51.5
    endloop
  endfacet
  facet normal 1 0 0
    outer loop
      vertex -20 29.375 75.75
      vertex -20 29.375 63.625
      vertex -20 35.75 63.625
    endloop
  endfacet
  facet normal 1 0 0
    outer loop
      vertex -20 29.375 75.75
      vertex -20 35.75 63.625
      vertex -20 35.75 75.75
    endloop
  endfacet
  facet normal 1 0 0
    outer loop
      vertex -20 29.375 63.625
      vertex -20 29.375 51.5
      vertex -20 35.75 51.5
    endloop
  endfacet
  facet normal 1 0 0
    outer loop
      vertex -20 29.375 63.625
      vertex -20 35.75 51.5
      vertex -20 35.75 63.625
    endloop
  endfacet
  facet normal 1 0 0
    outer loop
      vertex -20 61.25 87.875
      vertex -20 61.25 75.75
      vertex -20 67.625 75.75
    endloop
  endfacet
  facet normal 1 0 0
    outer loop
      vertex -20 61.25 87.875
      vertex -20 67.625 75.75
      vertex -20 67.625 87.875
    endloop
  endfacet
  facet normal 1 0 0
    outer loop
      vertex -20 61.25 75.75
      vertex -20 61.25 63.625
      vertex -20 67.625 63.625
    endloop
  endfacet
  facet normal 1 0 0
    outer loop
      vertex -20 61.25 75.75
      vertex -20 67.625 63.625
      vertex -20 67.625 75.75
    endloop
  endfacet
  facet normal 1 0 0
    outer loop
      vertex -20 61.25 63.625
      vertex -20 61.25 51.5
      vertex -20 67.625 51.5
    endloop
  endfacet
  facet normal 1 0 0
    outer loop
      vertex -20 61.25 63.625
      vertex -20 67.625 51.5
      vertex -20 67.625 63.625
    endloop
  endfacet
  facet normal 1 0 -0
    outer loop
      vertex -20 61.25 63.625
      vertex -20 48.5 51.5
      vertex -20 61.25 51.5
    endloop
  endfacet
  facet normal 1 0 0
    outer loop
      vertex -20 48.5 75.75
      vertex -20 61.25 63.625
      vertex -20 61.25 75.75
    endloop
  endfacet
  facet normal 1 -0 0
    outer loop
      vertex -20 48.5 51.5
      vertex -20 61.25 63.625
      vertex -20 48.5 75.75
    endloop
  endfacet
  facet normal 1 0 -0
    outer loop
      vertex -20 61.25 39.375
      vertex -20 48.5 27.25
      vertex -20 61.25 27.25
    endloop
  endfacet
  facet normal 1 0 0
    outer loop
      vertex -20 48.5 51.5
      vertex -20 61.25 39.375
      vertex -20 61.25 51.5
    endloop
  endfacet
  facet normal 1 -0 0
    outer loop
      vertex -20 48.5 27.25
      vertex -20 61.25 39.375
      vertex -20 48.5 51.5
    endloop
  endfacet
  facet normal 1 0 0
    outer loop
      vertex -20 61.25 51.5
      vertex -20 61.25 39.375
      vertex -20 67.625 39.375
    endloop
  endfacet
  facet normal 1 0 0
    outer loop
      vertex -20 61.25 51.5
      vertex -20 67.625 39.375
      vertex -20 67.625 51.5
    endloop
  endfacet
  facet normal 1 0 0
    outer loop
      vertex -20 61.25 39.375
      vertex -20 61.25 27.25
      vertex -20 67.625 27.25
    endloop
  endfacet
  facet normal 1 0 0
    outer loop
      vertex -20 61.25 39.375
      vertex -20 67.625 27.25
      vertex -20 67.625 39.375
    endloop
  endfacet
  facet normal 1 0 0
    outer loop
      vertex -20 61.25 27.25
      vertex -20 61.25 15.125
      vertex -20 67.625 15.125
    endloop
  endfacet
  facet normal 1 0 0
    outer loop
      vertex -20 61.25 27.25
      vertex -20 67.625 15.125
      vertex -20 67.625 27.25
    endloop
  endfacet
  facet normal 1 0 0
    outer loop
      vertex -20 29.375 51.5
      vertex -20 29.375 39.375
      vertex -20 35.75 39.375
    endloop
  endfacet
  facet normal 1 0 0
    outer loop
      vertex -20 29.375 51.5
      vertex -20 35.75 39.375
      vertex -20 35.75 51.5
    endloop
  endfacet
  facet normal 1 0 0
    outer loop
      vertex -20 29.375 39.375
      vertex -20 29.375 27.25
      vertex -20 35.75 27.25
    endloop
  endfacet
  facet normal 1 0 0
    outer loop
      vertex -20 29.375 39.375
      vertex -20 35.75 27.25
      vertex -20 35.75 39.375
    endloop
  endfacet
  facet normal 1 -0 0
    outer loop
      vertex -20 35.75 39.375
      vertex -20 48.5 51.5
      vertex -20 35.75 51.5
    endloop
  endfacet
  facet normal 1 0 -0
    outer loop
      vertex -20 48.5 27.25
      vertex -20 35.75 39.375
      vertex -20 35.75 27.25
    endloop
  endfacet
  facet normal 1 0 -0
    outer loop
      vertex -20 48.5 51.5
      vertex -20 35.75 39.375
      vertex -20 48.5 27.25
    endloop
  endfacet
  facet normal 1 0 0
    outer loop
      vertex -20 29.375 27.25
      vertex -20 29.375 15.125
      vertex -20 35.75 15.125
    endloop
  endfacet
  facet normal 1 0 0
    outer loop
      vertex -20 29.375 27.25
      vertex -20 35.75 15.125
      vertex -20 35.75 27.25
    endloop
  endfacet
  facet normal 1 0 0
    outer loop
      vertex -20 26.1875 15.125
      vertex -20 26.1875 9.0625
      vertex -20 29.375 9.0625
    endloop
  endfacet
  facet normal 1 0 0
    outer loop
      vertex -20 26.1875 15.125
      vertex -20 29.375 9.0625
      vertex -20 29.375 15.125
    endloop
  endfacet
  facet normal 1 0 0
    outer loop
      vertex -20 24.59375 9.0625
      vertex -20 24.59375 6.03125
      vertex -20 26.1875 6.03125
    endloop
  endfacet
  facet normal 1 0 0
    outer loop
      vertex -20 24.59375 9.0625
      vertex -20 26.1875 6.03125
      vertex -20 26.1875 9.0625
    endloop
  endfacet
  facet normal 1 0 0
    outer loop
      vertex -20 67.625 15.125
      vertex -20 74 3
      vertex -20 74 8.1052627563476562
    endloop
  endfacet
  facet normal 1 0 0
    outer loop
      vertex -20 67.625 15.125
      vertex -20 74 13.210526466369629
      vertex -20 74 18.315790176391602
    endloop
  endfacet
  facet normal 1 -0 0
    outer loop
      vertex -20 74 13.210526466369629
      vertex -20 67.625 15.125
      vertex -20 74 8.1052627563476562
    endloop
  endfacet
  facet normal 1 0 0
    outer loop
      vertex -20 67.625 27.25
      vertex -20 74 23.421052932739258
      vertex -20 74 28.526315689086914
    endloop
  endfacet
  facet normal 1 0 0
    outer loop
      vertex -20 67.625 39.375
      vertex -20 74 33.631580352783203
      vertex -20 74 38.736843109130859
    endloop
  endfacet
  facet normal 1 0 0
    outer loop
      vertex -20 67.625 39.375
      vertex -20 74 38.736843109130859
      vertex -20 74 43.842105865478516
    endloop
  endfacet
  facet normal 1 0 0
    outer loop
      vertex -20 74 33.631580352783203
      vertex -20 67.625 27.25
      vertex -20 74 28.526315689086914
    endloop
  endfacet
  facet normal 1 0 0
    outer loop
      vertex -20 74 23.421052932739258
      vertex -20 67.625 15.125
      vertex -20 74 18.315790176391602
    endloop
  endfacet
  facet normal 1 -0 0
    outer loop
      vertex -20 67.625 27.25
      vertex -20 74 33.631580352783203
      vertex -20 67.625 39.375
    endloop
  endfacet
  facet normal 1 0 -0
    outer loop
      vertex -20 61.25 15.125
      vertex -20 35.75 15.125
      vertex -20 29.375 9.0625
    endloop
  endfacet
  facet normal 1 0 0
    outer loop
      vertex -20 61.25 15.125
      vertex -20 74 3
      vertex -20 67.625 15.125
    endloop
  endfacet
  facet normal 1 -0 0
    outer loop
      vertex -20 35.75 15.125
      vertex -20 61.25 15.125
      vertex -20 48.5 27.25
    endloop
  endfacet
  facet normal 1 -0 0
    outer loop
      vertex -20 67.625 39.375
      vertex -20 74 43.842105865478516
      vertex -20 74 48.947368621826172
    endloop
  endfacet
  facet normal 1 -0 0
    outer loop
      vertex -20 67.625 39.375
      vertex -20 74 48.947368621826172
      vertex -20 67.625 51.5
    endloop
  endfacet
  facet normal 1 0 0
    outer loop
      vertex -20 61.25 15.125
      vertex -20 61.25 27.25
      vertex -20 48.5 27.25
    endloop
  endfacet
  facet normal 1 -0 0
    outer loop
      vertex -20 35.75 15.125
      vertex -20 48.5 27.25
      vertex -20 35.75 27.25
    endloop
  endfacet
  facet normal 1 -0 0
    outer loop
      vertex -20 67.625 15.125
      vertex -20 74 23.421052932739258
      vertex -20 67.625 27.25
    endloop
  endfacet
  facet normal 1 0 0
    outer loop
      vertex -20 29.375 9.0625
      vertex -20 74 3
      vertex -20 61.25 15.125
    endloop
  endfacet
  facet normal 1 -0 0
    outer loop
      vertex -20 67.625 51.5
      vertex -20 74 54.052631378173828
      vertex -20 74 59.157894134521484
    endloop
  endfacet
  facet normal 1 -0 0
    outer loop
      vertex -20 67.625 63.625
      vertex -20 74 64.263160705566406
      vertex -20 74 69.368423461914062
    endloop
  endfacet
  facet normal 1 0 -0
    outer loop
      vertex -20 74 64.263160705566406
      vertex -20 67.625 63.625
      vertex -20 74 59.157894134521484
    endloop
  endfacet
  facet normal 1 0 0
    outer loop
      vertex -20 67.625 75.75
      vertex -20 74 74.473686218261719
      vertex -20 74 79.578948974609375
    endloop
  endfacet
  facet normal 1 0 0
    outer loop
      vertex -20 67.625 87.875
      vertex -20 74 84.684211730957031
      vertex -20 74 89.789474487304688
    endloop
  endfacet
  facet normal 1 0 0
    outer loop
      vertex -20 67.625 87.875
      vertex -20 74 89.789474487304688
      vertex -20 74 94.894737243652344
    endloop
  endfacet
  facet normal 1 -0 0
    outer loop
      vertex -20 74 84.684211730957031
      vertex -20 67.625 87.875
      vertex -20 74 79.578948974609375
    endloop
  endfacet
  facet normal 1 -0 0
    outer loop
      vertex -20 74 74.473686218261719
      vertex -20 67.625 75.75
      vertex -20 74 69.368423461914062
    endloop
  endfacet
  facet normal 1 -0 0
    outer loop
      vertex -20 67.625 63.625
      vertex -20 74 69.368423461914062
      vertex -20 67.625 75.75
    endloop
  endfacet
  facet normal 1 0 -0
    outer loop
      vertex -20 61.25 87.875
      vertex -20 48.5 75.75
      vertex -20 61.25 75.75
    endloop
  endfacet
  facet normal 1 -0 0
    outer loop
      vertex -20 67.625 75.75
      vertex -20 74 79.578948974609375
      vertex -20 67.625 87.875
    endloop
  endfacet
  facet normal 1 0 0
    outer loop
      vertex -20 61.25 87.875
      vertex -20 67.625 87.875
      vertex -20 74 100
    endloop
  endfacet
  facet normal 1 -0 0
    outer loop
      vertex -20 67.625 87.875
      vertex -20 74 94.894737243652344
      vertex -20 74 100
    endloop
  endfacet
  facet normal 1 -0 0
    outer loop
      vertex -20 61.25 87.875
      vertex -20 48.5 100
      vertex -20 48.5 75.75
    endloop
  endfacet
  facet normal 1 -0 0
    outer loop
      vertex -20 35.75 75.75
      vertex -20 48.5 75.75
      vertex -20 35.75 87.875
    endloop
  endfacet
  facet normal 1 0 -0
    outer loop
      vertex -20 74 100
      vertex -20 48.5 100
      vertex -20 61.25 87.875
    endloop
  endfacet
  facet normal 1 0 -0
    outer loop
      vertex -20 48.5 100
      vertex -20 35.75 87.875
      vertex -20 48.5 75.75
    endloop
  endfacet
  facet normal 1 -0 0
    outer loop
      vertex -20 67.625 51.5
      vertex -20 74 59.157894134521484
      vertex -20 67.625 63.625
    endloop
  endfacet
  facet normal 1 0 0
    outer loop
      vertex -20 67.625 51.5
      vertex -20 74 48.947368621826172
      vertex -20 74 54.052631378173828
    endloop
  endfacet
  facet normal 1 -0 0
    outer loop
      vertex -20 26.1875 6.03125
      vertex -20 29.375 9.0625
      vertex -20 26.1875 9.0625
    endloop
  endfacet
  facet normal 1 -0 -0
    outer loop
      vertex -20 74 3
      vertex -20 29.375 9.0625
      vertex -20 26.1875 6.03125
    endloop
  endfacet
  facet normal 1 0 -0
    outer loop
      vertex -20 24.59375 9.0625
      vertex -20 23 8
      vertex -20 23 6
    endloop
  endfacet
  facet normal 1 0 0
    outer loop
      vertex -20 24.59375 9.0625
      vertex -20 23 6
      vertex -20 24.59375 6.03125
    endloop
  endfacet
  facet normal 1 0 -0
    outer loop
      vertex -20 26.1875 6.03125
      vertex -20 24.59375 6.03125
      vertex -20 23 3
    endloop
  endfacet
  facet normal 1 -0 0
    outer loop
      vertex -20 23 3
      vertex -20 74 3
      vertex -20 26.1875 6.03125
    endloop
  endfacet
  facet normal 1 0 -0
    outer loop
      vertex -20 26.1875 15.125
      vertex -20 29.375 15.125
      vertex -20 29.375 27.25
    endloop
  endfacet
  facet normal 1 0 0
    outer loop
      vertex -20 26.1875 15.125
      vertex -20 24.59375 9.0625
      vertex -20 26.1875 9.0625
    endloop
  endfacet
  facet normal 1 0 -0
    outer loop
      vertex -20 23 12.842104911804199
      vertex -20 24.59375 9.0625
      vertex -20 26.1875 15.125
    endloop
  endfacet
  facet normal 1 0 -0
    outer loop
      vertex -20 23 22.526315689086914
      vertex -20 26.1875 15.125
      vertex -20 29.375 27.25
    endloop
  endfacet
  facet normal 1 -0 0
    outer loop
      vertex -20 23 4.5
      vertex -20 23 3
      vertex -20 24.59375 6.03125
    endloop
  endfacet
  facet normal 1 0 -0
    outer loop
      vertex -20 24.59375 6.03125
      vertex -20 23 6
      vertex -20 23 4.5
    endloop
  endfacet
  facet normal 1 -0 0
    outer loop
      vertex -20 24.59375 9.0625
      vertex -20 23 12.842104911804199
      vertex -20 23 8
    endloop
  endfacet
  facet normal 1 -0 -0
    outer loop
      vertex -20 26.1875 15.125
      vertex -20 23 22.526315689086914
      vertex -20 23 17.684209823608398
    endloop
  endfacet
  facet normal 1 0 -0
    outer loop
      vertex -20 29.375 27.25
      vertex -20 23 32.210525512695312
      vertex -20 23 27.36842155456543
    endloop
  endfacet
  facet normal 1 0 -0
    outer loop
      vertex -20 29.375 39.375
      vertex -20 23 37.052631378173828
      vertex -20 23 32.210525512695312
    endloop
  endfacet
  facet normal 1 0 -0
    outer loop
      vertex -20 29.375 39.375
      vertex -20 23 32.210525512695312
      vertex -20 29.375 27.25
    endloop
  endfacet
  facet normal 1 0 -0
    outer loop
      vertex -20 29.375 27.25
      vertex -20 23 27.36842155456543
      vertex -20 23 22.526315689086914
    endloop
  endfacet
  facet normal 1 -0 0
    outer loop
      vertex -20 26.1875 15.125
      vertex -20 23 17.684209823608398
      vertex -20 23 12.842104911804199
    endloop
  endfacet
  facet normal 1 0 -0
    outer loop
      vertex -20 29.375 51.5
      vertex -20 23 46.736843109130859
      vertex -20 23 41.894737243652344
    endloop
  endfacet
  facet normal 1 0 -0
    outer loop
      vertex -20 29.375 51.5
      vertex -20 23 41.894737243652344
      vertex -20 29.375 39.375
    endloop
  endfacet
  facet normal 1 0 -0
    outer loop
      vertex -20 23 41.894737243652344
      vertex -20 23 37.052631378173828
      vertex -20 29.375 39.375
    endloop
  endfacet
  facet normal 1 0 -0
    outer loop
      vertex -20 23 51.578948974609375
      vertex -20 23 46.736843109130859
      vertex -20 29.375 51.5
    endloop
  endfacet
  facet normal 1 0 -0
    outer loop
      vertex -20 29.375 87.875
      vertex -20 23 85.473686218261719
      vertex -20 23 80.631576538085938
    endloop
  endfacet
  facet normal 1 0 -0
    outer loop
      vertex -20 29.375 87.875
      vertex -20 23 80.631576538085938
      vertex -20 29.375 75.75
    endloop
  endfacet
  facet normal 1 0 -0
    outer loop
      vertex -20 29.375 75.75
      vertex -20 23 70.947364807128906
      vertex -20 23 66.105262756347656
    endloop
  endfacet
  facet normal 1 0 -0
    outer loop
      vertex -20 29.375 75.75
      vertex -20 23 66.105262756347656
      vertex -20 29.375 63.625
    endloop
  endfacet
  facet normal 1 -0 -0
    outer loop
      vertex -20 23 56.421051025390625
      vertex -20 23 51.578948974609375
      vertex -20 29.375 51.5
    endloop
  endfacet
  facet normal 1 0 -0
    outer loop
      vertex -20 29.375 63.625
      vertex -20 23 61.263156890869141
      vertex -20 23 56.421051025390625
    endloop
  endfacet
  facet normal 1 0 -0
    outer loop
      vertex -20 29.375 63.625
      vertex -20 23 56.421051025390625
      vertex -20 29.375 51.5
    endloop
  endfacet
  facet normal 1 0 0
    outer loop
      vertex -20 23 100
      vertex -20 29.375 87.875
      vertex -20 35.75 87.875
    endloop
  endfacet
  facet normal 1 0 -0
    outer loop
      vertex -20 29.375 75.75
      vertex -20 23 75.789474487304688
      vertex -20 23 70.947364807128906
    endloop
  endfacet
  facet normal 1 0 -0
    outer loop
      vertex -20 29.375 63.625
      vertex -20 23 66.105262756347656
      vertex -20 23 61.263156890869141
    endloop
  endfacet
  facet normal 1 -0 -0
    outer loop
      vertex -20 29.375 87.875
      vertex -20 23 95.15789794921875
      vertex -20 23 90.315788269042969
    endloop
  endfacet
  facet normal 1 0 0
    outer loop
      vertex -20 29.375 87.875
      vertex -20 23 100
      vertex -20 23 95.15789794921875
    endloop
  endfacet
  facet normal 1 0 -0
    outer loop
      vertex -20 29.375 87.875
      vertex -20 23 90.315788269042969
      vertex -20 23 85.473686218261719
    endloop
  endfacet
  facet normal 1 0 -0
    outer loop
      vertex -20 29.375 75.75
      vertex -20 23 80.631576538085938
      vertex -20 23 75.789474487304688
    endloop
  endfacet
  facet normal 1 0 -0
    outer loop
      vertex -20 48.5 100
      vertex -20 23 100
      vertex -20 35.75 87.875
    endloop
  endfacet
  facet normal 1 -0 0
    outer loop
      vertex -20 29.375 9.0625
      vertex -20 35.75 15.125
      vertex -20 29.375 15.125
    endloop
  endfacet
  facet normal 0.95842395562033933 0.28534807042112931 0
    outer loop
      vertex -19.775070190429688 21.860269546508789 14.571428298950195
      vertex -19.775070190429688 21.860269546508789 11.285714149475098
      vertex -19.946556091308594 22.436254501342773 11.285714149475098
    endloop
  endfacet
  facet normal 0.95842395562033933 0.28534807042112931 0
    outer loop
      vertex -19.775070190429688 21.860269546508789 14.571428298950195
      vertex -19.946556091308594 22.436254501342773 11.285714149475098
      vertex -19.946556091308594 22.436254501342773 14.571428298950195
    endloop
  endfacet
  facet normal 0.95842395562033933 0.28534807042112931 0
    outer loop
      vertex -19.775070190429688 21.860269546508789 96.714286804199219
      vertex -19.775070190429688 21.860269546508789 93.428573608398438
      vertex -19.946556091308594 22.436254501342773 93.428573608398438
    endloop
  endfacet
  facet normal 0.95842395562033933 0.28534807042112931 -0
    outer loop
      vertex -19.775070190429688 21.860269546508789 96.714286804199219
      vertex -19.946556091308594 22.436254501342773 93.428573608398438
      vertex -19.946556091308594 22.436254501342773 96.714286804199219
    endloop
  endfacet
  facet normal 0.73547765829396994 0.67754897546259962 0
    outer loop
      vertex -19.30792236328125 21.083364486694336 11.285714149475098
      vertex -19.099111557006836 20.856700897216797 14.571428298950195
      vertex -19.099111557006836 20.856700897216797 11.285714149475098
    endloop
  endfacet
  facet normal 0.80096304800754525 0.59871378448008261 0
    outer loop
      vertex -19.491567611694336 21.329046249389648 14.571428298950195
      vertex -19.30792236328125 21.083364486694336 11.285714149475098
      vertex -19.491567611694336 21.329046249389648 11.285714149475098
    endloop
  endfacet
  facet normal 0.76914465592545145 0.63905673202859292 -0.0047949463244027213
    outer loop
      vertex -19.099111557006836 20.856700897216797 14.571428298950195
      vertex -19.30792236328125 21.083364486694336 11.285714149475098
      vertex -19.491567611694336 21.329046249389648 14.571428298950195
    endloop
  endfacet
  facet normal 0.8822263798717489 0.47082546092834521 0
    outer loop
      vertex -19.491567611694336 21.329046249389648 14.571428298950195
      vertex -19.491567611694336 21.329046249389648 11.285714149475098
      vertex -19.775070190429688 21.860269546508789 11.285714149475098
    endloop
  endfacet
  facet normal 0.8822263798717489 0.47082546092834526 -0
    outer loop
      vertex -19.491567611694336 21.329046249389648 14.571428298950195
      vertex -19.775070190429688 21.860269546508789 11.285714149475098
      vertex -19.775070190429688 21.860269546508789 14.571428298950195
    endloop
  endfacet
  facet normal 0.76915349797654264 0.63906407859497838 0
    outer loop
      vertex -19.491567611694336 21.329046249389648 14.571428298950195
      vertex -19.099111557006836 20.856700897216797 21.142856597900391
      vertex -19.099111557006836 20.856700897216797 14.571428298950195
    endloop
  endfacet
  facet normal 0.8822263798717489 0.47082546092834526 -0
    outer loop
      vertex -19.775070190429688 21.860269546508789 21.142856597900391
      vertex -19.491567611694336 21.329046249389648 14.571428298950195
      vertex -19.775070190429688 21.860269546508789 14.571428298950195
    endloop
  endfacet
  facet normal 0.82936757258656046 0.55862463556065611 -0.0093779574855266008
    outer loop
      vertex -19.099111557006836 20.856700897216797 21.142856597900391
      vertex -19.491567611694336 21.329046249389648 14.571428298950195
      vertex -19.775070190429688 21.860269546508789 21.142856597900391
    endloop
  endfacet
  facet normal 0.82940404480845109 0.5586492016063217 0
    outer loop
      vertex -19.099111557006836 20.856700897216797 27.714284896850586
      vertex -19.099111557006836 20.856700897216797 21.142856597900391
      vertex -19.775070190429688 21.860269546508789 21.142856597900391
    endloop
  endfacet
  facet normal 0.8294040448084512 0.55864920160632181 -0
    outer loop
      vertex -19.099111557006836 20.856700897216797 27.714284896850586
      vertex -19.775070190429688 21.860269546508789 21.142856597900391
      vertex -19.775070190429688 21.860269546508789 27.714284896850586
    endloop
  endfacet
  facet normal 0.82940404480845109 0.5586492016063217 0
    outer loop
      vertex -19.099111557006836 20.856700897216797 34.285713195800781
      vertex -19.099111557006836 20.856700897216797 27.714284896850586
      vertex -19.775070190429688 21.860269546508789 27.714284896850586
    endloop
  endfacet
  facet normal 0.8294040448084512 0.55864920160632181 -0
    outer loop
      vertex -19.099111557006836 20.856700897216797 34.285713195800781
      vertex -19.775070190429688 21.860269546508789 27.714284896850586
      vertex -19.775070190429688 21.860269546508789 34.285713195800781
    endloop
  endfacet
  facet normal 0.82940404480845109 0.5586492016063217 0
    outer loop
      vertex -19.099111557006836 20.856700897216797 40.857143402099609
      vertex -19.099111557006836 20.856700897216797 34.285713195800781
      vertex -19.775070190429688 21.860269546508789 34.285713195800781
    endloop
  endfacet
  facet normal 0.82940404480845109 0.5586492016063217 -1.1510293340794718e-17
    outer loop
      vertex -19.099111557006836 20.856700897216797 40.857143402099609
      vertex -19.775070190429688 21.860269546508789 34.285713195800781
      vertex -19.775070190429688 21.860269546508789 40.857143402099609
    endloop
  endfacet
  facet normal 0.82940404480845109 0.5586492016063217 0
    outer loop
      vertex -19.099111557006836 20.856700897216797 47.428569793701172
      vertex -19.099111557006836 20.856700897216797 40.857143402099609
      vertex -19.775070190429688 21.860269546508789 40.857143402099609
    endloop
  endfacet
  facet normal 0.8294040448084512 0.55864920160632181 -0
    outer loop
      vertex -19.099111557006836 20.856700897216797 47.428569793701172
      vertex -19.775070190429688 21.860269546508789 40.857143402099609
      vertex -19.775070190429688 21.860269546508789 47.428569793701172
    endloop
  endfacet
  facet normal 0.82940404480845109 0.5586492016063217 0
    outer loop
      vertex -19.099111557006836 20.856700897216797 54
      vertex -19.099111557006836 20.856700897216797 47.428569793701172
      vertex -19.775070190429688 21.860269546508789 47.428569793701172
    endloop
  endfacet
  facet normal 0.82940404480845109 0.5586492016063217 -1.1510293340794718e-17
    outer loop
      vertex -19.099111557006836 20.856700897216797 54
      vertex -19.775070190429688 21.860269546508789 47.428569793701172
      vertex -19.775070190429688 21.860269546508789 54
    endloop
  endfacet
  facet normal 0.82940404480845109 0.5586492016063217 0
    outer loop
      vertex -19.099111557006836 20.856700897216797 60.571430206298828
      vertex -19.099111557006836 20.856700897216797 54
      vertex -19.775070190429688 21.860269546508789 54
    endloop
  endfacet
  facet normal 0.82940404480845109 0.5586492016063217 -1.1510293340794718e-17
    outer loop
      vertex -19.099111557006836 20.856700897216797 60.571430206298828
      vertex -19.775070190429688 21.860269546508789 54
      vertex -19.775070190429688 21.860269546508789 60.571430206298828
    endloop
  endfacet
  facet normal 0.82940404480845109 0.5586492016063217 0
    outer loop
      vertex -19.099111557006836 20.856700897216797 67.142860412597656
      vertex -19.099111557006836 20.856700897216797 60.571430206298828
      vertex -19.775070190429688 21.860269546508789 60.571430206298828
    endloop
  endfacet
  facet normal 0.82940404480845109 0.5586492016063217 -1.1510293340794718e-17
    outer loop
      vertex -19.099111557006836 20.856700897216797 67.142860412597656
      vertex -19.775070190429688 21.860269546508789 60.571430206298828
      vertex -19.775070190429688 21.860269546508789 67.142860412597656
    endloop
  endfacet
  facet normal 0.82940404480845109 0.5586492016063217 0
    outer loop
      vertex -19.099111557006836 20.856700897216797 73.714286804199219
      vertex -19.099111557006836 20.856700897216797 67.142860412597656
      vertex -19.775070190429688 21.860269546508789 67.142860412597656
    endloop
  endfacet
  facet normal 0.8294040448084512 0.55864920160632181 -0
    outer loop
      vertex -19.099111557006836 20.856700897216797 73.714286804199219
      vertex -19.775070190429688 21.860269546508789 67.142860412597656
      vertex -19.775070190429688 21.860269546508789 73.714286804199219
    endloop
  endfacet
  facet normal 0.82940404480845109 0.5586492016063217 0
    outer loop
      vertex -19.099111557006836 20.856700897216797 80.285713195800781
      vertex -19.099111557006836 20.856700897216797 73.714286804199219
      vertex -19.775070190429688 21.860269546508789 73.714286804199219
    endloop
  endfacet
  facet normal 0.8294040448084512 0.55864920160632181 -0
    outer loop
      vertex -19.099111557006836 20.856700897216797 80.285713195800781
      vertex -19.775070190429688 21.860269546508789 73.714286804199219
      vertex -19.775070190429688 21.860269546508789 80.285713195800781
    endloop
  endfacet
  facet normal 0.82940404480845109 0.5586492016063217 0
    outer loop
      vertex -19.099111557006836 20.856700897216797 86.857139587402344
      vertex -19.099111557006836 20.856700897216797 80.285713195800781
      vertex -19.775070190429688 21.860269546508789 80.285713195800781
    endloop
  endfacet
  facet normal 0.8294040448084512 0.55864920160632181 -0
    outer loop
      vertex -19.099111557006836 20.856700897216797 86.857139587402344
      vertex -19.775070190429688 21.860269546508789 80.285713195800781
      vertex -19.775070190429688 21.860269546508789 86.857139587402344
    endloop
  endfacet
  facet normal 0.8822263798717489 0.47082546092834521 0
    outer loop
      vertex -19.491567611694336 21.329046249389648 93.428573608398438
      vertex -19.775070190429688 21.860269546508789 86.857139587402344
      vertex -19.775070190429688 21.860269546508789 93.428573608398438
    endloop
  endfacet
  facet normal 0.76915349797654253 0.63906407859497827 0
    outer loop
      vertex -19.099111557006836 20.856700897216797 86.857139587402344
      vertex -19.491567611694336 21.329046249389648 93.428573608398438
      vertex -19.099111557006836 20.856700897216797 93.428573608398438
    endloop
  endfacet
  facet normal 0.82936757265007233 0.55862463560343478 0.0093779493204314713
    outer loop
      vertex -19.775070190429688 21.860269546508789 86.857139587402344
      vertex -19.491567611694336 21.329046249389648 93.428573608398438
      vertex -19.099111557006836 20.856700897216797 86.857139587402344
    endloop
  endfacet
  facet normal 0.8822263798717489 0.47082546092834521 0
    outer loop
      vertex -19.491567611694336 21.329046249389648 96.714286804199219
      vertex -19.491567611694336 21.329046249389648 93.428573608398438
      vertex -19.775070190429688 21.860269546508789 93.428573608398438
    endloop
  endfacet
  facet normal 0.8822263798717489 0.47082546092834521 0
    outer loop
      vertex -19.491567611694336 21.329046249389648 96.714286804199219
      vertex -19.775070190429688 21.860269546508789 93.428573608398438
      vertex -19.775070190429688 21.860269546508789 96.714286804199219
    endloop
  endfacet
  facet normal 0.76915349797654264 0.63906407859497838 0
    outer loop
      vertex -19.099111557006836 20.856700897216797 96.714286804199219
      vertex -19.099111557006836 20.856700897216797 93.428573608398438
      vertex -19.491567611694336 21.329046249389648 93.428573608398438
    endloop
  endfacet
  facet normal 0.76915349797654264 0.63906407859497838 0
    outer loop
      vertex -19.099111557006836 20.856700897216797 96.714286804199219
      vertex -19.491567611694336 21.329046249389648 93.428573608398438
      vertex -19.491567611694336 21.329046249389648 96.714286804199219
    endloop
  endfacet
  facet normal 0.40904833157586179 0.91251271905382447 0
    outer loop
      vertex -18.360925674438477 20.326448440551758 11.285714149475098
      vertex -18.090349197387695 20.205158233642578 14.571428298950195
      vertex -18.090349197387695 20.205158233642578 11.285714149475098
    endloop
  endfacet
  facet normal 0.4978120453282745 0.86728494021635116 0
    outer loop
      vertex -18.622180938720703 20.476406097412109 14.571428298950195
      vertex -18.360925674438477 20.326448440551758 11.285714149475098
      vertex -18.622180938720703 20.476406097412109 11.285714149475098
    endloop
  endfacet
  facet normal 0.4543395983911781 0.89081704243107029 -0.0045305902599719079
    outer loop
      vertex -18.090349197387695 20.205158233642578 14.571428298950195
      vertex -18.360925674438477 20.326448440551758 11.285714149475098
      vertex -18.622180938720703 20.476406097412109 14.571428298950195
    endloop
  endfacet
  facet normal 0.58272320974211633 0.8126706964249697 0
    outer loop
      vertex -18.869651794433594 20.653854370117188 11.285714149475098
      vertex -18.622180938720703 20.476406097412109 14.571428298950195
      vertex -18.622180938720703 20.476406097412109 11.285714149475098
    endloop
  endfacet
  facet normal 0.66232269809858102 0.74921868875743858 -0
    outer loop
      vertex -19.099111557006836 20.856700897216797 14.571428298950195
      vertex -18.869651794433594 20.653854370117188 11.285714149475098
      vertex -19.099111557006836 20.856700897216797 11.285714149475098
    endloop
  endfacet
  facet normal 0.623438055238559 0.78185843535261823 -0.0047305758972163046
    outer loop
      vertex -18.622180938720703 20.476406097412109 14.571428298950195
      vertex -18.869651794433594 20.653854370117188 11.285714149475098
      vertex -19.099111557006836 20.856700897216797 14.571428298950195
    endloop
  endfacet
  facet normal 0.45434426140662393 0.89082618513763367 0
    outer loop
      vertex -18.622180938720703 20.476406097412109 14.571428298950195
      vertex -18.090349197387695 20.205158233642578 21.142856597900391
      vertex -18.090349197387695 20.205158233642578 14.571428298950195
    endloop
  endfacet
  facet normal 0.6234450311126184 0.78186718384965248 0
    outer loop
      vertex -19.099111557006836 20.856700897216797 21.142856597900391
      vertex -18.622180938720703 20.476406097412109 14.571428298950195
      vertex -19.099111557006836 20.856700897216797 14.571428298950195
    endloop
  endfacet
  facet normal 0.54253185247695734 0.83998445883944228 -0.0092356892612423247
    outer loop
      vertex -18.090349197387695 20.205158233642578 21.142856597900391
      vertex -18.622180938720703 20.476406097412109 14.571428298950195
      vertex -19.099111557006836 20.856700897216797 21.142856597900391
    endloop
  endfacet
  facet normal 0.54255499238638405 0.84002028561018149 0
    outer loop
      vertex -18.090349197387695 20.205158233642578 27.714284896850586
      vertex -18.090349197387695 20.205158233642578 21.142856597900391
      vertex -19.099111557006836 20.856700897216797 21.142856597900391
    endloop
  endfacet
  facet normal 0.54255499238638405 0.84002028561018149 0
    outer loop
      vertex -18.090349197387695 20.205158233642578 27.714284896850586
      vertex -19.099111557006836 20.856700897216797 21.142856597900391
      vertex -19.099111557006836 20.856700897216797 27.714284896850586
    endloop
  endfacet
  facet normal 0.54255499238638405 0.84002028561018149 0
    outer loop
      vertex -18.090349197387695 20.205158233642578 34.285713195800781
      vertex -18.090349197387695 20.205158233642578 27.714284896850586
      vertex -19.099111557006836 20.856700897216797 27.714284896850586
    endloop
  endfacet
  facet normal 0.54255499238638405 0.84002028561018149 0
    outer loop
      vertex -18.090349197387695 20.205158233642578 34.285713195800781
      vertex -19.099111557006836 20.856700897216797 27.714284896850586
      vertex -19.099111557006836 20.856700897216797 34.285713195800781
    endloop
  endfacet
  facet normal 0.54255499238638405 0.84002028561018149 0
    outer loop
      vertex -18.090349197387695 20.205158233642578 40.857143402099609
      vertex -18.090349197387695 20.205158233642578 34.285713195800781
      vertex -19.099111557006836 20.856700897216797 34.285713195800781
    endloop
  endfacet
  facet normal 0.54255499238638405 0.84002028561018149 0
    outer loop
      vertex -18.090349197387695 20.205158233642578 40.857143402099609
      vertex -19.099111557006836 20.856700897216797 34.285713195800781
      vertex -19.099111557006836 20.856700897216797 40.857143402099609
    endloop
  endfacet
  facet normal 0.54255499238638405 0.84002028561018149 0
    outer loop
      vertex -18.090349197387695 20.205158233642578 47.428569793701172
      vertex -18.090349197387695 20.205158233642578 40.857143402099609
      vertex -19.099111557006836 20.856700897216797 40.857143402099609
    endloop
  endfacet
  facet normal 0.54255499238638405 0.84002028561018149 0
    outer loop
      vertex -18.090349197387695 20.205158233642578 47.428569793701172
      vertex -19.099111557006836 20.856700897216797 40.857143402099609
      vertex -19.099111557006836 20.856700897216797 47.428569793701172
    endloop
  endfacet
  facet normal 0.54255499238638405 0.84002028561018149 0
    outer loop
      vertex -18.090349197387695 20.205158233642578 54
      vertex -18.090349197387695 20.205158233642578 47.428569793701172
      vertex -19.099111557006836 20.856700897216797 47.428569793701172
    endloop
  endfacet
  facet normal 0.54255499238638405 0.84002028561018149 0
    outer loop
      vertex -18.090349197387695 20.205158233642578 54
      vertex -19.099111557006836 20.856700897216797 47.428569793701172
      vertex -19.099111557006836 20.856700897216797 54
    endloop
  endfacet
  facet normal 0.54255499238638405 0.84002028561018149 0
    outer loop
      vertex -18.090349197387695 20.205158233642578 60.571430206298828
      vertex -18.090349197387695 20.205158233642578 54
      vertex -19.099111557006836 20.856700897216797 54
    endloop
  endfacet
  facet normal 0.54255499238638405 0.84002028561018149 0
    outer loop
      vertex -18.090349197387695 20.205158233642578 60.571430206298828
      vertex -19.099111557006836 20.856700897216797 54
      vertex -19.099111557006836 20.856700897216797 60.571430206298828
    endloop
  endfacet
  facet normal 0.54255499238638405 0.84002028561018149 0
    outer loop
      vertex -18.090349197387695 20.205158233642578 67.142860412597656
      vertex -18.090349197387695 20.205158233642578 60.571430206298828
      vertex -19.099111557006836 20.856700897216797 60.571430206298828
    endloop
  endfacet
  facet normal 0.54255499238638405 0.84002028561018149 0
    outer loop
      vertex -18.090349197387695 20.205158233642578 67.142860412597656
      vertex -19.099111557006836 20.856700897216797 60.571430206298828
      vertex -19.099111557006836 20.856700897216797 67.142860412597656
    endloop
  endfacet
  facet normal 0.54255499238638405 0.84002028561018149 0
    outer loop
      vertex -18.090349197387695 20.205158233642578 73.714286804199219
      vertex -18.090349197387695 20.205158233642578 67.142860412597656
      vertex -19.099111557006836 20.856700897216797 67.142860412597656
    endloop
  endfacet
  facet normal 0.54255499238638405 0.84002028561018149 0
    outer loop
      vertex -18.090349197387695 20.205158233642578 73.714286804199219
      vertex -19.099111557006836 20.856700897216797 67.142860412597656
      vertex -19.099111557006836 20.856700897216797 73.714286804199219
    endloop
  endfacet
  facet normal 0.54255499238638405 0.84002028561018149 0
    outer loop
      vertex -18.090349197387695 20.205158233642578 80.285713195800781
      vertex -18.090349197387695 20.205158233642578 73.714286804199219
      vertex -19.099111557006836 20.856700897216797 73.714286804199219
    endloop
  endfacet
  facet normal 0.54255499238638405 0.84002028561018149 0
    outer loop
      vertex -18.090349197387695 20.205158233642578 80.285713195800781
      vertex -19.099111557006836 20.856700897216797 73.714286804199219
      vertex -19.099111557006836 20.856700897216797 80.285713195800781
    endloop
  endfacet
  facet normal 0.54255499238638405 0.84002028561018149 0
    outer loop
      vertex -18.090349197387695 20.205158233642578 86.857139587402344
      vertex -18.090349197387695 20.205158233642578 80.285713195800781
      vertex -19.099111557006836 20.856700897216797 80.285713195800781
    endloop
  endfacet
  facet normal 0.54255499238638405 0.84002028561018149 0
    outer loop
      vertex -18.090349197387695 20.205158233642578 86.857139587402344
      vertex -19.099111557006836 20.856700897216797 80.285713195800781
      vertex -19.099111557006836 20.856700897216797 86.857139587402344
    endloop
  endfacet
  facet normal 0.6234450311126184 0.78186718384965248 -0
    outer loop
      vertex -18.622180938720703 20.476406097412109 93.428573608398438
      vertex -19.099111557006836 20.856700897216797 86.857139587402344
      vertex -19.099111557006836 20.856700897216797 93.428573608398438
    endloop
  endfacet
  facet normal 0.45434426140662387 0.89082618513763367 0
    outer loop
      vertex -18.090349197387695 20.205158233642578 86.857139587402344
      vertex -18.622180938720703 20.476406097412109 93.428573608398438
      vertex -18.090349197387695 20.205158233642578 93.428573608398438
    endloop
  endfacet
  facet normal 0.54253185251725267 0.83998445890183038 0.0092356812199944089
    outer loop
      vertex -19.099111557006836 20.856700897216797 86.857139587402344
      vertex -18.622180938720703 20.476406097412109 93.428573608398438
      vertex -18.090349197387695 20.205158233642578 86.857139587402344
    endloop
  endfacet
  facet normal 0.6234450311126184 0.78186718384965248 0
    outer loop
      vertex -18.622180938720703 20.476406097412109 96.714286804199219
      vertex -18.622180938720703 20.476406097412109 93.428573608398438
      vertex -19.099111557006836 20.856700897216797 93.428573608398438
    endloop
  endfacet
  facet normal 0.6234450311126184 0.78186718384965248 1.0850586871358932e-17
    outer loop
      vertex -18.622180938720703 20.476406097412109 96.714286804199219
      vertex -19.099111557006836 20.856700897216797 93.428573608398438
      vertex -19.099111557006836 20.856700897216797 96.714286804199219
    endloop
  endfacet
  facet normal 0.45434426140662387 0.89082618513763367 0
    outer loop
      vertex -18.090349197387695 20.205158233642578 96.714286804199219
      vertex -18.090349197387695 20.205158233642578 93.428573608398438
      vertex -18.622180938720703 20.476406097412109 93.428573608398438
    endloop
  endfacet
  facet normal 0.45434426140662387 0.89082618513763367 -0
    outer loop
      vertex -18.090349197387695 20.205158233642578 96.714286804199219
      vertex -18.622180938720703 20.476406097412109 93.428573608398438
      vertex -18.622180938720703 20.476406097412109 96.714286804199219
    endloop
  endfacet
  facet normal 0.27278727979559791 0.96207437341492386 -0
    outer loop
      vertex -17.538885116577148 20.048795700073242 14.571428298950195
      vertex -18.090349197387695 20.205158233642578 11.285714149475098
      vertex -18.090349197387695 20.205158233642578 14.571428298950195
    endloop
  endfacet
  facet normal 0.27278727979559791 0.96207437341492386 0
    outer loop
      vertex -17.538885116577148 20.048795700073242 96.714286804199219
      vertex -17.538885116577148 20.048795700073242 93.428573608398438
      vertex -18.090349197387695 20.205158233642578 93.428573608398438
    endloop
  endfacet
  facet normal 0.27278727979559791 0.96207437341492386 -0
    outer loop
      vertex -17.538885116577148 20.048795700073242 96.714286804199219
      vertex -18.090349197387695 20.205158233642578 93.428573608398438
      vertex -18.090349197387695 20.205158233642578 96.714286804199219
    endloop
  endfacet
  facet normal 0.99553640390949372 0.094378326383516356 -0
    outer loop
      vertex -19.946556091308594 22.436254501342773 11.285714149475098
      vertex -20 23 8
      vertex -20 23 12.842104911804199
    endloop
  endfacet
  facet normal 0.99553640390949372 0.094378326383516356 -0
    outer loop
      vertex -20 23 17.684209823608398
      vertex -19.946556091308594 22.436254501342773 14.571428298950195
      vertex -20 23 12.842104911804199
    endloop
  endfacet
  facet normal 0.99553640390949372 0.094378326383516356 0
    outer loop
      vertex -19.946556091308594 22.436254501342773 11.285714149475098
      vertex -20 23 12.842104911804199
      vertex -19.946556091308594 22.436254501342773 14.571428298950195
    endloop
  endfacet
  facet normal 0.98107680652724161 0.19361895489416656 -0
    outer loop
      vertex -19.775070190429688 21.860269546508789 21.142856597900391
      vertex -20 23 17.684209823608398
      vertex -20 23 22.526315689086914
    endloop
  endfacet
  facet normal 0.98333073175944052 0.1811982993241231 0.015094644728798809
    outer loop
      vertex -19.946556091308594 22.436254501342773 11.285714149475098
      vertex -19.833547592163086 22.014604568481445 8.9853963851928711
      vertex -20 23 8
    endloop
  endfacet
  facet normal 0.98107680652724161 0.19361895489416656 0
    outer loop
      vertex -20 23 27.36842155456543
      vertex -19.775070190429688 21.860269546508789 27.714284896850586
      vertex -19.775070190429688 21.860269546508789 21.142856597900391
    endloop
  endfacet
  facet normal 0.98107680652724172 0.19361895489416658 -0
    outer loop
      vertex -20 23 27.36842155456543
      vertex -19.775070190429688 21.860269546508789 21.142856597900391
      vertex -20 23 22.526315689086914
    endloop
  endfacet
  facet normal 0.98107680652724161 0.19361895489416656 0
    outer loop
      vertex -20 23 32.210525512695312
      vertex -19.775070190429688 21.860269546508789 34.285713195800781
      vertex -19.775070190429688 21.860269546508789 27.714284896850586
    endloop
  endfacet
  facet normal 0.98107680652724161 0.19361895489416656 -0
    outer loop
      vertex -20 23 32.210525512695312
      vertex -19.775070190429688 21.860269546508789 27.714284896850586
      vertex -20 23 27.36842155456543
    endloop
  endfacet
  facet normal 0.98107680652724161 0.19361895489416656 -0
    outer loop
      vertex -20 23 37.052631378173828
      vertex -20 23 41.894737243652344
      vertex -19.775070190429688 21.860269546508789 40.857143402099609
    endloop
  endfacet
  facet normal 0.98107680652724161 0.19361895489416656 0
    outer loop
      vertex -20 23 46.736843109130859
      vertex -19.775070190429688 21.860269546508789 47.428569793701172
      vertex -19.775070190429688 21.860269546508789 40.857143402099609
    endloop
  endfacet
  facet normal 0.98107680652724161 0.19361895489416656 0
    outer loop
      vertex -20 23 46.736843109130859
      vertex -19.775070190429688 21.860269546508789 40.857143402099609
      vertex -20 23 41.894737243652344
    endloop
  endfacet
  facet normal 0.98107680652724161 0.19361895489416656 -0
    outer loop
      vertex -19.775070190429688 21.860269546508789 34.285713195800781
      vertex -20 23 32.210525512695312
      vertex -20 23 37.052631378173828
    endloop
  endfacet
  facet normal 0.98721987323229765 0.15892424052409265 -0.011832483638134985
    outer loop
      vertex -20 23 17.684209823608398
      vertex -19.775070190429688 21.860269546508789 21.142856597900391
      vertex -19.946556091308594 22.436254501342773 14.571428298950195
    endloop
  endfacet
  facet normal 0.88218935754428462 0.47080570289935098 0.0091611982322594727
    outer loop
      vertex -19.775070190429688 21.860269546508789 11.285714149475098
      vertex -19.491567611694336 21.329046249389648 11.285714149475098
      vertex -19.833547592163086 22.014604568481445 8.9853963851928711
    endloop
  endfacet
  facet normal 0.86154985809999141 0.50714893036237774 0.023060885502963341
    outer loop
      vertex -19.315340042114258 21.092330932617188 9.9076700210571289
      vertex -19.833547592163086 22.014604568481445 8.9853963851928711
      vertex -19.491567611694336 21.329046249389648 11.285714149475098
    endloop
  endfacet
  facet normal 0.73547758393506568 0.67754890696045156 0.00044967292052729195
    outer loop
      vertex -19.30792236328125 21.083364486694336 11.285714149475098
      vertex -19.099111557006836 20.856700897216797 11.285714149475098
      vertex -19.315340042114258 21.092330932617188 9.9076700210571289
    endloop
  endfacet
  facet normal 0.69892142847108407 0.71508738438315211 0.012604345282540052
    outer loop
      vertex -18.895879745483398 20.674997329711914 10.325002670288086
      vertex -19.315340042114258 21.092330932617188 9.9076700210571289
      vertex -19.099111557006836 20.856700897216797 11.285714149475098
    endloop
  endfacet
  facet normal 0.80096297877784206 0.59871373273140616 -0.00041577175511519482
    outer loop
      vertex -19.491567611694336 21.329046249389648 11.285714149475098
      vertex -19.30792236328125 21.083364486694336 11.285714149475098
      vertex -19.315340042114258 21.092330932617188 9.9076700210571289
    endloop
  endfacet
  facet normal 0.95842395562033933 0.28534807042112931 0
    outer loop
      vertex -19.775070190429688 21.860269546508789 14.571428298950195
      vertex -19.946556091308594 22.436254501342773 14.571428298950195
      vertex -19.775070190429688 21.860269546508789 21.142856597900391
    endloop
  endfacet
  facet normal 0.98107680652724161 0.19361895489416656 0
    outer loop
      vertex -19.775070190429688 21.860269546508789 34.285713195800781
      vertex -20 23 37.052631378173828
      vertex -19.775070190429688 21.860269546508789 40.857143402099609
    endloop
  endfacet
  facet normal 0.95841089968631321 0.28534418332548644 -0.0052196173023348657
    outer loop
      vertex -19.946556091308594 22.436254501342773 11.285714149475098
      vertex -19.775070190429688 21.860269546508789 11.285714149475098
      vertex -19.833547592163086 22.014604568481445 8.9853963851928711
    endloop
  endfacet
  facet normal 0.98107680652724161 0.19361895489416656 0
    outer loop
      vertex -20 23 51.578948974609375
      vertex -19.775070190429688 21.860269546508789 54
      vertex -19.775070190429688 21.860269546508789 47.428569793701172
    endloop
  endfacet
  facet normal 0.98107680652724161 0.19361895489416656 -0
    outer loop
      vertex -20 23 51.578948974609375
      vertex -19.775070190429688 21.860269546508789 47.428569793701172
      vertex -20 23 46.736843109130859
    endloop
  endfacet
  facet normal 0.98107680652724161 0.19361895489416656 0
    outer loop
      vertex -20 23 61.263156890869141
      vertex -19.775070190429688 21.860269546508789 60.571430206298828
      vertex -19.775070190429688 21.860269546508789 54
    endloop
  endfacet
  facet normal 0.98107680652724161 0.19361895489416656 0
    outer loop
      vertex -20 23 61.263156890869141
      vertex -19.775070190429688 21.860269546508789 54
      vertex -20 23 56.421051025390625
    endloop
  endfacet
  facet normal 0.98107680652724161 0.19361895489416656 0
    outer loop
      vertex -20 23 66.105262756347656
      vertex -19.775070190429688 21.860269546508789 67.142860412597656
      vertex -19.775070190429688 21.860269546508789 60.571430206298828
    endloop
  endfacet
  facet normal 0.98107680652724172 0.19361895489416658 -0
    outer loop
      vertex -20 23 66.105262756347656
      vertex -19.775070190429688 21.860269546508789 60.571430206298828
      vertex -20 23 61.263156890869141
    endloop
  endfacet
  facet normal 0.98107680652724161 0.19361895489416656 -0
    outer loop
      vertex -20 23 70.947364807128906
      vertex -20 23 75.789474487304688
      vertex -19.775070190429688 21.860269546508789 73.714286804199219
    endloop
  endfacet
  facet normal 0.98107680652724161 0.19361895489416656 0
    outer loop
      vertex -20 23 80.631576538085938
      vertex -19.775070190429688 21.860269546508789 80.285713195800781
      vertex -19.775070190429688 21.860269546508789 73.714286804199219
    endloop
  endfacet
  facet normal 0.98107680652724161 0.19361895489416656 0
    outer loop
      vertex -20 23 80.631576538085938
      vertex -19.775070190429688 21.860269546508789 73.714286804199219
      vertex -20 23 75.789474487304688
    endloop
  endfacet
  facet normal 0.98107680652724161 0.19361895489416656 -0
    outer loop
      vertex -19.775070190429688 21.860269546508789 67.142860412597656
      vertex -20 23 66.105262756347656
      vertex -20 23 70.947364807128906
    endloop
  endfacet
  facet normal 0.98107680652724161 0.19361895489416656 -0
    outer loop
      vertex -20 23 85.473686218261719
      vertex -20 23 90.315788269042969
      vertex -19.775070190429688 21.860269546508789 86.857139587402344
    endloop
  endfacet
  facet normal 0.98721987091821828 0.15892425576998642 0.011832471938367228
    outer loop
      vertex -19.775070190429688 21.860269546508789 86.857139587402344
      vertex -20 23 90.315788269042969
      vertex -19.946556091308594 22.436254501342773 93.428573608398438
    endloop
  endfacet
  facet normal 0.99553640390949361 0.094378326383516356 -0
    outer loop
      vertex -19.946556091308594 22.436254501342773 96.714286804199219
      vertex -20 23 95.15789794921875
      vertex -20 23 100
    endloop
  endfacet
  facet normal 0.99553640390949372 0.09437832638351637 -0
    outer loop
      vertex -20 23 90.315788269042969
      vertex -20 23 95.15789794921875
      vertex -19.946556091308594 22.436254501342773 93.428573608398438
    endloop
  endfacet
  facet normal 0.99553640390949361 0.094378326383516356 0
    outer loop
      vertex -19.946556091308594 22.436254501342773 93.428573608398438
      vertex -20 23 95.15789794921875
      vertex -19.946556091308594 22.436254501342773 96.714286804199219
    endloop
  endfacet
  facet normal 0.98107680652724161 0.19361895489416656 0
    outer loop
      vertex -20 23 85.473686218261719
      vertex -19.775070190429688 21.860269546508789 86.857139587402344
      vertex -19.775070190429688 21.860269546508789 80.285713195800781
    endloop
  endfacet
  facet normal 0.98107680652724161 0.19361895489416656 -0
    outer loop
      vertex -20 23 85.473686218261719
      vertex -19.775070190429688 21.860269546508789 80.285713195800781
      vertex -20 23 80.631576538085938
    endloop
  endfacet
  facet normal 0.98107680652724161 0.19361895489416656 -0
    outer loop
      vertex -19.775070190429688 21.860269546508789 54
      vertex -20 23 51.578948974609375
      vertex -20 23 56.421051025390625
    endloop
  endfacet
  facet normal 0.98107680652724161 0.19361895489416656 0
    outer loop
      vertex -19.775070190429688 21.860269546508789 67.142860412597656
      vertex -20 23 70.947364807128906
      vertex -19.775070190429688 21.860269546508789 73.714286804199219
    endloop
  endfacet
  facet normal 0.95842395562033933 0.28534807042112931 0
    outer loop
      vertex -19.775070190429688 21.860269546508789 86.857139587402344
      vertex -19.946556091308594 22.436254501342773 93.428573608398438
      vertex -19.775070190429688 21.860269546508789 93.428573608398438
    endloop
  endfacet
  facet normal 0.95842338458219933 0.28534790040802555 0.0010916129046131197
    outer loop
      vertex -19.775070190429688 21.860269546508789 96.714286804199219
      vertex -19.946556091308594 22.436254501342773 96.714286804199219
      vertex -19.789365768432617 21.895715713500977 100
    endloop
  endfacet
  facet normal 0.98216201695794625 0.187340292935329 -0.016167470055767748
    outer loop
      vertex -20 23 100
      vertex -19.789365768432617 21.895715713500977 100
      vertex -19.946556091308594 22.436254501342773 96.714286804199219
    endloop
  endfacet
  facet normal 0.88169028239627756 0.4705393571042587 -0.034856266924096477
    outer loop
      vertex -19.121320724487305 20.878679275512695 100
      vertex -19.491567611694336 21.329046249389648 96.714286804199219
      vertex -19.775070190429688 21.860269546508789 96.714286804199219
    endloop
  endfacet
  facet normal 0.83581386056539153 0.54900816367598226 -0.0022861985701280838
    outer loop
      vertex -19.121320724487305 20.878679275512695 100
      vertex -19.775070190429688 21.860269546508789 96.714286804199219
      vertex -19.789365768432617 21.895715713500977 100
    endloop
  endfacet
  facet normal 0.76915316948989676 0.63906380566634158 0.00092420284493000275
    outer loop
      vertex -19.491567611694336 21.329046249389648 96.714286804199219
      vertex -19.121320724487305 20.878679275512695 100
      vertex -19.099111557006836 20.856700897216797 96.714286804199219
    endloop
  endfacet
  facet normal 0.58272207178788449 0.81266910942441317 0.0019762688497862693
    outer loop
      vertex -18.622180938720703 20.476406097412109 11.285714149475098
      vertex -18.895879745483398 20.674997329711914 10.325002670288086
      vertex -18.869651794433594 20.653854370117188 11.285714149475098
    endloop
  endfacet
  facet normal 0.49781202954619669 0.86728491272091679 -0.00025180501978885905
    outer loop
      vertex -18.360925674438477 20.326448440551758 11.285714149475098
      vertex -18.363668441772461 20.327844619750977 10.672154426574707
      vertex -18.622180938720703 20.476406097412109 11.285714149475098
    endloop
  endfacet
  facet normal 0.53626306819940106 0.84377340448446958 0.02164170903723233
    outer loop
      vertex -18.895879745483398 20.674997329711914 10.325002670288086
      vertex -18.622180938720703 20.476406097412109 11.285714149475098
      vertex -18.363668441772461 20.327844619750977 10.672154426574707
    endloop
  endfacet
  facet normal 0.40904831900605465 0.91251269101286214 0.00024790882638975282
    outer loop
      vertex -18.090349197387695 20.205158233642578 11.285714149475098
      vertex -18.363668441772461 20.327844619750977 10.672154426574707
      vertex -18.360925674438477 20.326448440551758 11.285714149475098
    endloop
  endfacet
  facet normal 0.2979532724765423 0.95456946446963409 -0.004580930328579912
    outer loop
      vertex -17.538885116577148 20.048795700073242 14.571428298950195
      vertex -17.718652725219727 20.087348937988281 10.912651062011719
      vertex -18.090349197387695 20.205158233642578 11.285714149475098
    endloop
  endfacet
  facet normal 0.27278727979559791 0.96207437341492386 -0
    outer loop
      vertex -17.538885116577148 20.048795700073242 14.571428298950195
      vertex -18.090349197387695 20.205158233642578 14.571428298950195
      vertex -18.090349197387695 20.205158233642578 21.142856597900391
    endloop
  endfacet
  facet normal 0.18491345803423587 0.98275480819878003 0
    outer loop
      vertex -18.090349197387695 20.205158233642578 34.285713195800781
      vertex -17 20 34.421051025390625
      vertex -17 20 29.736841201782227
    endloop
  endfacet
  facet normal 0.18491345803423587 0.98275480819878003 -0
    outer loop
      vertex -18.090349197387695 20.205158233642578 34.285713195800781
      vertex -17 20 29.736841201782227
      vertex -18.090349197387695 20.205158233642578 27.714284896850586
    endloop
  endfacet
  facet normal 0.18491345803423584 0.98275480819877992 0
    outer loop
      vertex -18.090349197387695 20.205158233642578 40.857143402099609
      vertex -17 20 39.105262756347656
      vertex -17 20 34.421051025390625
    endloop
  endfacet
  facet normal 0.18491345803423587 0.98275480819877992 -0
    outer loop
      vertex -18.090349197387695 20.205158233642578 40.857143402099609
      vertex -17 20 34.421051025390625
      vertex -18.090349197387695 20.205158233642578 34.285713195800781
    endloop
  endfacet
  facet normal 0.18491345803423587 0.98275480819878003 0
    outer loop
      vertex -18.090349197387695 20.205158233642578 27.714284896850586
      vertex -17 20 25.052631378173828
      vertex -17 20 20.36842155456543
    endloop
  endfacet
  facet normal 0.18491345803423587 0.98275480819878003 -0
    outer loop
      vertex -18.090349197387695 20.205158233642578 27.714284896850586
      vertex -17 20 20.36842155456543
      vertex -18.090349197387695 20.205158233642578 21.142856597900391
    endloop
  endfacet
  facet normal 0.33656440324488918 0.94088489369229245 0.038210198770161845
    outer loop
      vertex -18.090349197387695 20.205158233642578 11.285714149475098
      vertex -17.718652725219727 20.087348937988281 10.912651062011719
      vertex -18.363668441772461 20.327844619750977 10.672154426574707
    endloop
  endfacet
  facet normal 0.1201100423417157 0.992750114370199 0.0045594020033114125
    outer loop
      vertex -17.538885116577148 20.048795700073242 14.571428298950195
      vertex -17 20 11
      vertex -17.718652725219727 20.087348937988281 10.912651062011719
    endloop
  endfacet
  facet normal 0.090180407412531222 0.99592544606456856 0
    outer loop
      vertex -17 20 15.684210777282715
      vertex -17 20 11
      vertex -17.538885116577148 20.048795700073242 14.571428298950195
    endloop
  endfacet
  facet normal 0.17915967728000598 0.98378437266304253 -0.0083736575585510176
    outer loop
      vertex -18.090349197387695 20.205158233642578 21.142856597900391
      vertex -17 20 20.36842155456543
      vertex -17.538885116577148 20.048795700073242 14.571428298950195
    endloop
  endfacet
  facet normal 0.090180407412531222 0.99592544606456856 0
    outer loop
      vertex -17.538885116577148 20.048795700073242 14.571428298950195
      vertex -17 20 20.36842155456543
      vertex -17 20 15.684210777282715
    endloop
  endfacet
  facet normal 0.18491345803423587 0.98275480819878003 0
    outer loop
      vertex -18.090349197387695 20.205158233642578 27.714284896850586
      vertex -17 20 29.736841201782227
      vertex -17 20 25.052631378173828
    endloop
  endfacet
  facet normal 0.18491345803423587 0.98275480819877992 0
    outer loop
      vertex -18.090349197387695 20.205158233642578 40.857143402099609
      vertex -17 20 43.789474487304688
      vertex -17 20 39.105262756347656
    endloop
  endfacet
  facet normal 0.18491345803423587 0.98275480819877992 0
    outer loop
      vertex -18.090349197387695 20.205158233642578 47.428569793701172
      vertex -17 20 48.473682403564453
      vertex -17 20 43.789474487304688
    endloop
  endfacet
  facet normal 0.18491345803423587 0.98275480819878003 -0
    outer loop
      vertex -18.090349197387695 20.205158233642578 47.428569793701172
      vertex -17 20 43.789474487304688
      vertex -18.090349197387695 20.205158233642578 40.857143402099609
    endloop
  endfacet
  facet normal 0.18491345803423584 0.98275480819877992 -6.8192313476460314e-18
    outer loop
      vertex -18.090349197387695 20.205158233642578 54
      vertex -17 20 53.157894134521484
      vertex -17 20 48.473682403564453
    endloop
  endfacet
  facet normal 0.18491345803423587 0.98275480819877992 -0
    outer loop
      vertex -18.090349197387695 20.205158233642578 54
      vertex -17 20 48.473682403564453
      vertex -18.090349197387695 20.205158233642578 47.428569793701172
    endloop
  endfacet
  facet normal 0.18491345803423587 0.98275480819877992 0
    outer loop
      vertex -18.090349197387695 20.205158233642578 67.142860412597656
      vertex -17 20 67.210525512695312
      vertex -17 20 62.526317596435547
    endloop
  endfacet
  facet normal 0.18491345803423587 0.98275480819877992 -0
    outer loop
      vertex -18.090349197387695 20.205158233642578 67.142860412597656
      vertex -17 20 62.526317596435547
      vertex -18.090349197387695 20.205158233642578 60.571430206298828
    endloop
  endfacet
  facet normal 0.18491345803423584 0.98275480819877992 0
    outer loop
      vertex -18.090349197387695 20.205158233642578 73.714286804199219
      vertex -17 20 71.894737243652344
      vertex -17 20 67.210525512695312
    endloop
  endfacet
  facet normal 0.18491345803423587 0.98275480819878003 -0
    outer loop
      vertex -18.090349197387695 20.205158233642578 73.714286804199219
      vertex -17 20 67.210525512695312
      vertex -18.090349197387695 20.205158233642578 67.142860412597656
    endloop
  endfacet
  facet normal 0.18491345803423584 0.98275480819877992 0
    outer loop
      vertex -18.090349197387695 20.205158233642578 86.857139587402344
      vertex -17 20 85.947364807128906
      vertex -17 20 81.263160705566406
    endloop
  endfacet
  facet normal 0.18491345803423587 0.98275480819878003 -0
    outer loop
      vertex -18.090349197387695 20.205158233642578 86.857139587402344
      vertex -17 20 81.263160705566406
      vertex -18.090349197387695 20.205158233642578 80.285713195800781
    endloop
  endfacet
  facet normal 0.1474653793344802 0.98900428215497449 0.011157588308478891
    outer loop
      vertex -17 20 90.631576538085938
      vertex -18.090349197387695 20.205158233642578 86.857139587402344
      vertex -17.538885116577148 20.048795700073242 93.428573608398438
    endloop
  endfacet
  facet normal 0.18491345803423587 0.98275480819877992 0
    outer loop
      vertex -18.090349197387695 20.205158233642578 80.285713195800781
      vertex -17 20 81.263160705566406
      vertex -17 20 76.578948974609375
    endloop
  endfacet
  facet normal 0.18491345803423587 0.98275480819878003 -0
    outer loop
      vertex -18.090349197387695 20.205158233642578 80.285713195800781
      vertex -17 20 76.578948974609375
      vertex -18.090349197387695 20.205158233642578 73.714286804199219
    endloop
  endfacet
  facet normal 0.62306297885980144 0.78138804919609639 -0.035003441943176269
    outer loop
      vertex -18.104284286499023 20.210634231567383 100
      vertex -18.622180938720703 20.476406097412109 96.714286804199219
      vertex -19.099111557006836 20.856700897216797 96.714286804199219
    endloop
  endfacet
  facet normal 0.54900862832200081 0.8358145679457335 -0.0018799036363863499
    outer loop
      vertex -18.104284286499023 20.210634231567383 100
      vertex -19.099111557006836 20.856700897216797 96.714286804199219
      vertex -19.121320724487305 20.878679275512695 100
    endloop
  endfacet
  facet normal 0.45434421697156108 0.89082609801445223 0.00044226784263565221
    outer loop
      vertex -18.090349197387695 20.205158233642578 96.714286804199219
      vertex -18.622180938720703 20.476406097412109 96.714286804199219
      vertex -18.104284286499023 20.210634231567383 100
    endloop
  endfacet
  facet normal 0.27278727979559791 0.96207437341492386 -0
    outer loop
      vertex -18.090349197387695 20.205158233642578 86.857139587402344
      vertex -18.090349197387695 20.205158233642578 93.428573608398438
      vertex -17.538885116577148 20.048795700073242 93.428573608398438
    endloop
  endfacet
  facet normal 0.27278725260640641 0.96207427752326646 -0.00044647904010477563
    outer loop
      vertex -17.538885116577148 20.048795700073242 96.714286804199219
      vertex -18.090349197387695 20.205158233642578 96.714286804199219
      vertex -18.104284286499023 20.210634231567383 100
    endloop
  endfacet
  facet normal 0.18491345803423587 0.98275480819877992 0
    outer loop
      vertex -18.090349197387695 20.205158233642578 60.571430206298828
      vertex -17 20 57.842105865478516
      vertex -17 20 53.157894134521484
    endloop
  endfacet
  facet normal 0.18491345803423587 0.98275480819877992 0
    outer loop
      vertex -18.090349197387695 20.205158233642578 60.571430206298828
      vertex -17 20 53.157894134521484
      vertex -18.090349197387695 20.205158233642578 54
    endloop
  endfacet
  facet normal 0.18491345803423587 0.98275480819877992 0
    outer loop
      vertex -17 20 57.842105865478516
      vertex -18.090349197387695 20.205158233642578 60.571430206298828
      vertex -17 20 62.526317596435547
    endloop
  endfacet
  facet normal 0.18491345803423587 0.98275480819877992 0
    outer loop
      vertex -17 20 71.894737243652344
      vertex -18.090349197387695 20.205158233642578 73.714286804199219
      vertex -17 20 76.578948974609375
    endloop
  endfacet
  facet normal 0.18491345803423587 0.98275480819877992 0
    outer loop
      vertex -18.090349197387695 20.205158233642578 86.857139587402344
      vertex -17 20 90.631576538085938
      vertex -17 20 85.947364807128906
    endloop
  endfacet
  facet normal 0.090180407412531222 0.99592544606456856 0
    outer loop
      vertex -17.538885116577148 20.048795700073242 93.428573608398438
      vertex -17 20 95.315788269042969
      vertex -17 20 90.631576538085938
    endloop
  endfacet
  facet normal 0.090180407412531208 0.99592544606456845 -0
    outer loop
      vertex -17.538885116577148 20.048795700073242 93.428573608398438
      vertex -17.538885116577148 20.048795700073242 96.714286804199219
      vertex -17 20 95.315788269042969
    endloop
  endfacet
  facet normal 0.090180407412531222 0.99592544606456856 0
    outer loop
      vertex -17.538885116577148 20.048795700073242 96.714286804199219
      vertex -17 20 100
      vertex -17 20 95.315788269042969
    endloop
  endfacet
  facet normal 0.18734037772163478 0.98216246146397213 -0.016139459908768063
    outer loop
      vertex -18.104284286499023 20.210634231567383 100
      vertex -17 20 100
      vertex -17.538885116577148 20.048795700073242 96.714286804199219
    endloop
  endfacet
  facet normal 0.66232185745054151 0.74921773781732481 -0.0015932617973917476
    outer loop
      vertex -18.895879745483398 20.674997329711914 10.325002670288086
      vertex -19.099111557006836 20.856700897216797 11.285714149475098
      vertex -18.869651794433594 20.653854370117188 11.285714149475098
    endloop
  endfacet
  facet normal 0 0 1
    outer loop
      vertex -19.099111557006836 20.856700897216797 3
      vertex -20 23 3
      vertex -19.775070190429688 21.860269546508789 3
    endloop
  endfacet
  facet normal 0 -0 1
    outer loop
      vertex -17 20 3
      vertex -20 23 3
      vertex -18.090349197387695 20.205158233642578 3
    endloop
  endfacet
  facet normal 0 0 1
    outer loop
      vertex -20 23 3
      vertex -19.099111557006836 20.856700897216797 3
      vertex -18.090349197387695 20.205158233642578 3
    endloop
  endfacet
  facet normal 0 0 1
    outer loop
      vertex -8.25 20 3
      vertex -20 23 3
      vertex -17 20 3
    endloop
  endfacet
  facet normal 0 -0 1
    outer loop
      vertex -19.794841766357422 75.090347290039062 3
      vertex -20 74 3
      vertex -19.143299102783203 76.099113464355469 3
    endloop
  endfacet
  facet normal -0 -0 1
    outer loop
      vertex -8.25 20 3
      vertex -20 74 3
      vertex -20 23 3
    endloop
  endfacet
  facet normal 0 -0 1
    outer loop
      vertex -19.143299102783203 76.099113464355469 3
      vertex -20 74 3
      vertex -18.139730453491211 76.775070190429688 3
    endloop
  endfacet
  facet normal 0 -0 1
    outer loop
      vertex -17 77 3
      vertex -18.139730453491211 76.775070190429688 3
      vertex -20 74 3
    endloop
  endfacet
  facet normal 0 0 1
    outer loop
      vertex -20 74 3
      vertex -8.25 20 3
      vertex -17 77 3
    endloop
  endfacet
  facet normal 0 0 1
    outer loop
      vertex -17 77 3
      vertex -8.25 20 3
      vertex 0.5 20 3
    endloop
  endfacet
  facet normal -0 0 1
    outer loop
      vertex 9.25 20 3
      vertex 18 77 3
      vertex 0.5 20 3
    endloop
  endfacet
  facet normal 0 -0 1
    outer loop
      vertex 18 20 3
      vertex 21 23 3
      vertex 9.25 20 3
    endloop
  endfacet
  facet normal -0 0 1
    outer loop
      vertex 20.143299102783203 20.900888442993164 3
      vertex 21 23 3
      vertex 19.139730453491211 20.224929809570312 3
    endloop
  endfacet
  facet normal 0 -0 1
    outer loop
      vertex 21 23 3
      vertex 18 20 3
      vertex 19.139730453491211 20.224929809570312 3
    endloop
  endfacet
  facet normal 0 0 1
    outer loop
      vertex 20.794841766357422 21.909650802612305 3
      vertex 21 23 3
      vertex 20.143299102783203 20.900888442993164 3
    endloop
  endfacet
  facet normal -0 0 1
    outer loop
      vertex 20.099111557006836 76.143302917480469 3
      vertex 19.090349197387695 76.794837951660156 3
      vertex 21 74 3
    endloop
  endfacet
  facet normal 0 0 1
    outer loop
      vertex 18 77 3
      vertex 21 74 3
      vertex 19.090349197387695 76.794837951660156 3
    endloop
  endfacet
  facet normal -0 0 1
    outer loop
      vertex 20.775070190429688 75.139732360839844 3
      vertex 20.099111557006836 76.143302917480469 3
      vertex 21 74 3
    endloop
  endfacet
  facet normal 0 0 1
    outer loop
      vertex 21 74 3
      vertex 18 77 3
      vertex 9.25 20 3
    endloop
  endfacet
  facet normal 0 0 1
    outer loop
      vertex 21 74 3
      vertex 9.25 20 3
      vertex 21 23 3
    endloop
  endfacet
  facet normal 0 0 1
    outer loop
      vertex -17 77 3
      vertex 0.5 20 3
      vertex 18 77 3
    endloop
  endfacet
  facet normal -1 -0 0
    outer loop
      vertex 21 20.401924133300781 8
      vertex 21 20.401924133300781 6
      vertex 21 17.803848266601562 6
    endloop
  endfacet
  facet normal -1 0 -0
    outer loop
      vertex 21 20.401924133300781 8
      vertex 21 17.803848266601562 6
      vertex 21 17.803848266601562 8
    endloop
  endfacet
  facet normal -1 -0 0
    outer loop
      vertex 21 23 8
      vertex 21 23 6
      vertex 21 20.401924133300781 6
    endloop
  endfacet
  facet normal -1 0 -0
    outer loop
      vertex 21 23 8
      vertex 21 20.401924133300781 6
      vertex 21 20.401924133300781 8
    endloop
  endfacet
  facet normal -0 0 1
    outer loop
      vertex 9.25 17 3
      vertex 18 17 3
      vertex 18 20 3
    endloop
  endfacet
  facet normal -0 0 1
    outer loop
      vertex 9.25 17 3
      vertex 18 20 3
      vertex 9.25 20 3
    endloop
  endfacet
  facet normal 0 -0 1
    outer loop
      vertex 9.25 20 3
      vertex 0.5 20 3
      vertex 0.5 17 3
    endloop
  endfacet
  facet normal 0 -0 1
    outer loop
      vertex 9.25 20 3
      vertex 0.5 17 3
      vertex 9.25 17 3
    endloop
  endfacet
  facet normal 0 0 1
    outer loop
      vertex -8.25 17 3
      vertex -8.25 20 3
      vertex -17 20 3
    endloop
  endfacet
  facet normal 0 -0 1
    outer loop
      vertex -8.25 17 3
      vertex -17 20 3
      vertex -17 17 3
    endloop
  endfacet
  facet normal -0 -0 1
    outer loop
      vertex -8.25 20 3
      vertex -8.25 17 3
      vertex 0.5 17 3
    endloop
  endfacet
  facet normal 0 0 1
    outer loop
      vertex -8.25 20 3
      vertex 0.5 17 3
      vertex 0.5 20 3
    endloop
  endfacet
  facet normal 0 -1 -0
    outer loop
      vertex -7 17 23.714284896850586
      vertex -9.5 17 23.714284896850586
      vertex -9.5 17 17.357143402099609
    endloop
  endfacet
  facet normal -0 -1 0
    outer loop
      vertex -7 17 23.714284896850586
      vertex -9.5 17 17.357143402099609
      vertex -7 17 17.357143402099609
    endloop
  endfacet
  facet normal 0 -1 -0
    outer loop
      vertex -9.5 17 23.714284896850586
      vertex -12 17 23.714284896850586
      vertex -12 17 17.357143402099609
    endloop
  endfacet
  facet normal -0 -1 0
    outer loop
      vertex -9.5 17 23.714284896850586
      vertex -12 17 17.357143402099609
      vertex -9.5 17 17.357143402099609
    endloop
  endfacet
  facet normal -0 -1 0
    outer loop
      vertex -9.5 17 23.714284896850586
      vertex -7 17 23.714284896850586
      vertex -7 17 30.071428298950195
    endloop
  endfacet
  facet normal 0 -1 0
    outer loop
      vertex -7 17 30.071428298950195
      vertex -7 17 36.428569793701172
      vertex -12 17 36.428569793701172
    endloop
  endfacet
  facet normal -0 -1 -0
    outer loop
      vertex -12 17 36.428569793701172
      vertex -12 17 23.714284896850586
      vertex -9.5 17 23.714284896850586
    endloop
  endfacet
  facet normal 0 -1 0
    outer loop
      vertex -9.5 17 23.714284896850586
      vertex -7 17 30.071428298950195
      vertex -12 17 36.428569793701172
    endloop
  endfacet
  facet normal 0 -1 -0
    outer loop
      vertex -7 17 49.142856597900391
      vertex -12 17 49.142856597900391
      vertex -12 17 36.428569793701172
    endloop
  endfacet
  facet normal -0 -1 0
    outer loop
      vertex -7 17 49.142856597900391
      vertex -12 17 36.428569793701172
      vertex -7 17 36.428569793701172
    endloop
  endfacet
  facet normal 0 -1 -0
    outer loop
      vertex -7 17 61.857143402099609
      vertex -12 17 61.857143402099609
      vertex -12 17 49.142856597900391
    endloop
  endfacet
  facet normal -0 -1 0
    outer loop
      vertex -7 17 61.857143402099609
      vertex -12 17 49.142856597900391
      vertex -7 17 49.142856597900391
    endloop
  endfacet
  facet normal 0 -1 -0
    outer loop
      vertex -7 17 74.571426391601562
      vertex -12 17 74.571426391601562
      vertex -12 17 61.857143402099609
    endloop
  endfacet
  facet normal -0 -1 0
    outer loop
      vertex -7 17 74.571426391601562
      vertex -12 17 61.857143402099609
      vertex -7 17 61.857143402099609
    endloop
  endfacet
  facet normal 0 -1 -0
    outer loop
      vertex -7 17 87.285713195800781
      vertex -12 17 87.285713195800781
      vertex -12 17 74.571426391601562
    endloop
  endfacet
  facet normal -0 -1 0
    outer loop
      vertex -7 17 87.285713195800781
      vertex -12 17 74.571426391601562
      vertex -7 17 74.571426391601562
    endloop
  endfacet
  facet normal 0 -1 -0
    outer loop
      vertex -4.5 17 36.428569793701172
      vertex -7 17 36.428569793701172
      vertex -7 17 30.071428298950195
    endloop
  endfacet
  facet normal -0 -1 0
    outer loop
      vertex -4.5 17 36.428569793701172
      vertex -7 17 30.071428298950195
      vertex -4.5 17 30.071428298950195
    endloop
  endfacet
  facet normal -0 -1 0
    outer loop
      vertex -4.5 17 36.428569793701172
      vertex -2 17 36.428569793701172
      vertex -2 17 49.142856597900391
    endloop
  endfacet
  facet normal -0 -1 -0
    outer loop
      vertex -7 17 49.142856597900391
      vertex -7 17 36.428569793701172
      vertex -4.5 17 36.428569793701172
    endloop
  endfacet
  facet normal 0 -1 0
    outer loop
      vertex -2 17 49.142856597900391
      vertex -7 17 49.142856597900391
      vertex -4.5 17 36.428569793701172
    endloop
  endfacet
  facet normal 0 -1 -0
    outer loop
      vertex -2 17 61.857143402099609
      vertex -7 17 61.857143402099609
      vertex -7 17 49.142856597900391
    endloop
  endfacet
  facet normal -0 -1 0
    outer loop
      vertex -2 17 61.857143402099609
      vertex -7 17 49.142856597900391
      vertex -2 17 49.142856597900391
    endloop
  endfacet
  facet normal 0 -1 -0
    outer loop
      vertex -2 17 74.571426391601562
      vertex -7 17 74.571426391601562
      vertex -7 17 61.857143402099609
    endloop
  endfacet
  facet normal -0 -1 0
    outer loop
      vertex -2 17 74.571426391601562
      vertex -7 17 61.857143402099609
      vertex -2 17 61.857143402099609
    endloop
  endfacet
  facet normal 0 -1 -0
    outer loop
      vertex -2 17 87.285713195800781
      vertex -7 17 87.285713195800781
      vertex -7 17 74.571426391601562
    endloop
  endfacet
  facet normal -0 -1 0
    outer loop
      vertex -2 17 87.285713195800781
      vertex -7 17 74.571426391601562
      vertex -2 17 74.571426391601562
    endloop
  endfacet
  facet normal -0 -1 0
    outer loop
      vertex 0.5 17 36.428569793701172
      vertex 3 17 36.428569793701172
      vertex 3 17 49.142856597900391
    endloop
  endfacet
  facet normal -0 -1 -0
    outer loop
      vertex -2 17 49.142856597900391
      vertex -2 17 36.428569793701172
      vertex 0.5 17 36.428569793701172
    endloop
  endfacet
  facet normal 0 -1 0
    outer loop
      vertex 3 17 49.142856597900391
      vertex -2 17 49.142856597900391
      vertex 0.5 17 36.428569793701172
    endloop
  endfacet
  facet normal 0 -1 -0
    outer loop
      vertex 3 17 61.857143402099609
      vertex -2 17 61.857143402099609
      vertex -2 17 49.142856597900391
    endloop
  endfacet
  facet normal -0 -1 0
    outer loop
      vertex 3 17 61.857143402099609
      vertex -2 17 49.142856597900391
      vertex 3 17 49.142856597900391
    endloop
  endfacet
  facet normal 0 -1 -0
    outer loop
      vertex 3 17 74.571426391601562
      vertex -2 17 74.571426391601562
      vertex -2 17 61.857143402099609
    endloop
  endfacet
  facet normal -0 -1 0
    outer loop
      vertex 3 17 74.571426391601562
      vertex -2 17 61.857143402099609
      vertex 3 17 61.857143402099609
    endloop
  endfacet
  facet normal 0 -1 -0
    outer loop
      vertex 3 17 87.285713195800781
      vertex -2 17 87.285713195800781
      vertex -2 17 74.571426391601562
    endloop
  endfacet
  facet normal -0 -1 0
    outer loop
      vertex 3 17 87.285713195800781
      vertex -2 17 74.571426391601562
      vertex 3 17 74.571426391601562
    endloop
  endfacet
  facet normal 0 -1 -0
    outer loop
      vertex 8 17 36.428569793701172
      vertex 5.5 17 36.428569793701172
      vertex 5.5 17 30.071428298950195
    endloop
  endfacet
  facet normal -0 -1 0
    outer loop
      vertex 8 17 36.428569793701172
      vertex 5.5 17 30.071428298950195
      vertex 8 17 30.071428298950195
    endloop
  endfacet
  facet normal -0 -1 0
    outer loop
      vertex 5.5 17 36.428569793701172
      vertex 8 17 36.428569793701172
      vertex 8 17 49.142856597900391
    endloop
  endfacet
  facet normal -0 -1 -0
    outer loop
      vertex 3 17 49.142856597900391
      vertex 3 17 36.428569793701172
      vertex 5.5 17 36.428569793701172
    endloop
  endfacet
  facet normal 0 -1 0
    outer loop
      vertex 8 17 49.142856597900391
      vertex 3 17 49.142856597900391
      vertex 5.5 17 36.428569793701172
    endloop
  endfacet
  facet normal 0 -1 -0
    outer loop
      vertex 8 17 61.857143402099609
      vertex 3 17 61.857143402099609
      vertex 3 17 49.142856597900391
    endloop
  endfacet
  facet normal -0 -1 0
    outer loop
      vertex 8 17 61.857143402099609
      vertex 3 17 49.142856597900391
      vertex 8 17 49.142856597900391
    endloop
  endfacet
  facet normal 0 -1 -0
    outer loop
      vertex 8 17 74.571426391601562
      vertex 3 17 74.571426391601562
      vertex 3 17 61.857143402099609
    endloop
  endfacet
  facet normal -0 -1 0
    outer loop
      vertex 8 17 74.571426391601562
      vertex 3 17 61.857143402099609
      vertex 8 17 61.857143402099609
    endloop
  endfacet
  facet normal 0 -1 -0
    outer loop
      vertex 8 17 87.285713195800781
      vertex 3 17 87.285713195800781
      vertex 3 17 74.571426391601562
    endloop
  endfacet
  facet normal -0 -1 0
    outer loop
      vertex 8 17 87.285713195800781
      vertex 3 17 74.571426391601562
      vertex 8 17 74.571426391601562
    endloop
  endfacet
  facet normal 0 -1 -0
    outer loop
      vertex 13 17 23.714284896850586
      vertex 10.5 17 23.714284896850586
      vertex 10.5 17 17.357143402099609
    endloop
  endfacet
  facet normal -0 -1 0
    outer loop
      vertex 13 17 23.714284896850586
      vertex 10.5 17 17.357143402099609
      vertex 13 17 17.357143402099609
    endloop
  endfacet
  facet normal 0 -1 -0
    outer loop
      vertex 10.5 17 23.714284896850586
      vertex 8 17 23.714284896850586
      vertex 8 17 17.357143402099609
    endloop
  endfacet
  facet normal -0 -1 0
    outer loop
      vertex 10.5 17 23.714284896850586
      vertex 8 17 17.357143402099609
      vertex 10.5 17 17.357143402099609
    endloop
  endfacet
  facet normal -0 -1 -0
    outer loop
      vertex 8 17 30.071428298950195
      vertex 8 17 23.714284896850586
      vertex 10.5 17 23.714284896850586
    endloop
  endfacet
  facet normal -0 -1 0
    outer loop
      vertex 10.5 17 23.714284896850586
      vertex 13 17 23.714284896850586
      vertex 13 17 36.428569793701172
    endloop
  endfacet
  facet normal 0 -1 -0
    outer loop
      vertex 13 17 36.428569793701172
      vertex 8 17 36.428569793701172
      vertex 8 17 30.071428298950195
    endloop
  endfacet
  facet normal -0 -1 0
    outer loop
      vertex 8 17 30.071428298950195
      vertex 10.5 17 23.714284896850586
      vertex 13 17 36.428569793701172
    endloop
  endfacet
  facet normal 0 -1 -0
    outer loop
      vertex 13 17 49.142856597900391
      vertex 8 17 49.142856597900391
      vertex 8 17 36.428569793701172
    endloop
  endfacet
  facet normal -0 -1 0
    outer loop
      vertex 13 17 49.142856597900391
      vertex 8 17 36.428569793701172
      vertex 13 17 36.428569793701172
    endloop
  endfacet
  facet normal 0 -1 -0
    outer loop
      vertex 13 17 61.857143402099609
      vertex 8 17 61.857143402099609
      vertex 8 17 49.142856597900391
    endloop
  endfacet
  facet normal -0 -1 0
    outer loop
      vertex 13 17 61.857143402099609
      vertex 8 17 49.142856597900391
      vertex 13 17 49.142856597900391
    endloop
  endfacet
  facet normal 0 -1 -0
    outer loop
      vertex 13 17 74.571426391601562
      vertex 8 17 74.571426391601562
      vertex 8 17 61.857143402099609
    endloop
  endfacet
  facet normal -0 -1 0
    outer loop
      vertex 13 17 74.571426391601562
      vertex 8 17 61.857143402099609
      vertex 13 17 61.857143402099609
    endloop
  endfacet
  facet normal 0 -1 -0
    outer loop
      vertex 13 17 87.285713195800781
      vertex 8 17 87.285713195800781
      vertex 8 17 74.571426391601562
    endloop
  endfacet
  facet normal -0 -1 0
    outer loop
      vertex 13 17 87.285713195800781
      vertex 8 17 74.571426391601562
      vertex 13 17 74.571426391601562
    endloop
  endfacet
  facet normal 0 -1 0
    outer loop
      vertex -13.75 17 11
      vertex -17 17 19.899999618530273
      vertex -17 17 11
    endloop
  endfacet
  facet normal 0 -1 0
    outer loop
      vertex -10.5 17 11
      vertex -9.5 17 17.357143402099609
      vertex -12 17 17.357143402099609
    endloop
  endfacet
  facet normal -0 -1 0
    outer loop
      vertex -13.75 17 11
      vertex -10.5 17 11
      vertex -12 17 17.357143402099609
    endloop
  endfacet
  facet normal 0 -1 -0
    outer loop
      vertex -8.4754791259765625 17 11.386164665222168
      vertex -9.5 17 17.357143402099609
      vertex -10.5 17 11
    endloop
  endfacet
  facet normal 0 -1 0
    outer loop
      vertex -12 17 17.357143402099609
      vertex -17 17 19.899999618530273
      vertex -13.75 17 11
    endloop
  endfacet
  facet normal 0 -1 -0
    outer loop
      vertex -12 17 23.714284896850586
      vertex -17 17 28.799999237060547
      vertex -17 17 19.899999618530273
    endloop
  endfacet
  facet normal 0 -1 0
    outer loop
      vertex -12 17 17.357143402099609
      vertex -12 17 23.714284896850586
      vertex -17 17 19.899999618530273
    endloop
  endfacet
  facet normal 0 -1 0
    outer loop
      vertex -8.4754791259765625 17 11.386164665222168
      vertex -7 17 17.357143402099609
      vertex -9.5 17 17.357143402099609
    endloop
  endfacet
  facet normal 0 -1 0
    outer loop
      vertex -12 17 23.714284896850586
      vertex -12 17 36.428569793701172
      vertex -17 17 37.700000762939453
    endloop
  endfacet
  facet normal 0 -1 0
    outer loop
      vertex -12 17 23.714284896850586
      vertex -17 17 37.700000762939453
      vertex -17 17 28.799999237060547
    endloop
  endfacet
  facet normal -0 -1 0
    outer loop
      vertex -7 17 17.357143402099609
      vertex -8.4754791259765625 17 11.386164665222168
      vertex -6.6109127998352051 17 12.610912322998047
    endloop
  endfacet
  facet normal -0 -1 0
    outer loop
      vertex -7 17 17.357143402099609
      vertex -5 17 16.5
      vertex -5 17 21
    endloop
  endfacet
  facet normal -0 -1 -0
    outer loop
      vertex -5.3861641883850098 17 14.475479125976562
      vertex -7 17 17.357143402099609
      vertex -6.6109127998352051 17 12.610912322998047
    endloop
  endfacet
  facet normal 0 -1 -0
    outer loop
      vertex -7 17 17.357143402099609
      vertex -5 17 21
      vertex -7 17 23.714284896850586
    endloop
  endfacet
  facet normal -0 -1 0
    outer loop
      vertex 0.5 17 31
      vertex 0.5 17 36.428569793701172
      vertex -1.5245208740234375 17 30.613836288452148
    endloop
  endfacet
  facet normal -0 -1 -0
    outer loop
      vertex -5 17 16.5
      vertex -7 17 17.357143402099609
      vertex -5.3861641883850098 17 14.475479125976562
    endloop
  endfacet
  facet normal -0 -1 0
    outer loop
      vertex -5 17 25.5
      vertex -7 17 23.714284896850586
      vertex -5 17 21
    endloop
  endfacet
  facet normal 0 -1 0
    outer loop
      vertex -4.6138358116149902 17 27.524520874023438
      vertex -7 17 30.071428298950195
      vertex -5 17 25.5
    endloop
  endfacet
  facet normal 0 -1 -0
    outer loop
      vertex -7 17 23.714284896850586
      vertex -5 17 25.5
      vertex -7 17 30.071428298950195
    endloop
  endfacet
  facet normal 0 -1 0
    outer loop
      vertex -4.5 17 30.071428298950195
      vertex -7 17 30.071428298950195
      vertex -4.6138358116149902 17 27.524520874023438
    endloop
  endfacet
  facet normal -0 -1 0
    outer loop
      vertex -3.3890872001647949 17 29.389087677001953
      vertex -4.5 17 36.428569793701172
      vertex -4.5 17 30.071428298950195
    endloop
  endfacet
  facet normal 0 -1 -0
    outer loop
      vertex -4.6138358116149902 17 27.524520874023438
      vertex -3.3890872001647949 17 29.389087677001953
      vertex -4.5 17 30.071428298950195
    endloop
  endfacet
  facet normal 0 -1 -0
    outer loop
      vertex -3.3890872001647949 17 29.389087677001953
      vertex -1.5245208740234375 17 30.613836288452148
      vertex -2 17 36.428569793701172
    endloop
  endfacet
  facet normal -0 -1 0
    outer loop
      vertex -17 17 46.599998474121094
      vertex -17 17 37.700000762939453
      vertex -12 17 36.428569793701172
    endloop
  endfacet
  facet normal -0 -1 0
    outer loop
      vertex -17 17 46.599998474121094
      vertex -12 17 36.428569793701172
      vertex -12 17 49.142856597900391
    endloop
  endfacet
  facet normal -0 -1 -0
    outer loop
      vertex -17 17 55.5
      vertex -17 17 46.599998474121094
      vertex -12 17 49.142856597900391
    endloop
  endfacet
  facet normal 0 -1 -0
    outer loop
      vertex -12 17 61.857143402099609
      vertex -17 17 64.400001525878906
      vertex -17 17 55.5
    endloop
  endfacet
  facet normal -0 -1 0
    outer loop
      vertex -17 17 73.300003051757812
      vertex -17 17 64.400001525878906
      vertex -12 17 61.857143402099609
    endloop
  endfacet
  facet normal -0 -1 0
    outer loop
      vertex -17 17 73.300003051757812
      vertex -12 17 61.857143402099609
      vertex -12 17 74.571426391601562
    endloop
  endfacet
  facet normal 0 -1 -0
    outer loop
      vertex -17 17 82.199996948242188
      vertex -12 17 87.285713195800781
      vertex -17 17 91.099998474121094
    endloop
  endfacet
  facet normal -0 -1 0
    outer loop
      vertex -17 17 100
      vertex -17 17 91.099998474121094
      vertex -12 17 87.285713195800781
    endloop
  endfacet
  facet normal -0 -1 -0
    outer loop
      vertex -17 17 100
      vertex -12 17 87.285713195800781
      vertex -12 17 100
    endloop
  endfacet
  facet normal 0 -1 -0
    outer loop
      vertex -12 17 74.571426391601562
      vertex -17 17 82.199996948242188
      vertex -17 17 73.300003051757812
    endloop
  endfacet
  facet normal 0 -1 0
    outer loop
      vertex -12 17 49.142856597900391
      vertex -12 17 61.857143402099609
      vertex -17 17 55.5
    endloop
  endfacet
  facet normal 0 -1 0
    outer loop
      vertex -3.3890872001647949 17 29.389087677001953
      vertex -2 17 36.428569793701172
      vertex -4.5 17 36.428569793701172
    endloop
  endfacet
  facet normal 0 -1 0
    outer loop
      vertex -1.5245208740234375 17 30.613836288452148
      vertex 0.5 17 36.428569793701172
      vertex -2 17 36.428569793701172
    endloop
  endfacet
  facet normal -0 -1 -0
    outer loop
      vertex -12 17 100
      vertex -12 17 87.285713195800781
      vertex -7 17 87.285713195800781
    endloop
  endfacet
  facet normal -0 -1 -0
    outer loop
      vertex -12 17 100
      vertex -7 17 87.285713195800781
      vertex -7 17 100
    endloop
  endfacet
  facet normal 0 -1 0
    outer loop
      vertex -2 17 87.285713195800781
      vertex -2 17 100
      vertex -7 17 100
    endloop
  endfacet
  facet normal 0 -1 0
    outer loop
      vertex -2 17 87.285713195800781
      vertex -7 17 100
      vertex -7 17 87.285713195800781
    endloop
  endfacet
  facet normal -0 -1 -0
    outer loop
      vertex -2 17 100
      vertex -2 17 87.285713195800781
      vertex 3 17 87.285713195800781
    endloop
  endfacet
  facet normal -0 -1 -0
    outer loop
      vertex -2 17 100
      vertex 3 17 87.285713195800781
      vertex 3 17 100
    endloop
  endfacet
  facet normal -0 -1 0
    outer loop
      vertex -17 17 82.199996948242188
      vertex -12 17 74.571426391601562
      vertex -12 17 87.285713195800781
    endloop
  endfacet
  facet normal 0 -1 -0
    outer loop
      vertex 8 17 17.357143402099609
      vertex 6 17 21
      vertex 6 17 16.5
    endloop
  endfacet
  facet normal -0 -1 0
    outer loop
      vertex 8 17 17.357143402099609
      vertex 6.3861641883850098 17 14.475479125976562
      vertex 7.6109127998352051 17 12.610912322998047
    endloop
  endfacet
  facet normal 0 -1 0
    outer loop
      vertex 9.4754791259765625 17 11.386164665222168
      vertex 8 17 17.357143402099609
      vertex 7.6109127998352051 17 12.610912322998047
    endloop
  endfacet
  facet normal -0 -1 0
    outer loop
      vertex 6 17 16.5
      vertex 6.3861641883850098 17 14.475479125976562
      vertex 8 17 17.357143402099609
    endloop
  endfacet
  facet normal 0 -1 -0
    outer loop
      vertex 8 17 23.714284896850586
      vertex 6 17 25.5
      vertex 6 17 21
    endloop
  endfacet
  facet normal 0 -1 0
    outer loop
      vertex 4.3890872001647949 17 29.389087677001953
      vertex 3 17 36.428569793701172
      vertex 2.5245208740234375 17 30.613836288452148
    endloop
  endfacet
  facet normal 0 -1 0
    outer loop
      vertex 5.6138358116149902 17 27.524520874023438
      vertex 8 17 30.071428298950195
      vertex 5.5 17 30.071428298950195
    endloop
  endfacet
  facet normal -0 -1 0
    outer loop
      vertex 4.3890872001647949 17 29.389087677001953
      vertex 5.6138358116149902 17 27.524520874023438
      vertex 5.5 17 30.071428298950195
    endloop
  endfacet
  facet normal -0 -1 0
    outer loop
      vertex 5.6138358116149902 17 27.524520874023438
      vertex 6 17 25.5
      vertex 8 17 30.071428298950195
    endloop
  endfacet
  facet normal -0 -1 0
    outer loop
      vertex 4.3890872001647949 17 29.389087677001953
      vertex 5.5 17 30.071428298950195
      vertex 5.5 17 36.428569793701172
    endloop
  endfacet
  facet normal 0 -1 0
    outer loop
      vertex 8 17 17.357143402099609
      vertex 8 17 23.714284896850586
      vertex 6 17 21
    endloop
  endfacet
  facet normal 0 -1 0
    outer loop
      vertex 11.5 17 11
      vertex 10.5 17 17.357143402099609
      vertex 9.4754791259765625 17 11.386164665222168
    endloop
  endfacet
  facet normal 0 -1 0
    outer loop
      vertex 13 17 17.357143402099609
      vertex 10.5 17 17.357143402099609
      vertex 11.5 17 11
    endloop
  endfacet
  facet normal 0 -1 0
    outer loop
      vertex 14.75 17 11
      vertex 13 17 17.357143402099609
      vertex 11.5 17 11
    endloop
  endfacet
  facet normal 0 -1 0
    outer loop
      vertex 18 17 11
      vertex 18 17 19.899999618530273
      vertex 14.75 17 11
    endloop
  endfacet
  facet normal -0 -1 0
    outer loop
      vertex 6 17 25.5
      vertex 8 17 23.714284896850586
      vertex 8 17 30.071428298950195
    endloop
  endfacet
  facet normal -0 -1 0
    outer loop
      vertex 18 17 28.799999237060547
      vertex 13 17 23.714284896850586
      vertex 18 17 19.899999618530273
    endloop
  endfacet
  facet normal 0 -1 -0
    outer loop
      vertex 13 17 17.357143402099609
      vertex 18 17 19.899999618530273
      vertex 13 17 23.714284896850586
    endloop
  endfacet
  facet normal 0 -1 0
    outer loop
      vertex 18 17 19.899999618530273
      vertex 13 17 17.357143402099609
      vertex 14.75 17 11
    endloop
  endfacet
  facet normal -0 -1 -0
    outer loop
      vertex 13 17 36.428569793701172
      vertex 13 17 23.714284896850586
      vertex 18 17 28.799999237060547
    endloop
  endfacet
  facet normal -0 -1 0
    outer loop
      vertex 13 17 36.428569793701172
      vertex 18 17 28.799999237060547
      vertex 18 17 37.700000762939453
    endloop
  endfacet
  facet normal 0 -1 0
    outer loop
      vertex 9.4754791259765625 17 11.386164665222168
      vertex 10.5 17 17.357143402099609
      vertex 8 17 17.357143402099609
    endloop
  endfacet
  facet normal -0 -1 -0
    outer loop
      vertex 0.5 17 36.428569793701172
      vertex 2.5245208740234375 17 30.613836288452148
      vertex 3 17 36.428569793701172
    endloop
  endfacet
  facet normal 0 -1 0
    outer loop
      vertex 5.5 17 36.428569793701172
      vertex 3 17 36.428569793701172
      vertex 4.3890872001647949 17 29.389087677001953
    endloop
  endfacet
  facet normal -0 -1 -0
    outer loop
      vertex 13 17 49.142856597900391
      vertex 13 17 36.428569793701172
      vertex 18 17 37.700000762939453
    endloop
  endfacet
  facet normal -0 -1 -0
    outer loop
      vertex 13 17 49.142856597900391
      vertex 18 17 37.700000762939453
      vertex 18 17 46.599998474121094
    endloop
  endfacet
  facet normal -0 -1 -0
    outer loop
      vertex 3 17 100
      vertex 3 17 87.285713195800781
      vertex 8 17 87.285713195800781
    endloop
  endfacet
  facet normal -0 -1 -0
    outer loop
      vertex 3 17 100
      vertex 8 17 87.285713195800781
      vertex 8 17 100
    endloop
  endfacet
  facet normal -0 -1 -0
    outer loop
      vertex 8 17 100
      vertex 8 17 87.285713195800781
      vertex 13 17 87.285713195800781
    endloop
  endfacet
  facet normal -0 -1 -0
    outer loop
      vertex 8 17 100
      vertex 13 17 87.285713195800781
      vertex 13 17 100
    endloop
  endfacet
  facet normal -0 -1 -0
    outer loop
      vertex 13 17 61.857143402099609
      vertex 13 17 49.142856597900391
      vertex 18 17 55.5
    endloop
  endfacet
  facet normal -0 -1 0
    outer loop
      vertex 13 17 61.857143402099609
      vertex 18 17 55.5
      vertex 18 17 64.400001525878906
    endloop
  endfacet
  facet normal -0 -1 0
    outer loop
      vertex 0.5 17 36.428569793701172
      vertex 0.5 17 31
      vertex 2.5245208740234375 17 30.613836288452148
    endloop
  endfacet
  facet normal 0 -1 0
    outer loop
      vertex 18 17 46.599998474121094
      vertex 18 17 55.5
      vertex 13 17 49.142856597900391
    endloop
  endfacet
  facet normal -0 -1 -0
    outer loop
      vertex 13 17 74.571426391601562
      vertex 13 17 61.857143402099609
      vertex 18 17 64.400001525878906
    endloop
  endfacet
  facet normal -0 -1 -0
    outer loop
      vertex 13 17 74.571426391601562
      vertex 18 17 64.400001525878906
      vertex 18 17 73.300003051757812
    endloop
  endfacet
  facet normal 0 -1 0
    outer loop
      vertex 13 17 87.285713195800781
      vertex 13 17 74.571426391601562
      vertex 18 17 73.300003051757812
    endloop
  endfacet
  facet normal -0 -1 -0
    outer loop
      vertex 13 17 87.285713195800781
      vertex 18 17 73.300003051757812
      vertex 18 17 82.199996948242188
    endloop
  endfacet
  facet normal -0 -1 -0
    outer loop
      vertex 13 17 100
      vertex 13 17 87.285713195800781
      vertex 18 17 91.099998474121094
    endloop
  endfacet
  facet normal -0 -1 -0
    outer loop
      vertex 13 17 100
      vertex 18 17 91.099998474121094
      vertex 18 17 100
    endloop
  endfacet
  facet normal -0 -1 0
    outer loop
      vertex 13 17 87.285713195800781
      vertex 18 17 82.199996948242188
      vertex 18 17 91.099998474121094
    endloop
  endfacet
  facet normal -0.28534807042112931 0.95842395562033933 0
    outer loop
      vertex 19.139730453491211 20.224929809570312 11.285714149475098
      vertex 18.563745498657227 20.053443908691406 14.571428298950195
      vertex 19.139730453491211 20.224929809570312 14.571428298950195
    endloop
  endfacet
  facet normal -0.28534807042112931 0.95842395562033933 0
    outer loop
      vertex 19.139730453491211 20.224929809570312 96.714286804199219
      vertex 19.139730453491211 20.224929809570312 93.428573608398438
      vertex 18.563745498657227 20.053443908691406 93.428573608398438
    endloop
  endfacet
  facet normal -0.28534807042112931 0.95842395562033933 0
    outer loop
      vertex 19.139730453491211 20.224929809570312 96.714286804199219
      vertex 18.563745498657227 20.053443908691406 93.428573608398438
      vertex 18.563745498657227 20.053443908691406 96.714286804199219
    endloop
  endfacet
  facet normal -0.67754897546259962 0.73547765829396994 0
    outer loop
      vertex 19.916635513305664 20.69207763671875 11.285714149475098
      vertex 20.143299102783203 20.900888442993164 14.571428298950195
      vertex 20.143299102783203 20.900888442993164 11.285714149475098
    endloop
  endfacet
  facet normal -0.59871378448008261 0.80096304800754525 0
    outer loop
      vertex 19.670953750610352 20.508432388305664 14.571428298950195
      vertex 19.916635513305664 20.69207763671875 11.285714149475098
      vertex 19.670953750610352 20.508432388305664 11.285714149475098
    endloop
  endfacet
  facet normal -0.63905673202859292 0.76914465592545145 -0.0047949463244027213
    outer loop
      vertex 20.143299102783203 20.900888442993164 14.571428298950195
      vertex 19.916635513305664 20.69207763671875 11.285714149475098
      vertex 19.670953750610352 20.508432388305664 14.571428298950195
    endloop
  endfacet
  facet normal -0.51423620822488747 0.85764860062294168 0
    outer loop
      vertex 19.410482406616211 20.352256774902344 11.285714149475098
      vertex 19.670953750610352 20.508432388305664 14.571428298950195
      vertex 19.670953750610352 20.508432388305664 11.285714149475098
    endloop
  endfacet
  facet normal -0.42556246924131436 0.90492904957970899 0
    outer loop
      vertex 19.139730453491211 20.224929809570312 14.571428298950195
      vertex 19.410482406616211 20.352256774902344 11.285714149475098
      vertex 19.139730453491211 20.224929809570312 11.285714149475098
    endloop
  endfacet
  facet normal -0.47082045894224783 0.88221700721786112 -0.0046095137457058035
    outer loop
      vertex 19.670953750610352 20.508432388305664 14.571428298950195
      vertex 19.410482406616211 20.352256774902344 11.285714149475098
      vertex 19.139730453491211 20.224929809570312 14.571428298950195
    endloop
  endfacet
  facet normal -0.63906407859497838 0.76915349797654264 0
    outer loop
      vertex 19.670953750610352 20.508432388305664 14.571428298950195
      vertex 20.143299102783203 20.900888442993164 21.142856597900391
      vertex 20.143299102783203 20.900888442993164 14.571428298950195
    endloop
  endfacet
  facet normal -0.47082546092834526 0.8822263798717489 0
    outer loop
      vertex 19.139730453491211 20.224929809570312 21.142856597900391
      vertex 19.670953750610352 20.508432388305664 14.571428298950195
      vertex 19.139730453491211 20.224929809570312 14.571428298950195
    endloop
  endfacet
  facet normal -0.55862463556065611 0.82936757258656046 -0.0093779574855266008
    outer loop
      vertex 20.143299102783203 20.900888442993164 21.142856597900391
      vertex 19.670953750610352 20.508432388305664 14.571428298950195
      vertex 19.139730453491211 20.224929809570312 21.142856597900391
    endloop
  endfacet
  facet normal -0.5586492016063217 0.82940404480845109 0
    outer loop
      vertex 20.143299102783203 20.900888442993164 27.714284896850586
      vertex 20.143299102783203 20.900888442993164 21.142856597900391
      vertex 19.139730453491211 20.224929809570312 21.142856597900391
    endloop
  endfacet
  facet normal -0.55864920160632181 0.8294040448084512 0
    outer loop
      vertex 20.143299102783203 20.900888442993164 27.714284896850586
      vertex 19.139730453491211 20.224929809570312 21.142856597900391
      vertex 19.139730453491211 20.224929809570312 27.714284896850586
    endloop
  endfacet
  facet normal -0.5586492016063217 0.82940404480845109 0
    outer loop
      vertex 20.143299102783203 20.900888442993164 34.285713195800781
      vertex 20.143299102783203 20.900888442993164 27.714284896850586
      vertex 19.139730453491211 20.224929809570312 27.714284896850586
    endloop
  endfacet
  facet normal -0.55864920160632181 0.8294040448084512 0
    outer loop
      vertex 20.143299102783203 20.900888442993164 34.285713195800781
      vertex 19.139730453491211 20.224929809570312 27.714284896850586
      vertex 19.139730453491211 20.224929809570312 34.285713195800781
    endloop
  endfacet
  facet normal -0.5586492016063217 0.82940404480845109 0
    outer loop
      vertex 20.143299102783203 20.900888442993164 40.857143402099609
      vertex 20.143299102783203 20.900888442993164 34.285713195800781
      vertex 19.139730453491211 20.224929809570312 34.285713195800781
    endloop
  endfacet
  facet normal -0.5586492016063217 0.82940404480845109 -1.1510293340794718e-17
    outer loop
      vertex 20.143299102783203 20.900888442993164 40.857143402099609
      vertex 19.139730453491211 20.224929809570312 34.285713195800781
      vertex 19.139730453491211 20.224929809570312 40.857143402099609
    endloop
  endfacet
  facet normal -0.5586492016063217 0.82940404480845109 0
    outer loop
      vertex 20.143299102783203 20.900888442993164 47.428569793701172
      vertex 20.143299102783203 20.900888442993164 40.857143402099609
      vertex 19.139730453491211 20.224929809570312 40.857143402099609
    endloop
  endfacet
  facet normal -0.55864920160632181 0.8294040448084512 0
    outer loop
      vertex 20.143299102783203 20.900888442993164 47.428569793701172
      vertex 19.139730453491211 20.224929809570312 40.857143402099609
      vertex 19.139730453491211 20.224929809570312 47.428569793701172
    endloop
  endfacet
  facet normal -0.5586492016063217 0.82940404480845109 0
    outer loop
      vertex 20.143299102783203 20.900888442993164 54
      vertex 20.143299102783203 20.900888442993164 47.428569793701172
      vertex 19.139730453491211 20.224929809570312 47.428569793701172
    endloop
  endfacet
  facet normal -0.5586492016063217 0.82940404480845109 -1.1510293340794718e-17
    outer loop
      vertex 20.143299102783203 20.900888442993164 54
      vertex 19.139730453491211 20.224929809570312 47.428569793701172
      vertex 19.139730453491211 20.224929809570312 54
    endloop
  endfacet
  facet normal -0.5586492016063217 0.82940404480845109 0
    outer loop
      vertex 20.143299102783203 20.900888442993164 60.571430206298828
      vertex 20.143299102783203 20.900888442993164 54
      vertex 19.139730453491211 20.224929809570312 54
    endloop
  endfacet
  facet normal -0.5586492016063217 0.82940404480845109 -1.1510293340794718e-17
    outer loop
      vertex 20.143299102783203 20.900888442993164 60.571430206298828
      vertex 19.139730453491211 20.224929809570312 54
      vertex 19.139730453491211 20.224929809570312 60.571430206298828
    endloop
  endfacet
  facet normal -0.5586492016063217 0.82940404480845109 0
    outer loop
      vertex 20.143299102783203 20.900888442993164 67.142860412597656
      vertex 20.143299102783203 20.900888442993164 60.571430206298828
      vertex 19.139730453491211 20.224929809570312 60.571430206298828
    endloop
  endfacet
  facet normal -0.5586492016063217 0.82940404480845109 -1.1510293340794718e-17
    outer loop
      vertex 20.143299102783203 20.900888442993164 67.142860412597656
      vertex 19.139730453491211 20.224929809570312 60.571430206298828
      vertex 19.139730453491211 20.224929809570312 67.142860412597656
    endloop
  endfacet
  facet normal -0.5586492016063217 0.82940404480845109 0
    outer loop
      vertex 20.143299102783203 20.900888442993164 73.714286804199219
      vertex 20.143299102783203 20.900888442993164 67.142860412597656
      vertex 19.139730453491211 20.224929809570312 67.142860412597656
    endloop
  endfacet
  facet normal -0.55864920160632181 0.8294040448084512 0
    outer loop
      vertex 20.143299102783203 20.900888442993164 73.714286804199219
      vertex 19.139730453491211 20.224929809570312 67.142860412597656
      vertex 19.139730453491211 20.224929809570312 73.714286804199219
    endloop
  endfacet
  facet normal -0.5586492016063217 0.82940404480845109 0
    outer loop
      vertex 20.143299102783203 20.900888442993164 80.285713195800781
      vertex 20.143299102783203 20.900888442993164 73.714286804199219
      vertex 19.139730453491211 20.224929809570312 73.714286804199219
    endloop
  endfacet
  facet normal -0.55864920160632181 0.8294040448084512 0
    outer loop
      vertex 20.143299102783203 20.900888442993164 80.285713195800781
      vertex 19.139730453491211 20.224929809570312 73.714286804199219
      vertex 19.139730453491211 20.224929809570312 80.285713195800781
    endloop
  endfacet
  facet normal -0.5586492016063217 0.82940404480845109 0
    outer loop
      vertex 20.143299102783203 20.900888442993164 86.857139587402344
      vertex 20.143299102783203 20.900888442993164 80.285713195800781
      vertex 19.139730453491211 20.224929809570312 80.285713195800781
    endloop
  endfacet
  facet normal -0.55864920160632181 0.8294040448084512 0
    outer loop
      vertex 20.143299102783203 20.900888442993164 86.857139587402344
      vertex 19.139730453491211 20.224929809570312 80.285713195800781
      vertex 19.139730453491211 20.224929809570312 86.857139587402344
    endloop
  endfacet
  facet normal -0.47082546092834521 0.8822263798717489 0
    outer loop
      vertex 19.670953750610352 20.508432388305664 93.428573608398438
      vertex 19.139730453491211 20.224929809570312 86.857139587402344
      vertex 19.139730453491211 20.224929809570312 93.428573608398438
    endloop
  endfacet
  facet normal -0.63906407859497827 0.76915349797654253 0
    outer loop
      vertex 20.143299102783203 20.900888442993164 86.857139587402344
      vertex 19.670953750610352 20.508432388305664 93.428573608398438
      vertex 20.143299102783203 20.900888442993164 93.428573608398438
    endloop
  endfacet
  facet normal -0.55862463560343478 0.82936757265007233 0.0093779493204314713
    outer loop
      vertex 19.139730453491211 20.224929809570312 86.857139587402344
      vertex 19.670953750610352 20.508432388305664 93.428573608398438
      vertex 20.143299102783203 20.900888442993164 86.857139587402344
    endloop
  endfacet
  facet normal -0.47082546092834521 0.8822263798717489 0
    outer loop
      vertex 19.670953750610352 20.508432388305664 96.714286804199219
      vertex 19.670953750610352 20.508432388305664 93.428573608398438
      vertex 19.139730453491211 20.224929809570312 93.428573608398438
    endloop
  endfacet
  facet normal -0.47082546092834521 0.8822263798717489 0
    outer loop
      vertex 19.670953750610352 20.508432388305664 96.714286804199219
      vertex 19.139730453491211 20.224929809570312 93.428573608398438
      vertex 19.139730453491211 20.224929809570312 96.714286804199219
    endloop
  endfacet
  facet normal -0.63906407859497838 0.76915349797654264 0
    outer loop
      vertex 20.143299102783203 20.900888442993164 96.714286804199219
      vertex 20.143299102783203 20.900888442993164 93.428573608398438
      vertex 19.670953750610352 20.508432388305664 93.428573608398438
    endloop
  endfacet
  facet normal -0.63906407859497838 0.76915349797654264 0
    outer loop
      vertex 20.143299102783203 20.900888442993164 96.714286804199219
      vertex 19.670953750610352 20.508432388305664 93.428573608398438
      vertex 19.670953750610352 20.508432388305664 96.714286804199219
    endloop
  endfacet
  facet normal -0.89082618513763367 0.45434426140662393 0
    outer loop
      vertex 20.794841766357422 21.909650802612305 14.571428298950195
      vertex 20.794841766357422 21.909650802612305 11.285714149475098
      vertex 20.523593902587891 21.377819061279297 11.285714149475098
    endloop
  endfacet
  facet normal -0.89082618513763367 0.45434426140662393 0
    outer loop
      vertex 20.794841766357422 21.909650802612305 14.571428298950195
      vertex 20.523593902587891 21.377819061279297 11.285714149475098
      vertex 20.523593902587891 21.377819061279297 14.571428298950195
    endloop
  endfacet
  facet normal -0.8126706964249697 0.58272320974211633 0
    outer loop
      vertex 20.346145629882812 21.130348205566406 11.285714149475098
      vertex 20.523593902587891 21.377819061279297 14.571428298950195
      vertex 20.523593902587891 21.377819061279297 11.285714149475098
    endloop
  endfacet
  facet normal -0.74921868875743858 0.66232269809858102 0
    outer loop
      vertex 20.143299102783203 20.900888442993164 14.571428298950195
      vertex 20.346145629882812 21.130348205566406 11.285714149475098
      vertex 20.143299102783203 20.900888442993164 11.285714149475098
    endloop
  endfacet
  facet normal -0.78185843535261823 0.623438055238559 -0.0047305758972163046
    outer loop
      vertex 20.523593902587891 21.377819061279297 14.571428298950195
      vertex 20.346145629882812 21.130348205566406 11.285714149475098
      vertex 20.143299102783203 20.900888442993164 14.571428298950195
    endloop
  endfacet
  facet normal -0.89082618513763367 0.45434426140662393 0
    outer loop
      vertex 20.523593902587891 21.377819061279297 14.571428298950195
      vertex 20.794841766357422 21.909650802612305 21.142856597900391
      vertex 20.794841766357422 21.909650802612305 14.571428298950195
    endloop
  endfacet
  facet normal -0.78186718384965248 0.6234450311126184 0
    outer loop
      vertex 20.143299102783203 20.900888442993164 21.142856597900391
      vertex 20.523593902587891 21.377819061279297 14.571428298950195
      vertex 20.143299102783203 20.900888442993164 14.571428298950195
    endloop
  endfacet
  facet normal -0.83998445883944228 0.54253185247695734 -0.0092356892612423247
    outer loop
      vertex 20.794841766357422 21.909650802612305 21.142856597900391
      vertex 20.523593902587891 21.377819061279297 14.571428298950195
      vertex 20.143299102783203 20.900888442993164 21.142856597900391
    endloop
  endfacet
  facet normal -0.84002028561018149 0.54255499238638405 -0
    outer loop
      vertex 20.794841766357422 21.909650802612305 27.714284896850586
      vertex 20.794841766357422 21.909650802612305 21.142856597900391
      vertex 20.143299102783203 20.900888442993164 21.142856597900391
    endloop
  endfacet
  facet normal -0.84002028561018149 0.54255499238638405 0
    outer loop
      vertex 20.794841766357422 21.909650802612305 27.714284896850586
      vertex 20.143299102783203 20.900888442993164 21.142856597900391
      vertex 20.143299102783203 20.900888442993164 27.714284896850586
    endloop
  endfacet
  facet normal -0.84002028561018149 0.54255499238638405 -0
    outer loop
      vertex 20.794841766357422 21.909650802612305 34.285713195800781
      vertex 20.794841766357422 21.909650802612305 27.714284896850586
      vertex 20.143299102783203 20.900888442993164 27.714284896850586
    endloop
  endfacet
  facet normal -0.84002028561018149 0.54255499238638405 0
    outer loop
      vertex 20.794841766357422 21.909650802612305 34.285713195800781
      vertex 20.143299102783203 20.900888442993164 27.714284896850586
      vertex 20.143299102783203 20.900888442993164 34.285713195800781
    endloop
  endfacet
  facet normal -0.84002028561018149 0.54255499238638405 -0
    outer loop
      vertex 20.794841766357422 21.909650802612305 40.857143402099609
      vertex 20.794841766357422 21.909650802612305 34.285713195800781
      vertex 20.143299102783203 20.900888442993164 34.285713195800781
    endloop
  endfacet
  facet normal -0.84002028561018149 0.54255499238638405 0
    outer loop
      vertex 20.794841766357422 21.909650802612305 40.857143402099609
      vertex 20.143299102783203 20.900888442993164 34.285713195800781
      vertex 20.143299102783203 20.900888442993164 40.857143402099609
    endloop
  endfacet
  facet normal -0.84002028561018149 0.54255499238638405 -0
    outer loop
      vertex 20.794841766357422 21.909650802612305 47.428569793701172
      vertex 20.794841766357422 21.909650802612305 40.857143402099609
      vertex 20.143299102783203 20.900888442993164 40.857143402099609
    endloop
  endfacet
  facet normal -0.84002028561018149 0.54255499238638405 0
    outer loop
      vertex 20.794841766357422 21.909650802612305 47.428569793701172
      vertex 20.143299102783203 20.900888442993164 40.857143402099609
      vertex 20.143299102783203 20.900888442993164 47.428569793701172
    endloop
  endfacet
  facet normal -0.84002028561018149 0.54255499238638405 -0
    outer loop
      vertex 20.794841766357422 21.909650802612305 54
      vertex 20.794841766357422 21.909650802612305 47.428569793701172
      vertex 20.143299102783203 20.900888442993164 47.428569793701172
    endloop
  endfacet
  facet normal -0.84002028561018149 0.54255499238638405 0
    outer loop
      vertex 20.794841766357422 21.909650802612305 54
      vertex 20.143299102783203 20.900888442993164 47.428569793701172
      vertex 20.143299102783203 20.900888442993164 54
    endloop
  endfacet
  facet normal -0.84002028561018149 0.54255499238638405 -0
    outer loop
      vertex 20.794841766357422 21.909650802612305 60.571430206298828
      vertex 20.794841766357422 21.909650802612305 54
      vertex 20.143299102783203 20.900888442993164 54
    endloop
  endfacet
  facet normal -0.84002028561018149 0.54255499238638405 0
    outer loop
      vertex 20.794841766357422 21.909650802612305 60.571430206298828
      vertex 20.143299102783203 20.900888442993164 54
      vertex 20.143299102783203 20.900888442993164 60.571430206298828
    endloop
  endfacet
  facet normal -0.84002028561018149 0.54255499238638405 -0
    outer loop
      vertex 20.794841766357422 21.909650802612305 67.142860412597656
      vertex 20.794841766357422 21.909650802612305 60.571430206298828
      vertex 20.143299102783203 20.900888442993164 60.571430206298828
    endloop
  endfacet
  facet normal -0.84002028561018149 0.54255499238638405 0
    outer loop
      vertex 20.794841766357422 21.909650802612305 67.142860412597656
      vertex 20.143299102783203 20.900888442993164 60.571430206298828
      vertex 20.143299102783203 20.900888442993164 67.142860412597656
    endloop
  endfacet
  facet normal -0.84002028561018149 0.54255499238638405 -0
    outer loop
      vertex 20.794841766357422 21.909650802612305 73.714286804199219
      vertex 20.794841766357422 21.909650802612305 67.142860412597656
      vertex 20.143299102783203 20.900888442993164 67.142860412597656
    endloop
  endfacet
  facet normal -0.84002028561018149 0.54255499238638405 0
    outer loop
      vertex 20.794841766357422 21.909650802612305 73.714286804199219
      vertex 20.143299102783203 20.900888442993164 67.142860412597656
      vertex 20.143299102783203 20.900888442993164 73.714286804199219
    endloop
  endfacet
  facet normal -0.84002028561018149 0.54255499238638405 -0
    outer loop
      vertex 20.794841766357422 21.909650802612305 80.285713195800781
      vertex 20.794841766357422 21.909650802612305 73.714286804199219
      vertex 20.143299102783203 20.900888442993164 73.714286804199219
    endloop
  endfacet
  facet normal -0.84002028561018149 0.54255499238638405 0
    outer loop
      vertex 20.794841766357422 21.909650802612305 80.285713195800781
      vertex 20.143299102783203 20.900888442993164 73.714286804199219
      vertex 20.143299102783203 20.900888442993164 80.285713195800781
    endloop
  endfacet
  facet normal -0.84002028561018149 0.54255499238638405 -0
    outer loop
      vertex 20.794841766357422 21.909650802612305 86.857139587402344
      vertex 20.794841766357422 21.909650802612305 80.285713195800781
      vertex 20.143299102783203 20.900888442993164 80.285713195800781
    endloop
  endfacet
  facet normal -0.84002028561018149 0.54255499238638405 0
    outer loop
      vertex 20.794841766357422 21.909650802612305 86.857139587402344
      vertex 20.143299102783203 20.900888442993164 80.285713195800781
      vertex 20.143299102783203 20.900888442993164 86.857139587402344
    endloop
  endfacet
  facet normal -0.78186718384965248 0.6234450311126184 0
    outer loop
      vertex 20.523593902587891 21.377819061279297 93.428573608398438
      vertex 20.143299102783203 20.900888442993164 86.857139587402344
      vertex 20.143299102783203 20.900888442993164 93.428573608398438
    endloop
  endfacet
  facet normal -0.89082618513763367 0.45434426140662387 0
    outer loop
      vertex 20.794841766357422 21.909650802612305 86.857139587402344
      vertex 20.523593902587891 21.377819061279297 93.428573608398438
      vertex 20.794841766357422 21.909650802612305 93.428573608398438
    endloop
  endfacet
  facet normal -0.83998445890183038 0.54253185251725267 0.0092356812199944089
    outer loop
      vertex 20.143299102783203 20.900888442993164 86.857139587402344
      vertex 20.523593902587891 21.377819061279297 93.428573608398438
      vertex 20.794841766357422 21.909650802612305 86.857139587402344
    endloop
  endfacet
  facet normal -0.78186718384965248 0.6234450311126184 -0
    outer loop
      vertex 20.523593902587891 21.377819061279297 96.714286804199219
      vertex 20.523593902587891 21.377819061279297 93.428573608398438
      vertex 20.143299102783203 20.900888442993164 93.428573608398438
    endloop
  endfacet
  facet normal -0.78186718384965248 0.6234450311126184 1.0850586871358932e-17
    outer loop
      vertex 20.523593902587891 21.377819061279297 96.714286804199219
      vertex 20.143299102783203 20.900888442993164 93.428573608398438
      vertex 20.143299102783203 20.900888442993164 96.714286804199219
    endloop
  endfacet
  facet normal -0.89082618513763367 0.45434426140662387 -0
    outer loop
      vertex 20.794841766357422 21.909650802612305 96.714286804199219
      vertex 20.794841766357422 21.909650802612305 93.428573608398438
      vertex 20.523593902587891 21.377819061279297 93.428573608398438
    endloop
  endfacet
  facet normal -0.89082618513763367 0.45434426140662387 0
    outer loop
      vertex 20.794841766357422 21.909650802612305 96.714286804199219
      vertex 20.523593902587891 21.377819061279297 93.428573608398438
      vertex 20.523593902587891 21.377819061279297 96.714286804199219
    endloop
  endfacet
  facet normal -0.96207437341492386 0.27278727979559791 0
    outer loop
      vertex 20.951204299926758 22.461114883422852 14.571428298950195
      vertex 20.951204299926758 22.461114883422852 11.285714149475098
      vertex 20.794841766357422 21.909650802612305 11.285714149475098
    endloop
  endfacet
  facet normal -0.96207437341492386 0.27278727979559791 0
    outer loop
      vertex 20.951204299926758 22.461114883422852 14.571428298950195
      vertex 20.794841766357422 21.909650802612305 11.285714149475098
      vertex 20.794841766357422 21.909650802612305 14.571428298950195
    endloop
  endfacet
  facet normal -0.96207437341492386 0.27278727979559791 0
    outer loop
      vertex 20.951204299926758 22.461114883422852 96.714286804199219
      vertex 20.951204299926758 22.461114883422852 93.428573608398438
      vertex 20.794841766357422 21.909650802612305 93.428573608398438
    endloop
  endfacet
  facet normal -0.96207437341492386 0.27278727979559791 0
    outer loop
      vertex 20.951204299926758 22.461114883422852 96.714286804199219
      vertex 20.794841766357422 21.909650802612305 93.428573608398438
      vertex 20.794841766357422 21.909650802612305 96.714286804199219
    endloop
  endfacet
  facet normal -0.094378326383516356 0.99553640390949361 0
    outer loop
      vertex 18.563745498657227 20.053443908691406 14.571428298950195
      vertex 18 20 11
      vertex 18 20 15.684210777282715
    endloop
  endfacet
  facet normal -0.094378326383516356 0.99553640390949361 0
    outer loop
      vertex 18 20 20.36842155456543
      vertex 18.563745498657227 20.053443908691406 14.571428298950195
      vertex 18 20 15.684210777282715
    endloop
  endfacet
  facet normal -0.120163870314566 0.99274555445974733 0.0041119790166410149
    outer loop
      vertex 18.718652725219727 20.087348937988281 10.912651062011719
      vertex 18 20 11
      vertex 18.563745498657227 20.053443908691406 14.571428298950195
    endloop
  endfacet
  facet normal -0.18759782983483611 0.98220294689792143 -0.0091883266321236366
    outer loop
      vertex 18 20 20.36842155456543
      vertex 19.139730453491211 20.224929809570312 21.142856597900391
      vertex 18.563745498657227 20.053443908691406 14.571428298950195
    endloop
  endfacet
  facet normal -0.19361895489416656 0.98107680652724161 -0
    outer loop
      vertex 19.139730453491211 20.224929809570312 21.142856597900391
      vertex 18 20 20.36842155456543
      vertex 18 20 25.052631378173828
    endloop
  endfacet
  facet normal -0.19361895489416656 0.98107680652724161 -0
    outer loop
      vertex 18 20 25.052631378173828
      vertex 18 20 29.736841201782227
      vertex 19.139730453491211 20.224929809570312 27.714284896850586
    endloop
  endfacet
  facet normal -0.19361895489416656 0.98107680652724161 0
    outer loop
      vertex 18 20 34.421051025390625
      vertex 19.139730453491211 20.224929809570312 34.285713195800781
      vertex 19.139730453491211 20.224929809570312 27.714284896850586
    endloop
  endfacet
  facet normal -0.19361895489416656 0.98107680652724161 0
    outer loop
      vertex 18 20 34.421051025390625
      vertex 19.139730453491211 20.224929809570312 27.714284896850586
      vertex 18 20 29.736841201782227
    endloop
  endfacet
  facet normal -0.19361895489416656 0.98107680652724161 -0
    outer loop
      vertex 18 20 39.105262756347656
      vertex 18 20 43.789474487304688
      vertex 19.139730453491211 20.224929809570312 40.857143402099609
    endloop
  endfacet
  facet normal -0.19361895489416656 0.98107680652724161 -0
    outer loop
      vertex 18 20 43.789474487304688
      vertex 18 20 48.473682403564453
      vertex 19.139730453491211 20.224929809570312 47.428569793701172
    endloop
  endfacet
  facet normal -0.19361895489416656 0.98107680652724161 0
    outer loop
      vertex 18 20 39.105262756347656
      vertex 19.139730453491211 20.224929809570312 40.857143402099609
      vertex 19.139730453491211 20.224929809570312 34.285713195800781
    endloop
  endfacet
  facet normal -0.19361895489416656 0.98107680652724161 0
    outer loop
      vertex 18 20 39.105262756347656
      vertex 19.139730453491211 20.224929809570312 34.285713195800781
      vertex 18 20 34.421051025390625
    endloop
  endfacet
  facet normal -0.30721965513489646 0.95162941226502784 -0.0041887003846795062
    outer loop
      vertex 19.139730453491211 20.224929809570312 11.285714149475098
      vertex 18.718652725219727 20.087348937988281 10.912651062011719
      vertex 18.563745498657227 20.053443908691406 14.571428298950195
    endloop
  endfacet
  facet normal -0.42555981013667493 0.90492339517828035 -0.0035350891715801962
    outer loop
      vertex 19.410482406616211 20.352256774902344 11.285714149475098
      vertex 19.363668441772461 20.327844619750977 10.672154426574707
      vertex 19.139730453491211 20.224929809570312 11.285714149475098
    endloop
  endfacet
  facet normal -0.33784615969999843 0.94057036932511151 0.034457984903157865
    outer loop
      vertex 18.718652725219727 20.087348937988281 10.912651062011719
      vertex 19.139730453491211 20.224929809570312 11.285714149475098
      vertex 19.363668441772461 20.327844619750977 10.672154426574707
    endloop
  endfacet
  facet normal -0.51422948977292504 0.85763739551752161 0.0051117176956059374
    outer loop
      vertex 19.670953750610352 20.508432388305664 11.285714149475098
      vertex 19.363668441772461 20.327844619750977 10.672154426574707
      vertex 19.410482406616211 20.352256774902344 11.285714149475098
    endloop
  endfacet
  facet normal -0.59871327450418599 0.80096236575859903 -0.0013052091262845508
    outer loop
      vertex 19.916635513305664 20.69207763671875 11.285714149475098
      vertex 19.895879745483398 20.674997329711914 10.325002670288086
      vertex 19.670953750610352 20.508432388305664 11.285714149475098
    endloop
  endfacet
  facet normal -0.53677032099426947 0.84347766255704126 0.020568307344526904
    outer loop
      vertex 19.363668441772461 20.327844619750977 10.672154426574707
      vertex 19.670953750610352 20.508432388305664 11.285714149475098
      vertex 19.895879745483398 20.674997329711914 10.325002670288086
    endloop
  endfacet
  facet normal -0.67754814864975377 0.73547676079076685 0.0015622413425836806
    outer loop
      vertex 20.143299102783203 20.900888442993164 11.285714149475098
      vertex 19.895879745483398 20.674997329711914 10.325002670288086
      vertex 19.916635513305664 20.69207763671875 11.285714149475098
    endloop
  endfacet
  facet normal -0.28534807042112931 0.95842395562033933 0
    outer loop
      vertex 18.563745498657227 20.053443908691406 14.571428298950195
      vertex 19.139730453491211 20.224929809570312 21.142856597900391
      vertex 19.139730453491211 20.224929809570312 14.571428298950195
    endloop
  endfacet
  facet normal -0.19361895489416656 0.98107680652724161 0
    outer loop
      vertex 18 20 25.052631378173828
      vertex 19.139730453491211 20.224929809570312 27.714284896850586
      vertex 19.139730453491211 20.224929809570312 21.142856597900391
    endloop
  endfacet
  facet normal -0.19361895489416656 0.98107680652724161 0
    outer loop
      vertex 18 20 43.789474487304688
      vertex 19.139730453491211 20.224929809570312 47.428569793701172
      vertex 19.139730453491211 20.224929809570312 40.857143402099609
    endloop
  endfacet
  facet normal -0.19361895489416658 0.98107680652724172 0
    outer loop
      vertex 19.139730453491211 20.224929809570312 47.428569793701172
      vertex 18 20 48.473682403564453
      vertex 18 20 53.157894134521484
    endloop
  endfacet
  facet normal -0.19361895489416656 0.98107680652724161 0
    outer loop
      vertex 19.139730453491211 20.224929809570312 47.428569793701172
      vertex 18 20 53.157894134521484
      vertex 19.139730453491211 20.224929809570312 54
    endloop
  endfacet
  facet normal -0.19361895489416656 0.98107680652724161 -0
    outer loop
      vertex 18 20 57.842105865478516
      vertex 18 20 62.526317596435547
      vertex 19.139730453491211 20.224929809570312 60.571430206298828
    endloop
  endfacet
  facet normal -0.19361895489416658 0.98107680652724172 0
    outer loop
      vertex 18 20 67.210525512695312
      vertex 19.139730453491211 20.224929809570312 67.142860412597656
      vertex 19.139730453491211 20.224929809570312 60.571430206298828
    endloop
  endfacet
  facet normal -0.19361895489416656 0.98107680652724161 0
    outer loop
      vertex 18 20 67.210525512695312
      vertex 19.139730453491211 20.224929809570312 60.571430206298828
      vertex 18 20 62.526317596435547
    endloop
  endfacet
  facet normal -0.19361895489416656 0.98107680652724161 -0
    outer loop
      vertex 18 20 71.894737243652344
      vertex 18 20 76.578948974609375
      vertex 19.139730453491211 20.224929809570312 73.714286804199219
    endloop
  endfacet
  facet normal -0.19361895489416656 0.98107680652724161 -0
    outer loop
      vertex 18 20 76.578948974609375
      vertex 18 20 81.263160705566406
      vertex 19.139730453491211 20.224929809570312 80.285713195800781
    endloop
  endfacet
  facet normal -0.19361895489416656 0.98107680652724161 0
    outer loop
      vertex 18 20 71.894737243652344
      vertex 19.139730453491211 20.224929809570312 73.714286804199219
      vertex 19.139730453491211 20.224929809570312 67.142860412597656
    endloop
  endfacet
  facet normal -0.19361895489416656 0.98107680652724161 0
    outer loop
      vertex 18 20 71.894737243652344
      vertex 19.139730453491211 20.224929809570312 67.142860412597656
      vertex 18 20 67.210525512695312
    endloop
  endfacet
  facet normal -0.19361895489416656 0.98107680652724161 -0
    outer loop
      vertex 18 20 85.947364807128906
      vertex 18 20 90.631576538085938
      vertex 19.139730453491211 20.224929809570312 86.857139587402344
    endloop
  endfacet
  facet normal -0.15441596038469957 0.98793002933431706 0.012246155231989048
    outer loop
      vertex 19.139730453491211 20.224929809570312 86.857139587402344
      vertex 18 20 90.631576538085938
      vertex 18.563745498657227 20.053443908691406 93.428573608398438
    endloop
  endfacet
  facet normal -0.09437832638351637 0.99553640390949372 0
    outer loop
      vertex 18.563745498657227 20.053443908691406 96.714286804199219
      vertex 18 20 95.315788269042969
      vertex 18 20 100
    endloop
  endfacet
  facet normal -0.09437832638351637 0.99553640390949372 0
    outer loop
      vertex 18 20 90.631576538085938
      vertex 18 20 95.315788269042969
      vertex 18.563745498657227 20.053443908691406 93.428573608398438
    endloop
  endfacet
  facet normal -0.094378326383516356 0.99553640390949361 0
    outer loop
      vertex 18.563745498657227 20.053443908691406 93.428573608398438
      vertex 18 20 95.315788269042969
      vertex 18.563745498657227 20.053443908691406 96.714286804199219
    endloop
  endfacet
  facet normal -0.19361895489416656 0.98107680652724161 0
    outer loop
      vertex 18 20 85.947364807128906
      vertex 19.139730453491211 20.224929809570312 86.857139587402344
      vertex 19.139730453491211 20.224929809570312 80.285713195800781
    endloop
  endfacet
  facet normal -0.19361895489416656 0.98107680652724161 0
    outer loop
      vertex 18 20 85.947364807128906
      vertex 19.139730453491211 20.224929809570312 80.285713195800781
      vertex 18 20 81.263160705566406
    endloop
  endfacet
  facet normal -0.19361895489416656 0.98107680652724161 -0
    outer loop
      vertex 19.139730453491211 20.224929809570312 54
      vertex 18 20 53.157894134521484
      vertex 18 20 57.842105865478516
    endloop
  endfacet
  facet normal -0.28534807042112931 0.95842395562033933 0
    outer loop
      vertex 19.139730453491211 20.224929809570312 86.857139587402344
      vertex 18.563745498657227 20.053443908691406 93.428573608398438
      vertex 19.139730453491211 20.224929809570312 93.428573608398438
    endloop
  endfacet
  facet normal -0.19361895489416656 0.98107680652724161 0
    outer loop
      vertex 19.139730453491211 20.224929809570312 73.714286804199219
      vertex 18 20 76.578948974609375
      vertex 19.139730453491211 20.224929809570312 80.285713195800781
    endloop
  endfacet
  facet normal -0.28534790040802555 0.95842338458219933 0.0010916129046131197
    outer loop
      vertex 19.139730453491211 20.224929809570312 96.714286804199219
      vertex 18.563745498657227 20.053443908691406 96.714286804199219
      vertex 19.104284286499023 20.210634231567383 100
    endloop
  endfacet
  facet normal -0.187340292935329 0.98216201695794625 -0.016167470055767748
    outer loop
      vertex 18 20 100
      vertex 19.104284286499023 20.210634231567383 100
      vertex 18.563745498657227 20.053443908691406 96.714286804199219
    endloop
  endfacet
  facet normal -0.4705393571042587 0.88169028239627756 -0.034856266924096477
    outer loop
      vertex 20.121320724487305 20.878679275512695 100
      vertex 19.670953750610352 20.508432388305664 96.714286804199219
      vertex 19.139730453491211 20.224929809570312 96.714286804199219
    endloop
  endfacet
  facet normal -0.54900816367598226 0.83581386056539153 -0.0022861985701280838
    outer loop
      vertex 20.121320724487305 20.878679275512695 100
      vertex 19.139730453491211 20.224929809570312 96.714286804199219
      vertex 19.104284286499023 20.210634231567383 100
    endloop
  endfacet
  facet normal -0.63906380566634158 0.76915316948989676 0.00092420284493000275
    outer loop
      vertex 19.670953750610352 20.508432388305664 96.714286804199219
      vertex 20.121320724487305 20.878679275512695 100
      vertex 20.143299102783203 20.900888442993164 96.714286804199219
    endloop
  endfacet
  facet normal -0.19361895489416656 0.98107680652724161 0
    outer loop
      vertex 19.139730453491211 20.224929809570312 54
      vertex 18 20 57.842105865478516
      vertex 19.139730453491211 20.224929809570312 60.571430206298828
    endloop
  endfacet
  facet normal -0.74921781916300267 0.66232192936157308 -0.0015235929238430585
    outer loop
      vertex 20.346145629882812 21.130348205566406 11.285714149475098
      vertex 20.315340042114258 21.092330932617188 9.9076700210571289
      vertex 20.143299102783203 20.900888442993164 11.285714149475098
    endloop
  endfacet
  facet normal -0.69922755207190479 0.714798326733599 0.012007602690748591
    outer loop
      vertex 19.895879745483398 20.674997329711914 10.325002670288086
      vertex 20.143299102783203 20.900888442993164 11.285714149475098
      vertex 20.315340042114258 21.092330932617188 9.9076700210571289
    endloop
  endfacet
  facet normal -0.81266892011332947 0.58272193604291067 0.0020908219046620415
    outer loop
      vertex 20.315340042114258 21.092330932617188 9.9076700210571289
      vertex 20.346145629882812 21.130348205566406 11.285714149475098
      vertex 20.523593902587891 21.377819061279297 11.285714149475098
    endloop
  endfacet
  facet normal -0.89081150764238204 0.45433677550662377 0.0057404071414871617
    outer loop
      vertex 20.523593902587891 21.377819061279297 11.285714149475098
      vertex 20.794841766357422 21.909650802612305 11.285714149475098
      vertex 20.833547592163086 22.014604568481445 8.9853963851928711
    endloop
  endfacet
  facet normal -0.86076382203867763 0.50840219569039025 0.024755809147709296
    outer loop
      vertex 20.833547592163086 22.014604568481445 8.9853963851928711
      vertex 20.315340042114258 21.092330932617188 9.9076700210571289
      vertex 20.523593902587891 21.377819061279297 11.285714149475098
    endloop
  endfacet
  facet normal -0.96207437341492386 0.27278727979559791 0
    outer loop
      vertex 20.951204299926758 22.461114883422852 14.571428298950195
      vertex 20.794841766357422 21.909650802612305 14.571428298950195
      vertex 20.794841766357422 21.909650802612305 21.142856597900391
    endloop
  endfacet
  facet normal -0.98275480819877992 0.18491345803423584 0
    outer loop
      vertex 20.794841766357422 21.909650802612305 27.714284896850586
      vertex 21 23 27.36842155456543
      vertex 21 23 22.526315689086914
    endloop
  endfacet
  facet normal -0.98275480819878003 0.18491345803423587 0
    outer loop
      vertex 20.794841766357422 21.909650802612305 27.714284896850586
      vertex 21 23 22.526315689086914
      vertex 20.794841766357422 21.909650802612305 21.142856597900391
    endloop
  endfacet
  facet normal -0.98275480819878003 0.18491345803423587 0
    outer loop
      vertex 20.794841766357422 21.909650802612305 40.857143402099609
      vertex 21 23 41.894737243652344
      vertex 21 23 37.052631378173828
    endloop
  endfacet
  facet normal -0.98275480819877992 0.18491345803423587 0
    outer loop
      vertex 20.794841766357422 21.909650802612305 40.857143402099609
      vertex 21 23 37.052631378173828
      vertex 20.794841766357422 21.909650802612305 34.285713195800781
    endloop
  endfacet
  facet normal -0.98275480819877992 0.18491345803423584 0
    outer loop
      vertex 20.794841766357422 21.909650802612305 47.428569793701172
      vertex 21 23 46.736843109130859
      vertex 21 23 41.894737243652344
    endloop
  endfacet
  facet normal -0.98275480819878003 0.18491345803423587 0
    outer loop
      vertex 20.794841766357422 21.909650802612305 47.428569793701172
      vertex 21 23 41.894737243652344
      vertex 20.794841766357422 21.909650802612305 40.857143402099609
    endloop
  endfacet
  facet normal -0.98275480819877992 0.18491345803423587 0
    outer loop
      vertex 20.794841766357422 21.909650802612305 34.285713195800781
      vertex 21 23 32.210525512695312
      vertex 21 23 27.36842155456543
    endloop
  endfacet
  facet normal -0.98275480819877992 0.18491345803423584 0
    outer loop
      vertex 20.794841766357422 21.909650802612305 34.285713195800781
      vertex 21 23 27.36842155456543
      vertex 20.794841766357422 21.909650802612305 27.714284896850586
    endloop
  endfacet
  facet normal -0.98332608863117577 0.18122149590297909 0.015118625598899616
    outer loop
      vertex 21 23 8
      vertex 20.833547592163086 22.014604568481445 8.9853963851928711
      vertex 20.951204299926758 22.461114883422852 11.285714149475098
    endloop
  endfacet
  facet normal -0.99592544606456856 0.090180407412531222 0
    outer loop
      vertex 21 23 12.842104911804199
      vertex 20.951204299926758 22.461114883422852 11.285714149475098
      vertex 20.951204299926758 22.461114883422852 14.571428298950195
    endloop
  endfacet
  facet normal -0.98835708569115066 0.15176969885904212 -0.01078098661214889
    outer loop
      vertex 20.794841766357422 21.909650802612305 21.142856597900391
      vertex 21 23 17.684209823608398
      vertex 20.951204299926758 22.461114883422852 14.571428298950195
    endloop
  endfacet
  facet normal -0.99592544606456845 0.090180407412531208 0
    outer loop
      vertex 20.951204299926758 22.461114883422852 11.285714149475098
      vertex 21 23 12.842104911804199
      vertex 21 23 8
    endloop
  endfacet
  facet normal -0.99592544606456845 0.090180407412531208 0
    outer loop
      vertex 20.951204299926758 22.461114883422852 14.571428298950195
      vertex 21 23 17.684209823608398
      vertex 21 23 12.842104911804199
    endloop
  endfacet
  facet normal -0.98275480819878003 0.18491345803423587 0
    outer loop
      vertex 20.794841766357422 21.909650802612305 21.142856597900391
      vertex 21 23 22.526315689086914
      vertex 21 23 17.684209823608398
    endloop
  endfacet
  facet normal -0.98275480819878003 0.18491345803423587 0
    outer loop
      vertex 21 23 32.210525512695312
      vertex 20.794841766357422 21.909650802612305 34.285713195800781
      vertex 21 23 37.052631378173828
    endloop
  endfacet
  facet normal -0.96206763766634484 0.27278536993646119 -0.0037419919463291657
    outer loop
      vertex 20.951204299926758 22.461114883422852 11.285714149475098
      vertex 20.833547592163086 22.014604568481445 8.9853963851928711
      vertex 20.794841766357422 21.909650802612305 11.285714149475098
    endloop
  endfacet
  facet normal -0.98275480819878003 0.18491345803423587 0
    outer loop
      vertex 21 23 51.578948974609375
      vertex 21 23 46.736843109130859
      vertex 20.794841766357422 21.909650802612305 47.428569793701172
    endloop
  endfacet
  facet normal -0.98275480819878003 0.18491345803423587 0
    outer loop
      vertex 20.794841766357422 21.909650802612305 67.142860412597656
      vertex 21 23 66.105262756347656
      vertex 21 23 61.263156890869141
    endloop
  endfacet
  facet normal -0.98275480819877992 0.18491345803423587 0
    outer loop
      vertex 20.794841766357422 21.909650802612305 67.142860412597656
      vertex 21 23 61.263156890869141
      vertex 20.794841766357422 21.909650802612305 60.571430206298828
    endloop
  endfacet
  facet normal -0.98275480819878003 0.18491345803423587 0
    outer loop
      vertex 20.794841766357422 21.909650802612305 73.714286804199219
      vertex 21 23 70.947364807128906
      vertex 21 23 66.105262756347656
    endloop
  endfacet
  facet normal -0.98275480819878003 0.18491345803423587 0
    outer loop
      vertex 20.794841766357422 21.909650802612305 73.714286804199219
      vertex 21 23 66.105262756347656
      vertex 20.794841766357422 21.909650802612305 67.142860412597656
    endloop
  endfacet
  facet normal -0.98275480819877992 0.18491345803423584 0
    outer loop
      vertex 20.794841766357422 21.909650802612305 86.857139587402344
      vertex 21 23 85.473686218261719
      vertex 21 23 80.631576538085938
    endloop
  endfacet
  facet normal -0.98275480819878003 0.18491345803423587 0
    outer loop
      vertex 20.794841766357422 21.909650802612305 86.857139587402344
      vertex 21 23 80.631576538085938
      vertex 20.794841766357422 21.909650802612305 80.285713195800781
    endloop
  endfacet
  facet normal -0.98835708357255969 0.15176971341294473 0.010780975952904229
    outer loop
      vertex 21 23 90.315788269042969
      vertex 20.794841766357422 21.909650802612305 86.857139587402344
      vertex 20.951204299926758 22.461114883422852 93.428573608398438
    endloop
  endfacet
  facet normal -0.98275480819878003 0.18491345803423587 0
    outer loop
      vertex 20.794841766357422 21.909650802612305 80.285713195800781
      vertex 21 23 80.631576538085938
      vertex 21 23 75.789474487304688
    endloop
  endfacet
  facet normal -0.98275480819878003 0.18491345803423587 0
    outer loop
      vertex 20.794841766357422 21.909650802612305 80.285713195800781
      vertex 21 23 75.789474487304688
      vertex 20.794841766357422 21.909650802612305 73.714286804199219
    endloop
  endfacet
  facet normal -0.78138804919609639 0.62306297885980144 -0.035003441943176269
    outer loop
      vertex 20.789365768432617 21.895715713500977 100
      vertex 20.523593902587891 21.377819061279297 96.714286804199219
      vertex 20.143299102783203 20.900888442993164 96.714286804199219
    endloop
  endfacet
  facet normal -0.8358145679457335 0.54900862832200081 -0.0018799036363863499
    outer loop
      vertex 20.789365768432617 21.895715713500977 100
      vertex 20.143299102783203 20.900888442993164 96.714286804199219
      vertex 20.121320724487305 20.878679275512695 100
    endloop
  endfacet
  facet normal -0.89082609801445223 0.45434421697156108 0.00044226784263565221
    outer loop
      vertex 20.794841766357422 21.909650802612305 96.714286804199219
      vertex 20.523593902587891 21.377819061279297 96.714286804199219
      vertex 20.789365768432617 21.895715713500977 100
    endloop
  endfacet
  facet normal -0.96207437341492386 0.27278727979559791 0
    outer loop
      vertex 20.794841766357422 21.909650802612305 86.857139587402344
      vertex 20.794841766357422 21.909650802612305 93.428573608398438
      vertex 20.951204299926758 22.461114883422852 93.428573608398438
    endloop
  endfacet
  facet normal -0.96207427752326646 0.27278725260640641 -0.00044647904010477563
    outer loop
      vertex 20.951204299926758 22.461114883422852 96.714286804199219
      vertex 20.794841766357422 21.909650802612305 96.714286804199219
      vertex 20.789365768432617 21.895715713500977 100
    endloop
  endfacet
  facet normal -0.98275480819878003 0.18491345803423587 0
    outer loop
      vertex 20.794841766357422 21.909650802612305 60.571430206298828
      vertex 21 23 61.263156890869141
      vertex 21 23 56.421051025390625
    endloop
  endfacet
  facet normal -0.98275480819877992 0.18491345803423587 0
    outer loop
      vertex 20.794841766357422 21.909650802612305 60.571430206298828
      vertex 21 23 56.421051025390625
      vertex 20.794841766357422 21.909650802612305 54
    endloop
  endfacet
  facet normal -0.98275480819877992 0.18491345803423584 0
    outer loop
      vertex 21 23 70.947364807128906
      vertex 20.794841766357422 21.909650802612305 73.714286804199219
      vertex 21 23 75.789474487304688
    endloop
  endfacet
  facet normal -0.98275480819878003 0.18491345803423587 0
    outer loop
      vertex 20.794841766357422 21.909650802612305 86.857139587402344
      vertex 21 23 90.315788269042969
      vertex 21 23 85.473686218261719
    endloop
  endfacet
  facet normal -0.99592544606456856 0.090180407412531222 0
    outer loop
      vertex 20.951204299926758 22.461114883422852 93.428573608398438
      vertex 21 23 95.15789794921875
      vertex 21 23 90.315788269042969
    endloop
  endfacet
  facet normal -0.99592544606456845 0.090180407412531208 0
    outer loop
      vertex 20.951204299926758 22.461114883422852 93.428573608398438
      vertex 20.951204299926758 22.461114883422852 96.714286804199219
      vertex 21 23 95.15789794921875
    endloop
  endfacet
  facet normal -0.99592544606456845 0.090180407412531208 0
    outer loop
      vertex 20.951204299926758 22.461114883422852 96.714286804199219
      vertex 21 23 100
      vertex 21 23 95.15789794921875
    endloop
  endfacet
  facet normal -0.98216246146397213 0.18734037772163478 -0.016139459908768063
    outer loop
      vertex 20.789365768432617 21.895715713500977 100
      vertex 21 23 100
      vertex 20.951204299926758 22.461114883422852 96.714286804199219
    endloop
  endfacet
  facet normal -0.98275480819878003 0.18491345803423587 0
    outer loop
      vertex 21 23 51.578948974609375
      vertex 20.794841766357422 21.909650802612305 54
      vertex 21 23 56.421051025390625
    endloop
  endfacet
  facet normal -0.98275480819877992 0.18491345803423587 0
    outer loop
      vertex 21 23 51.578948974609375
      vertex 20.794841766357422 21.909650802612305 47.428569793701172
      vertex 20.794841766357422 21.909650802612305 54
    endloop
  endfacet
  facet normal 0.98098549210784702 0.19360093367265535 0.013643414345444129
    outer loop
      vertex -19.775070190429688 21.860269546508789 3
      vertex -20 23 3
      vertex -19.833547592163086 22.014604568481445 5.0146040916442871
    endloop
  endfacet
  facet normal 0.82861417071318688 0.5581171779979841 0.043632232545040173
    outer loop
      vertex -19.099111557006836 20.856700897216797 3
      vertex -19.775070190429688 21.860269546508789 3
      vertex -19.315340042114258 21.092330932617188 4.0923304557800293
    endloop
  endfacet
  facet normal 0.86605889516107148 0.49976908015309135 -0.013147495400918262
    outer loop
      vertex -19.315340042114258 21.092330932617188 4.0923304557800293
      vertex -19.775070190429688 21.860269546508789 3
      vertex -19.833547592163086 22.014604568481445 5.0146040916442871
    endloop
  endfacet
  facet normal 0.98603135044922852 0.1665598268829275 -0
    outer loop
      vertex -20 23 6
      vertex -19.833547592163086 22.014604568481445 5.0146040916442871
      vertex -20 23 4.5
    endloop
  endfacet
  facet normal 0.98603135044922852 0.1665598268829275 -0
    outer loop
      vertex -20 23 3
      vertex -20 23 4.5
      vertex -19.833547592163086 22.014604568481445 5.0146040916442871
    endloop
  endfacet
  facet normal 0.53746386015339065 0.83213785081103286 0.13667185619801867
    outer loop
      vertex -18.363668441772461 20.327844619750977 3.3278453350067139
      vertex -18.090349197387695 20.205158233642578 3
      vertex -19.099111557006836 20.856700897216797 3
    endloop
  endfacet
  facet normal 0.16280157466249265 0.86523734931329421 0.47419402847433345
    outer loop
      vertex -17.718652725219727 20.087348937988281 3.0873486995697021
      vertex -17 20 3
      vertex -18.090349197387695 20.205158233642578 3
    endloop
  endfacet
  facet normal 0.56831341586840622 0.82129314447798185 0.04997431517742517
    outer loop
      vertex -19.099111557006836 20.856700897216797 3
      vertex -18.895879745483398 20.674997329711914 3.6749973297119141
      vertex -18.363668441772461 20.327844619750977 3.3278453350067139
    endloop
  endfacet
  facet normal 0.31947208343448658 0.94361362968750906 -0.086780791503608651
    outer loop
      vertex -18.090349197387695 20.205158233642578 3
      vertex -18.363668441772461 20.327844619750977 3.3278453350067139
      vertex -17.718652725219727 20.087348937988281 3.0873486995697021
    endloop
  endfacet
  facet normal 0.69678099211389555 0.71708818795564266 -0.016756483022058923
    outer loop
      vertex -19.315340042114258 21.092330932617188 4.0923304557800293
      vertex -18.895879745483398 20.674997329711914 3.6749973297119141
      vertex -19.099111557006836 20.856700897216797 3
    endloop
  endfacet
  facet normal -0.1873652567657248 0 -0.98229031378565157
    outer loop
      vertex 0.5 18.5 31
      vertex 2.5245208740234375 17 30.613836288452148
      vertex 0.5 17 31
    endloop
  endfacet
  facet normal -0.54900949741985794 -0 -0.83581611120078014
    outer loop
      vertex 2.5245208740234375 20 30.613836288452148
      vertex 4.3890872001647949 20 29.389087677001953
      vertex 4.3890872001647949 17 29.389087677001953
    endloop
  endfacet
  facet normal -0.54900949741985794 0 -0.83581611120078014
    outer loop
      vertex 2.5245208740234375 20 30.613836288452148
      vertex 4.3890872001647949 17 29.389087677001953
      vertex 2.5245208740234375 17 30.613836288452148
    endloop
  endfacet
  facet normal -0.1873652567657248 0 -0.98229031378565157
    outer loop
      vertex 0.5 20 31
      vertex 2.5245208740234375 20 30.613836288452148
      vertex 0.5 18.5 31
    endloop
  endfacet
  facet normal -0.1873652567657248 -0 -0.98229031378565157
    outer loop
      vertex 2.5245208740234375 17 30.613836288452148
      vertex 0.5 18.5 31
      vertex 2.5245208740234375 20 30.613836288452148
    endloop
  endfacet
  facet normal -0.98229027120455359 0 -0.1873654800033473
    outer loop
      vertex 6 18.5 25.5
      vertex 6 17 25.5
      vertex 5.6138358116149902 17 27.524520874023438
    endloop
  endfacet
  facet normal -0.98229027120455359 0 -0.1873654800033473
    outer loop
      vertex 5.6138358116149902 20 27.524520874023438
      vertex 6 20 25.5
      vertex 6 18.5 25.5
    endloop
  endfacet
  facet normal -0.98229027120455359 0 -0.1873654800033473
    outer loop
      vertex 5.6138358116149902 20 27.524520874023438
      vertex 6 18.5 25.5
      vertex 5.6138358116149902 17 27.524520874023438
    endloop
  endfacet
  facet normal -0.83581617562699129 0 -0.54900939933690607
    outer loop
      vertex 5.6138358116149902 17 27.524520874023438
      vertex 4.3890872001647949 17 29.389087677001953
      vertex 4.3890872001647949 20 29.389087677001953
    endloop
  endfacet
  facet normal -0.83581617562699129 0 -0.54900939933690607
    outer loop
      vertex 5.6138358116149902 17 27.524520874023438
      vertex 4.3890872001647949 20 29.389087677001953
      vertex 5.6138358116149902 20 27.524520874023438
    endloop
  endfacet
  facet normal -1 0 -0
    outer loop
      vertex 6 18.5 25.5
      vertex 6 17 21
      vertex 6 17 25.5
    endloop
  endfacet
  facet normal -1 -0 -0
    outer loop
      vertex 6 18.5 25.5
      vertex 6 20 25.5
      vertex 6 20 21
    endloop
  endfacet
  facet normal -1 0 0
    outer loop
      vertex 6 20 21
      vertex 6 17 21
      vertex 6 18.5 25.5
    endloop
  endfacet
  facet normal -1 -0 0
    outer loop
      vertex 6 17 21
      vertex 6 20 21
      vertex 6 18.5 16.5
    endloop
  endfacet
  facet normal -1 -0 0
    outer loop
      vertex 6 18.5 16.5
      vertex 6 20 21
      vertex 6 20 16.5
    endloop
  endfacet
  facet normal -1 -0 0
    outer loop
      vertex 6 17 16.5
      vertex 6 17 21
      vertex 6 18.5 16.5
    endloop
  endfacet
  facet normal -0.98229027120455359 0 -0.1873654800033473
    outer loop
      vertex 6 18.5 16.5
      vertex 6.3861641883850098 17 14.475479125976562
      vertex 6 17 16.5
    endloop
  endfacet
  facet normal -0.83581617562699129 -0 -0.54900939933690607
    outer loop
      vertex 6.3861641883850098 20 14.475479125976562
      vertex 7.6109127998352051 20 12.610912322998047
      vertex 7.6109127998352051 17 12.610912322998047
    endloop
  endfacet
  facet normal -0.83581617562699129 0 -0.54900939933690607
    outer loop
      vertex 6.3861641883850098 20 14.475479125976562
      vertex 7.6109127998352051 17 12.610912322998047
      vertex 6.3861641883850098 17 14.475479125976562
    endloop
  endfacet
  facet normal -0.98229027120455359 0 -0.1873654800033473
    outer loop
      vertex 6 20 16.5
      vertex 6.3861641883850098 20 14.475479125976562
      vertex 6 18.5 16.5
    endloop
  endfacet
  facet normal -0.98229027120455359 -0 -0.1873654800033473
    outer loop
      vertex 6.3861641883850098 17 14.475479125976562
      vertex 6 18.5 16.5
      vertex 6.3861641883850098 20 14.475479125976562
    endloop
  endfacet
  facet normal -0.18736570324094073 0 -0.98229022862340831
    outer loop
      vertex 11.5 18.5 11
      vertex 11.5 17 11
      vertex 9.4754791259765625 17 11.386164665222168
    endloop
  endfacet
  facet normal -0.18736570324094073 0 -0.98229022862340831
    outer loop
      vertex 9.4754791259765625 20 11.386164665222168
      vertex 11.5 18.5 11
      vertex 9.4754791259765625 17 11.386164665222168
    endloop
  endfacet
  facet normal -0.5490091987752912 0 -0.83581630736670409
    outer loop
      vertex 9.4754791259765625 17 11.386164665222168
      vertex 7.6109127998352051 17 12.610912322998047
      vertex 7.6109127998352051 20 12.610912322998047
    endloop
  endfacet
  facet normal -0.5490091987752912 0 -0.83581630736670409
    outer loop
      vertex 9.4754791259765625 17 11.386164665222168
      vertex 7.6109127998352051 20 12.610912322998047
      vertex 9.4754791259765625 20 11.386164665222168
    endloop
  endfacet
  facet normal -0.18736570324094073 -0 -0.98229022862340831
    outer loop
      vertex 11.5 18.5 11
      vertex 9.4754791259765625 20 11.386164665222168
      vertex 11.5 20 11
    endloop
  endfacet
  facet normal -0 -0 -1
    outer loop
      vertex 14.75 17 11
      vertex 11.5 17 11
      vertex 11.5 18.5 11
    endloop
  endfacet
  facet normal 0 -0 -1
    outer loop
      vertex 14.75 20 11
      vertex 11.5 18.5 11
      vertex 11.5 20 11
    endloop
  endfacet
  facet normal -0 -0 -1
    outer loop
      vertex 18 17 11
      vertex 14.75 17 11
      vertex 14.75 20 11
    endloop
  endfacet
  facet normal -0 -0 -1
    outer loop
      vertex 18 17 11
      vertex 14.75 20 11
      vertex 18 20 11
    endloop
  endfacet
  facet normal 0 0 -1
    outer loop
      vertex 11.5 18.5 11
      vertex 14.75 20 11
      vertex 14.75 17 11
    endloop
  endfacet
  facet normal -0.91251325719511345 -0 -0.40904713107802704
    outer loop
      vertex 20.794841766357422 20 9.0903482437133789
      vertex 20.794841766357422 18.5 9.0903482437133789
      vertex 20.673551559448242 18.5 9.3609256744384766
    endloop
  endfacet
  facet normal -0.91251325719511345 0 -0.40904713107802704
    outer loop
      vertex 20.794841766357422 20 9.0903482437133789
      vertex 20.673551559448242 18.5 9.3609256744384766
      vertex 20.673551559448242 20 9.3609256744384766
    endloop
  endfacet
  facet normal -0.86728494021635116 -0 -0.4978120453282745
    outer loop
      vertex 20.673551559448242 20 9.3609256744384766
      vertex 20.673551559448242 18.5 9.3609256744384766
      vertex 20.523593902587891 18.5 9.6221809387207031
    endloop
  endfacet
  facet normal -0.86728494021635116 0 -0.4978120453282745
    outer loop
      vertex 20.673551559448242 20 9.3609256744384766
      vertex 20.523593902587891 18.5 9.6221809387207031
      vertex 20.523593902587891 20 9.6221809387207031
    endloop
  endfacet
  facet normal -0.97924882965923332 0 -0.20266161356068849
    outer loop
      vertex 20.922677993774414 18.5 8.676722526550293
      vertex 20.951204299926758 20 8.5388851165771484
      vertex 20.951204299926758 18.5 8.5388851165771484
    endloop
  endfacet
  facet normal -0.9685860493810754 0 -0.24867863789308681
    outer loop
      vertex 20.887197494506836 20 8.8149166107177734
      vertex 20.922677993774414 18.5 8.676722526550293
      vertex 20.887197494506836 18.5 8.8149166107177734
    endloop
  endfacet
  facet normal -0.97415066512697146 -0.0022312877792881511 -0.22588825331903614
    outer loop
      vertex 20.951204299926758 20 8.5388851165771484
      vertex 20.922677993774414 18.5 8.676722526550293
      vertex 20.887197494506836 20 8.8149166107177734
    endloop
  endfacet
  facet normal -0.94811878834000596 -0 -0.31791628331477279
    outer loop
      vertex 20.887197494506836 20 8.8149166107177734
      vertex 20.887197494506836 18.5 8.8149166107177734
      vertex 20.794841766357422 18.5 9.0903482437133789
    endloop
  endfacet
  facet normal -0.94811878834000596 6.5788956805923751e-18 -0.31791628331477279
    outer loop
      vertex 20.887197494506836 20 8.8149166107177734
      vertex 20.794841766357422 18.5 9.0903482437133789
      vertex 20.794841766357422 20 9.0903482437133789
    endloop
  endfacet
  facet normal -0.99378036557310634 1.7239341301244811e-18 -0.11135791395937253
    outer loop
      vertex 20.97296142578125 18.5 8.4018726348876953
      vertex 20.98817253112793 20 8.2661256790161133
      vertex 20.98817253112793 18.5 8.2661256790161133
    endloop
  endfacet
  facet normal -0.98762535591688017 0 -0.1568316178264311
    outer loop
      vertex 20.951204299926758 20 8.5388851165771484
      vertex 20.97296142578125 18.5 8.4018726348876953
      vertex 20.951204299926758 18.5 8.5388851165771484
    endloop
  endfacet
  facet normal -0.99093767741727301 -0.0021055769071371775 -0.13430594186687542
    outer loop
      vertex 20.98817253112793 20 8.2661256790161133
      vertex 20.97296142578125 18.5 8.4018726348876953
      vertex 20.951204299926758 20 8.5388851165771484
    endloop
  endfacet
  facet normal -0.19924353635596101 0.018658349394652673 -0.97977236091769704
    outer loop
      vertex 18 17 11
      vertex 18.718652725219727 20.087348937988281 10.912651062011719
      vertex 19.16180419921875 17.113557815551758 10.765901565551758
    endloop
  endfacet
  facet normal -0.56012492941366754 0.011018049126199818 -0.82833487554417673
    outer loop
      vertex 19.16180419921875 17.113557815551758 10.765901565551758
      vertex 19.363668441772461 20.327844619750977 10.672154426574707
      vertex 20.123157501220703 17.388208389282227 10.119482040405273
    endloop
  endfacet
  facet normal -0.86704856551048326 0.02334559798611684 -0.49767636883911215
    outer loop
      vertex 20.673551559448242 18.5 9.3609256744384766
      vertex 20.766571044921875 17.675895690917969 9.1602096557617188
      vertex 20.523593902587891 18.5 9.6221809387207031
    endloop
  endfacet
  facet normal -0.83706478931761996 0.058156038053248149 -0.5440040567152028
    outer loop
      vertex 20.123157501220703 17.388208389282227 10.119482040405273
      vertex 20.523593902587891 18.5 9.6221809387207031
      vertex 20.766571044921875 17.675895690917969 9.1602096557617188
    endloop
  endfacet
  facet normal -0.91250806822269648 -0.0033723719638040881 -0.40904480504685581
    outer loop
      vertex 20.766571044921875 17.675895690917969 9.1602096557617188
      vertex 20.673551559448242 18.5 9.3609256744384766
      vertex 20.794841766357422 18.5 9.0903482437133789
    endloop
  endfacet
  facet normal -0.94810405757027427 0.0055743554083950691 -0.31791134390040721
    outer loop
      vertex 20.794841766357422 18.5 9.0903482437133789
      vertex 20.887197494506836 18.5 8.8149166107177734
      vertex 20.766571044921875 17.675895690917969 9.1602096557617188
    endloop
  endfacet
  facet normal -0.78457468925975993 0.0052524040765248919 -0.62001207183761209
    outer loop
      vertex 20.123157501220703 17.388208389282227 10.119482040405273
      vertex 20.315340042114258 21.092330932617188 9.9076700210571289
      vertex 20.523593902587891 18.5 9.6221809387207031
    endloop
  endfacet
  facet normal -0.12065742131178958 0 -0.99269420602841707
    outer loop
      vertex 18.718652725219727 20.087348937988281 10.912651062011719
      vertex 18 17 11
      vertex 18 20 11
    endloop
  endfacet
  facet normal -0.3475468030773215 -0.0055204762135867133 -0.93764638537836265
    outer loop
      vertex 19.363668441772461 20.327844619750977 10.672154426574707
      vertex 19.16180419921875 17.113557815551758 10.765901565551758
      vertex 18.718652725219727 20.087348937988281 10.912651062011719
    endloop
  endfacet
  facet normal -0.85839522629191534 -0.029806726838552223 -0.51212224567423692
    outer loop
      vertex 20.833547592163086 22.014604568481445 8.9853963851928711
      vertex 20.523593902587891 20 9.6221809387207031
      vertex 20.315340042114258 21.092330932617188 9.9076700210571289
    endloop
  endfacet
  facet normal -0.70321241698190418 -0.0041700377553058488 -0.71096758532832394
    outer loop
      vertex 20.315340042114258 21.092330932617188 9.9076700210571289
      vertex 20.123157501220703 17.388208389282227 10.119482040405273
      vertex 19.895879745483398 20.674997329711914 10.325002670288086
    endloop
  endfacet
  facet normal -0.86703701830367874 -0.023908950508536905 -0.49766974086902915
    outer loop
      vertex 20.833547592163086 22.014604568481445 8.9853963851928711
      vertex 20.673551559448242 20 9.3609256744384766
      vertex 20.523593902587891 20 9.6221809387207031
    endloop
  endfacet
  facet normal -0.55262034140357785 0.013893677517312859 -0.8333173009076662
    outer loop
      vertex 20.123157501220703 17.388208389282227 10.119482040405273
      vertex 19.363668441772461 20.327844619750977 10.672154426574707
      vertex 19.895879745483398 20.674997329711914 10.325002670288086
    endloop
  endfacet
  facet normal -0.80789335870792855 0 -0.58932870365834222
    outer loop
      vertex 20.315340042114258 21.092330932617188 9.9076700210571289
      vertex 20.523593902587891 20 9.6221809387207031
      vertex 20.523593902587891 18.5 9.6221809387207031
    endloop
  endfacet
  facet normal -0.96857699006348441 0.0043250648134662648 -0.24867631196782677
    outer loop
      vertex 20.922677993774414 18.5 8.676722526550293
      vertex 20.940422058105469 17.769903182983398 8.5949125289916992
      vertex 20.887197494506836 18.5 8.8149166107177734
    endloop
  endfacet
  facet normal -0.95650267078071349 0.018009287043504876 -0.29116714507228847
    outer loop
      vertex 20.766571044921875 17.675895690917969 9.1602096557617188
      vertex 20.887197494506836 18.5 8.8149166107177734
      vertex 20.940422058105469 17.769903182983398 8.5949125289916992
    endloop
  endfacet
  facet normal -0.97924824749452533 -0.0010904138014581094 -0.20266149307809456
    outer loop
      vertex 20.951204299926758 18.5 8.5388851165771484
      vertex 20.940422058105469 17.769903182983398 8.5949125289916992
      vertex 20.922677993774414 18.5 8.676722526550293
    endloop
  endfacet
  facet normal -0.99378003395675563 -0.00081693541496245001 -0.1113578768001507
    outer loop
      vertex 20.98817253112793 18.5 8.2661256790161133
      vertex 20.985021591186523 17.795228958129883 8.2994155883789062
      vertex 20.97296142578125 18.5 8.4018726348876953
    endloop
  endfacet
  facet normal -0.98762214422981287 0.0025502640011827176 -0.15683110782121942
    outer loop
      vertex 20.97296142578125 18.5 8.4018726348876953
      vertex 20.940422058105469 17.769903182983398 8.5949125289916992
      vertex 20.951204299926758 18.5 8.5388851165771484
    endloop
  endfacet
  facet normal -0.99875187640749685 0.0021081488885058642 -0.049902355463122147
    outer loop
      vertex 20.98817253112793 18.5 8.2661256790161133
      vertex 21 17.803848266601562 8
      vertex 20.985021591186523 17.795228958129883 8.2994155883789062
    endloop
  endfacet
  facet normal -0.98884953099778938 0.004716943920476821 -0.14884339248183945
    outer loop
      vertex 20.985021591186523 17.795228958129883 8.2994155883789062
      vertex 20.940422058105469 17.769903182983398 8.5949125289916992
      vertex 20.97296142578125 18.5 8.4018726348876953
    endloop
  endfacet
  facet normal -0.94811749171550419 0.0016538289311772106 -0.31791584854009319
    outer loop
      vertex 20.833547592163086 22.014604568481445 8.9853963851928711
      vertex 20.887197494506836 20 8.8149166107177734
      vertex 20.794841766357422 20 9.0903482437133789
    endloop
  endfacet
  facet normal -0.98298442155663113 -0.016867862322474232 -0.18291282677178575
    outer loop
      vertex 21 23 8
      vertex 20.951204299926758 20 8.5388851165771484
      vertex 20.833547592163086 22.014604568481445 8.9853963851928711
    endloop
  endfacet
  facet normal -0.97413038914895056 -0.0068268599779500632 -0.2258835516795224
    outer loop
      vertex 20.887197494506836 20 8.8149166107177734
      vertex 20.833547592163086 22.014604568481445 8.9853963851928711
      vertex 20.951204299926758 20 8.5388851165771484
    endloop
  endfacet
  facet normal -0.9125067458375834 -0.0037777255461706933 -0.40904421226879767
    outer loop
      vertex 20.673551559448242 20 9.3609256744384766
      vertex 20.833547592163086 22.014604568481445 8.9853963851928711
      vertex 20.794841766357422 20 9.0903482437133789
    endloop
  endfacet
  facet normal -0.99901386292694494 -0 -0.04439934323594432
    outer loop
      vertex 20.98817253112793 20 8.2661256790161133
      vertex 21 20.401924133300781 8
      vertex 21 17.803848266601562 8
    endloop
  endfacet
  facet normal -0.99901386292694505 0 -0.044399343235944327
    outer loop
      vertex 20.98817253112793 20 8.2661256790161133
      vertex 21 17.803848266601562 8
      vertex 20.98817253112793 18.5 8.2661256790161133
    endloop
  endfacet
  facet normal -0.99901386292694505 0 -0.044399343235944327
    outer loop
      vertex 20.98817253112793 20 8.2661256790161133
      vertex 21 23 8
      vertex 21 20.401924133300781 8
    endloop
  endfacet
  facet normal -0.99090810727689316 -0.008007086204027276 -0.13430193410165933
    outer loop
      vertex 20.951204299926758 20 8.5388851165771484
      vertex 21 23 8
      vertex 20.98817253112793 20 8.2661256790161133
    endloop
  endfacet
  facet normal -0.98644849193606265 0 0.16407124293144049
    outer loop
      vertex 20.970401763916016 18.5 5.579622745513916
      vertex 20.946556091308594 20 5.4362549781799316
      vertex 20.946556091308594 18.5 5.4362549781799316
    endloop
  endfacet
  facet normal -0.99319345821909533 0 0.11647641199313297
    outer loop
      vertex 20.987060546875 20 5.7216720581054688
      vertex 20.970401763916016 18.5 5.579622745513916
      vertex 20.987060546875 18.5 5.7216720581054688
    endloop
  endfacet
  facet normal -0.99007726705064414 -0.0023101088380431934 0.14050504854518223
    outer loop
      vertex 20.946556091308594 20 5.4362549781799316
      vertex 20.970401763916016 18.5 5.579622745513916
      vertex 20.987060546875 20 5.7216720581054688
    endloop
  endfacet
  facet normal -0.94312356657466623 -0 0.33244238323577358
    outer loop
      vertex 20.775070190429688 20 4.8602685928344727
      vertex 20.775070190429688 18.5 4.8602685928344727
      vertex 20.876361846923828 18.5 5.1476283073425293
    endloop
  endfacet
  facet normal -0.94312356657466623 0 0.33244238323577358
    outer loop
      vertex 20.775070190429688 20 4.8602685928344727
      vertex 20.876361846923828 18.5 5.1476283073425293
      vertex 20.876361846923828 20 5.1476283073425293
    endloop
  endfacet
  facet normal -0.96557195112490368 0 0.26013613205559638
    outer loop
      vertex 20.915277481079102 18.5 5.2920751571655273
      vertex 20.876361846923828 20 5.1476283073425293
      vertex 20.876361846923828 18.5 5.1476283073425293
    endloop
  endfacet
  facet normal -0.97726748903185823 0 0.21201003486006664
    outer loop
      vertex 20.946556091308594 20 5.4362549781799316
      vertex 20.915277481079102 18.5 5.2920751571655273
      vertex 20.946556091308594 18.5 5.4362549781799316
    endloop
  endfacet
  facet normal -0.97167414582214762 -0.0024525322000911822 0.23631195362614979
    outer loop
      vertex 20.876361846923828 20 5.1476283073425293
      vertex 20.915277481079102 18.5 5.2920751571655273
      vertex 20.946556091308594 20 5.4362549781799316
    endloop
  endfacet
  facet normal -0.85764984617949802 -0 0.51423413086675163
    outer loop
      vertex 20.491567611694336 20 4.329045295715332
      vertex 20.491567611694336 18.5 4.329045295715332
      vertex 20.647743225097656 18.5 4.5895180702209473
    endloop
  endfacet
  facet normal -0.85764984617949802 -1.1902282578683782e-17 0.51423413086675163
    outer loop
      vertex 20.491567611694336 20 4.329045295715332
      vertex 20.647743225097656 18.5 4.5895180702209473
      vertex 20.647743225097656 20 4.5895180702209473
    endloop
  endfacet
  facet normal -0.90492818368769068 0 0.42556431049571936
    outer loop
      vertex 20.647743225097656 20 4.5895180702209473
      vertex 20.647743225097656 18.5 4.5895180702209473
      vertex 20.775070190429688 18.5 4.8602685928344727
    endloop
  endfacet
  facet normal -0.90492818368769068 0 0.42556431049571936
    outer loop
      vertex 20.647743225097656 20 4.5895180702209473
      vertex 20.775070190429688 18.5 4.8602685928344727
      vertex 20.775070190429688 20 4.8602685928344727
    endloop
  endfacet
  facet normal -0.99875210457244123 0.00139567763048187 0.049922797358236043
    outer loop
      vertex 20.987060546875 18.5 5.7216720581054688
      vertex 20.985021591186523 17.795228958129883 5.7005839347839355
      vertex 21 17.803848266601562 6
    endloop
  endfacet
  facet normal -0.99319327233253552 -0.00061181771447531156 0.11647639019335232
    outer loop
      vertex 20.970401763916016 18.5 5.579622745513916
      vertex 20.985021591186523 17.795228958129883 5.7005839347839355
      vertex 20.987060546875 18.5 5.7216720581054688
    endloop
  endfacet
  facet normal -0.99892109068682022 0 0.04643979523052677
    outer loop
      vertex 21 20.401924133300781 6
      vertex 20.987060546875 20 5.7216720581054688
      vertex 20.987060546875 18.5 5.7216720581054688
    endloop
  endfacet
  facet normal -0.99892109068682022 0 0.04643979523052677
    outer loop
      vertex 21 20.401924133300781 6
      vertex 20.987060546875 18.5 5.7216720581054688
      vertex 21 17.803848266601562 6
    endloop
  endfacet
  facet normal -0.98644767917571186 0.0012836864480761819 0.1640711077489124
    outer loop
      vertex 20.946556091308594 18.5 5.4362549781799316
      vertex 20.940422058105469 17.769903182983398 5.4050874710083008
      vertex 20.970401763916016 18.5 5.579622745513916
    endloop
  endfacet
  facet normal -0.98885192768019625 0.0050289629712366932 0.14881725254349401
    outer loop
      vertex 20.985021591186523 17.795228958129883 5.7005839347839355
      vertex 20.970401763916016 18.5 5.579622745513916
      vertex 20.940422058105469 17.769903182983398 5.4050874710083008
    endloop
  endfacet
  facet normal -0.97726714430634254 -0.00083993358866324733 0.21200996007473979
    outer loop
      vertex 20.940422058105469 17.769903182983398 5.4050874710083008
      vertex 20.946556091308594 18.5 5.4362549781799316
      vertex 20.915277481079102 18.5 5.2920751571655273
    endloop
  endfacet
  facet normal -0.96554821200069407 0.0070121686719496193 0.26012973646390264
    outer loop
      vertex 20.915277481079102 18.5 5.2920751571655273
      vertex 20.876361846923828 18.5 5.1476283073425293
      vertex 20.940422058105469 17.769903182983398 5.4050874710083008
    endloop
  endfacet
  facet normal -0.99892109068682022 0 0.04643979523052677
    outer loop
      vertex 21 23 6
      vertex 20.987060546875 20 5.7216720581054688
      vertex 21 20.401924133300781 6
    endloop
  endfacet
  facet normal -0.99004187809584898 -0.0087648275688015295 0.14050002638481462
    outer loop
      vertex 20.946556091308594 20 5.4362549781799316
      vertex 20.987060546875 20 5.7216720581054688
      vertex 21 23 6
    endloop
  endfacet
  facet normal -0.97166469633422414 -0.0050462474992506584 0.2363096555028936
    outer loop
      vertex 20.946556091308594 20 5.4362549781799316
      vertex 20.833547592163086 22.014604568481445 5.0146040916442871
      vertex 20.876361846923828 20 5.1476283073425293
    endloop
  endfacet
  facet normal -0.94312184997468851 0.0019079414931539153 0.33244177815006914
    outer loop
      vertex 20.876361846923828 20 5.1476283073425293
      vertex 20.833547592163086 22.014604568481445 5.0146040916442871
      vertex 20.775070190429688 20 4.8602685928344727
    endloop
  endfacet
  facet normal -0.98298616855961607 -0.016858914892090349 0.18290426296056359
    outer loop
      vertex 21 23 6
      vertex 20.833547592163086 22.014604568481445 5.0146040916442871
      vertex 20.946556091308594 20 5.4362549781799316
    endloop
  endfacet
  facet normal -0.95652287036689165 0.018710021232782818 0.2910565813902018
    outer loop
      vertex 20.876361846923828 18.5 5.1476283073425293
      vertex 20.766571044921875 17.675895690917969 4.839789867401123
      vertex 20.940422058105469 17.769903182983398 5.4050874710083008
    endloop
  endfacet
  facet normal -0.90492748524151789 -0.0012424368614970753 0.42556398203455598
    outer loop
      vertex 20.647743225097656 18.5 4.5895180702209473
      vertex 20.766571044921875 17.675895690917969 4.839789867401123
      vertex 20.775070190429688 18.5 4.8602685928344727
    endloop
  endfacet
  facet normal -0.94312255376862486 0.0014655266635292235 0.33244202623095886
    outer loop
      vertex 20.876361846923828 18.5 5.1476283073425293
      vertex 20.775070190429688 18.5 4.8602685928344727
      vertex 20.766571044921875 17.675895690917969 4.839789867401123
    endloop
  endfacet
  facet normal -0.85719718241811937 0.032485573820828048 0.51396272038735336
    outer loop
      vertex 20.491567611694336 18.5 4.329045295715332
      vertex 20.766571044921875 17.675895690917969 4.839789867401123
      vertex 20.647743225097656 18.5 4.5895180702209473
    endloop
  endfacet
  facet normal -0.56012467810847688 0.011018212775287006 0.82833504330138896
    outer loop
      vertex 19.16180419921875 17.113557815551758 3.2340989112854004
      vertex 20.123157501220703 17.388208389282227 3.8805179595947266
      vertex 19.363668441772461 20.327844619750977 3.3278453350067139
    endloop
  endfacet
  facet normal -0.77812717406378129 0.0044558311581992154 0.62809095404424009
    outer loop
      vertex 20.123157501220703 17.388208389282227 3.8805179595947266
      vertex 20.491567611694336 18.5 4.329045295715332
      vertex 20.315340042114258 21.092330932617188 4.0923304557800293
    endloop
  endfacet
  facet normal -0.83703989407645696 0.05787284566809632 0.54407255900178475
    outer loop
      vertex 20.766571044921875 17.675895690917969 4.839789867401123
      vertex 20.491567611694336 18.5 4.329045295715332
      vertex 20.123157501220703 17.388208389282227 3.8805179595947266
    endloop
  endfacet
  facet normal -0.1992439381322354 0.018658520983848861 0.97977227594592275
    outer loop
      vertex 18.718652725219727 20.087348937988281 3.0873486995697021
      vertex 18 17 3
      vertex 19.16180419921875 17.113557815551758 3.2340989112854004
    endloop
  endfacet
  facet normal -0.85893492794601889 -0.02866316396869921 0.51128193062699812
    outer loop
      vertex 20.833547592163086 22.014604568481445 5.0146040916442871
      vertex 20.315340042114258 21.092330932617188 4.0923304557800293
      vertex 20.647743225097656 20 4.5895180702209473
    endloop
  endfacet
  facet normal -0.85733905819013434 -0.02691861782443427 0.51404778699657405
    outer loop
      vertex 20.647743225097656 20 4.5895180702209473
      vertex 20.315340042114258 21.092330932617188 4.0923304557800293
      vertex 20.491567611694336 20 4.329045295715332
    endloop
  endfacet
  facet normal -0.80212335400424273 0 0.59715837510746195
    outer loop
      vertex 20.315340042114258 21.092330932617188 4.0923304557800293
      vertex 20.491567611694336 18.5 4.329045295715332
      vertex 20.491567611694336 20 4.329045295715332
    endloop
  endfacet
  facet normal -0.90491002780318897 -0.006334531030700064 0.42555577225300717
    outer loop
      vertex 20.775070190429688 20 4.8602685928344727
      vertex 20.833547592163086 22.014604568481445 5.0146040916442871
      vertex 20.647743225097656 20 4.5895180702209473
    endloop
  endfacet
  facet normal -0.34754687352565555 -0.0055202624156493437 0.93764636052480066
    outer loop
      vertex 18.718652725219727 20.087348937988281 3.0873486995697021
      vertex 19.16180419921875 17.113557815551758 3.2340989112854004
      vertex 19.363668441772461 20.327844619750977 3.3278453350067139
    endloop
  endfacet
  facet normal -0.70321279907855394 -0.0041700878268596661 0.71096720710565942
    outer loop
      vertex 19.895879745483398 20.674997329711914 3.6749973297119141
      vertex 20.123157501220703 17.388208389282227 3.8805179595947266
      vertex 20.315340042114258 21.092330932617188 4.0923304557800293
    endloop
  endfacet
  facet normal -0.55262058970534322 0.013893650079857378 0.83331713670197427
    outer loop
      vertex 19.363668441772461 20.327844619750977 3.3278453350067139
      vertex 20.123157501220703 17.388208389282227 3.8805179595947266
      vertex 19.895879745483398 20.674997329711914 3.6749973297119141
    endloop
  endfacet
  facet normal -0.1206570967723322 0 0.99269424547464369
    outer loop
      vertex 18 20 3
      vertex 18 17 3
      vertex 18.718652725219727 20.087348937988281 3.0873486995697021
    endloop
  endfacet
  facet normal 0.91251325719511345 0 0.40904713107802704
    outer loop
      vertex -19.794841766357422 20 4.9096517562866211
      vertex -19.794841766357422 18.5 4.9096517562866211
      vertex -19.673551559448242 18.5 4.6390743255615234
    endloop
  endfacet
  facet normal 0.91251325719511345 -0 0.40904713107802704
    outer loop
      vertex -19.794841766357422 20 4.9096517562866211
      vertex -19.673551559448242 18.5 4.6390743255615234
      vertex -19.673551559448242 20 4.6390743255615234
    endloop
  endfacet
  facet normal 0.86728494021635116 0 0.4978120453282745
    outer loop
      vertex -19.673551559448242 20 4.6390743255615234
      vertex -19.673551559448242 18.5 4.6390743255615234
      vertex -19.523593902587891 18.5 4.3778190612792969
    endloop
  endfacet
  facet normal 0.86728494021635116 0 0.4978120453282745
    outer loop
      vertex -19.673551559448242 20 4.6390743255615234
      vertex -19.523593902587891 18.5 4.3778190612792969
      vertex -19.523593902587891 20 4.3778190612792969
    endloop
  endfacet
  facet normal 0.97924896879438939 0 0.20266094126674974
    outer loop
      vertex -19.922677993774414 18.5 5.3232769966125488
      vertex -19.951204299926758 20 5.4611148834228516
      vertex -19.951204299926758 18.5 5.4611148834228516
    endloop
  endfacet
  facet normal 0.96858563601957814 -0 0.24868024790189769
    outer loop
      vertex -19.887197494506836 20 5.1850838661193848
      vertex -19.922677993774414 18.5 5.3232769966125488
      vertex -19.887197494506836 18.5 5.1850838661193848
    endloop
  endfacet
  facet normal 0.97415057902600988 -0.002231395247770209 0.22588862357041689
    outer loop
      vertex -19.951204299926758 20 5.4611148834228516
      vertex -19.922677993774414 18.5 5.3232769966125488
      vertex -19.887197494506836 20 5.1850838661193848
    endloop
  endfacet
  facet normal 0.94811895423892578 0 0.3179157885555321
    outer loop
      vertex -19.887197494506836 20 5.1850838661193848
      vertex -19.887197494506836 18.5 5.1850838661193848
      vertex -19.794841766357422 18.5 4.9096517562866211
    endloop
  endfacet
  facet normal 0.94811895423892578 0 0.3179157885555321
    outer loop
      vertex -19.887197494506836 20 5.1850838661193848
      vertex -19.794841766357422 18.5 4.9096517562866211
      vertex -19.794841766357422 20 4.9096517562866211
    endloop
  endfacet
  facet normal 0.99378045214921329 0 0.11135714133411047
    outer loop
      vertex -19.97296142578125 18.5 5.5981268882751465
      vertex -19.98817253112793 20 5.7338747978210449
      vertex -19.98817253112793 18.5 5.7338747978210449
    endloop
  endfacet
  facet normal 0.98762527137504974 0 0.1568321502159527
    outer loop
      vertex -19.951204299926758 20 5.4611148834228516
      vertex -19.97296142578125 18.5 5.5981268882751465
      vertex -19.951204299926758 18.5 5.4611148834228516
    endloop
  endfacet
  facet normal 0.99093770853171148 -0.0021056411142493128 0.13430571129113986
    outer loop
      vertex -19.98817253112793 20 5.7338747978210449
      vertex -19.97296142578125 18.5 5.5981268882751465
      vertex -19.951204299926758 20 5.4611148834228516
    endloop
  endfacet
  facet normal 0.1992439381322354 0.018658520983848861 0.97977227594592275
    outer loop
      vertex -17 17 3
      vertex -17.718652725219727 20.087348937988281 3.0873486995697021
      vertex -18.16180419921875 17.113557815551758 3.2340989112854004
    endloop
  endfacet
  facet normal 0.56012467810847688 0.011018212775287006 0.82833504330138896
    outer loop
      vertex -18.16180419921875 17.113557815551758 3.2340989112854004
      vertex -18.363668441772461 20.327844619750977 3.3278453350067139
      vertex -19.123157501220703 17.388208389282227 3.8805179595947266
    endloop
  endfacet
  facet normal 0.86704857133930358 0.023345310181227433 0.49767637218479105
    outer loop
      vertex -19.673551559448242 18.5 4.6390743255615234
      vertex -19.766571044921875 17.675895690917969 4.839789867401123
      vertex -19.523593902587891 18.5 4.3778190612792969
    endloop
  endfacet
  facet normal 0.83706465390261819 0.058155888949971722 0.54400428101930243
    outer loop
      vertex -19.123157501220703 17.388208389282227 3.8805179595947266
      vertex -19.523593902587891 18.5 4.3778190612792969
      vertex -19.766571044921875 17.675895690917969 4.839789867401123
    endloop
  endfacet
  facet normal 0.91250806749433622 -0.0033726086396007994 0.40904480472035792
    outer loop
      vertex -19.766571044921875 17.675895690917969 4.839789867401123
      vertex -19.673551559448242 18.5 4.6390743255615234
      vertex -19.794841766357422 18.5 4.9096517562866211
    endloop
  endfacet
  facet normal 0.94810422418704121 0.0055742190977817107 0.31791084939042052
    outer loop
      vertex -19.794841766357422 18.5 4.9096517562866211
      vertex -19.887197494506836 18.5 5.1850838661193848
      vertex -19.766571044921875 17.675895690917969 4.839789867401123
    endloop
  endfacet
  facet normal 0.78457459011292263 0.0052523118984327492 0.62001219808070018
    outer loop
      vertex -19.123157501220703 17.388208389282227 3.8805179595947266
      vertex -19.315340042114258 21.092330932617188 4.0923304557800293
      vertex -19.523593902587891 18.5 4.3778190612792969
    endloop
  endfacet
  facet normal 0.1206570967723322 0 0.99269424547464369
    outer loop
      vertex -17.718652725219727 20.087348937988281 3.0873486995697021
      vertex -17 17 3
      vertex -17 20 3
    endloop
  endfacet
  facet normal 0.34754687352565555 -0.0055202624156493437 0.93764636052480066
    outer loop
      vertex -18.363668441772461 20.327844619750977 3.3278453350067139
      vertex -18.16180419921875 17.113557815551758 3.2340989112854004
      vertex -17.718652725219727 20.087348937988281 3.0873486995697021
    endloop
  endfacet
  facet normal 0.8583951438437234 -0.029806901211399232 0.51212237372105451
    outer loop
      vertex -19.833547592163086 22.014604568481445 5.0146040916442871
      vertex -19.523593902587891 20 4.3778190612792969
      vertex -19.315340042114258 21.092330932617188 4.0923304557800293
    endloop
  endfacet
  facet normal 0.80789289005587639 0 0.58932934611909793
    outer loop
      vertex -19.523593902587891 20 4.3778190612792969
      vertex -19.523593902587891 18.5 4.3778190612792969
      vertex -19.315340042114258 21.092330932617188 4.0923304557800293
    endloop
  endfacet
  facet normal 0.70321279907855394 -0.0041700878268596661 0.71096720710565942
    outer loop
      vertex -19.315340042114258 21.092330932617188 4.0923304557800293
      vertex -19.123157501220703 17.388208389282227 3.8805179595947266
      vertex -18.895879745483398 20.674997329711914 3.6749973297119141
    endloop
  endfacet
  facet normal 0.86703701586181892 -0.023909068234751626 0.49766973946742837
    outer loop
      vertex -19.833547592163086 22.014604568481445 5.0146040916442871
      vertex -19.673551559448242 20 4.6390743255615234
      vertex -19.523593902587891 20 4.3778190612792969
    endloop
  endfacet
  facet normal 0.55262058970534322 0.013893650079857378 0.83331713670197427
    outer loop
      vertex -19.123157501220703 17.388208389282227 3.8805179595947266
      vertex -18.363668441772461 20.327844619750977 3.3278453350067139
      vertex -18.895879745483398 20.674997329711914 3.6749973297119141
    endloop
  endfacet
  facet normal 0.96858003374876911 0.0034011626948822712 0.24867880954266355
    outer loop
      vertex -19.922677993774414 18.5 5.3232769966125488
      vertex -19.937700271606445 17.768373489379883 5.3917937278747559
      vertex -19.887197494506836 18.5 5.1850838661193848
    endloop
  endfacet
  facet normal 0.95581549418119061 0.016939814641241259 0.29347876203072476
    outer loop
      vertex -19.766571044921875 17.675895690917969 4.839789867401123
      vertex -19.887197494506836 18.5 5.1850838661193848
      vertex -19.937700271606445 17.768373489379883 5.3917937278747559
    endloop
  endfacet
  facet normal 0.97924834639311276 -0.0011274663910846199 0.20266081245739423
    outer loop
      vertex -19.951204299926758 18.5 5.4611148834228516
      vertex -19.937700271606445 17.768373489379883 5.3917937278747559
      vertex -19.922677993774414 18.5 5.3232769966125488
    endloop
  endfacet
  facet normal 0.99378003418747607 -0.00091714497328748571 0.11135709449979797
    outer loop
      vertex -19.98817253112793 18.5 5.7338747978210449
      vertex -19.984333038330078 17.794834136962891 5.6938023567199707
      vertex -19.97296142578125 18.5 5.5981268882751465
    endloop
  endfacet
  facet normal 0.98761966527802514 0.0033693691053040212 0.15683125998331471
    outer loop
      vertex -19.97296142578125 18.5 5.5981268882751465
      vertex -19.937700271606445 17.768373489379883 5.3917937278747559
      vertex -19.951204299926758 18.5 5.4611148834228516
    endloop
  endfacet
  facet normal 0.99869416946192713 0.0025381223210434968 0.051024639320967562
    outer loop
      vertex -19.98817253112793 18.5 5.7338747978210449
      vertex -20 17.803848266601562 6
      vertex -19.984333038330078 17.794834136962891 5.6938023567199707
    endloop
  endfacet
  facet normal 0.9883391945550648 0.0047114525020933969 0.15219539651896866
    outer loop
      vertex -19.984333038330078 17.794834136962891 5.6938023567199707
      vertex -19.937700271606445 17.768373489379883 5.3917937278747559
      vertex -19.97296142578125 18.5 5.5981268882751465
    endloop
  endfacet
  facet normal 0.94811765768677259 0.00165378264590439 0.3179153538058645
    outer loop
      vertex -19.833547592163086 22.014604568481445 5.0146040916442871
      vertex -19.887197494506836 20 5.1850838661193848
      vertex -19.794841766357422 20 4.9096517562866211
    endloop
  endfacet
  facet normal 0.98298440183608782 -0.016867881364696247 0.18291293099509162
    outer loop
      vertex -20 23 6
      vertex -19.951204299926758 20 5.4611148834228516
      vertex -19.833547592163086 22.014604568481445 5.0146040916442871
    endloop
  endfacet
  facet normal 0.97413030350697194 -0.0068268263575481719 0.22588392202921137
    outer loop
      vertex -19.887197494506836 20 5.1850838661193848
      vertex -19.833547592163086 22.014604568481445 5.0146040916442871
      vertex -19.951204299926758 20 5.4611148834228516
    endloop
  endfacet
  facet normal 0.91250674550383282 -0.0037778223615453532 0.40904421211918912
    outer loop
      vertex -19.673551559448242 20 4.6390743255615234
      vertex -19.833547592163086 22.014604568481445 5.0146040916442871
      vertex -19.794841766357422 20 4.9096517562866211
    endloop
  endfacet
  facet normal 0.99901385939829102 0 0.044399422632865157
    outer loop
      vertex -19.98817253112793 20 5.7338747978210449
      vertex -20 20.401924133300781 6
      vertex -20 17.803848266601562 6
    endloop
  endfacet
  facet normal 0.9990138593982909 -0 0.044399422632865157
    outer loop
      vertex -19.98817253112793 20 5.7338747978210449
      vertex -20 17.803848266601562 6
      vertex -19.98817253112793 18.5 5.7338747978210449
    endloop
  endfacet
  facet normal 0.99901385939829102 0 0.044399422632865157
    outer loop
      vertex -19.98817253112793 20 5.7338747978210449
      vertex -20 23 6
      vertex -20 20.401924133300781 6
    endloop
  endfacet
  facet normal 0.99090813885698747 -0.0080070442850209075 0.13430170359604232
    outer loop
      vertex -19.951204299926758 20 5.4611148834228516
      vertex -20 23 6
      vertex -19.98817253112793 20 5.7338747978210449
    endloop
  endfacet
  facet normal 1 0 0
    outer loop
      vertex -20 20.401924133300781 6
      vertex -20 20.401924133300781 8
      vertex -20 17.803848266601562 8
    endloop
  endfacet
  facet normal 1 0 -0
    outer loop
      vertex -20 20.401924133300781 6
      vertex -20 17.803848266601562 8
      vertex -20 17.803848266601562 6
    endloop
  endfacet
  facet normal 1 0 0
    outer loop
      vertex -20 23 6
      vertex -20 23 8
      vertex -20 20.401924133300781 8
    endloop
  endfacet
  facet normal 1 0 -0
    outer loop
      vertex -20 23 6
      vertex -20 20.401924133300781 8
      vertex -20 20.401924133300781 6
    endloop
  endfacet
  facet normal 0.98644849193606265 0 -0.16407124293144049
    outer loop
      vertex -19.970401763916016 18.5 8.4203777313232422
      vertex -19.946556091308594 20 8.5637454986572266
      vertex -19.946556091308594 18.5 8.5637454986572266
    endloop
  endfacet
  facet normal 0.99319350345034807 0 -0.11647602630594615
    outer loop
      vertex -19.987060546875 20 8.2783279418945312
      vertex -19.970401763916016 18.5 8.4203777313232422
      vertex -19.987060546875 18.5 8.2783279418945312
    endloop
  endfacet
  facet normal 0.99007729965375191 -0.0023101313499175285 -0.14050481843510185
    outer loop
      vertex -19.946556091308594 20 8.5637454986572266
      vertex -19.970401763916016 18.5 8.4203777313232422
      vertex -19.987060546875 20 8.2783279418945312
    endloop
  endfacet
  facet normal 0.94312339361432251 0 -0.33244287391581129
    outer loop
      vertex -19.775070190429688 20 9.1397314071655273
      vertex -19.775070190429688 18.5 9.1397314071655273
      vertex -19.876361846923828 18.5 8.8523721694946289
    endloop
  endfacet
  facet normal 0.94312339361432251 0 -0.33244287391581129
    outer loop
      vertex -19.775070190429688 20 9.1397314071655273
      vertex -19.876361846923828 18.5 8.8523721694946289
      vertex -19.876361846923828 20 8.8523721694946289
    endloop
  endfacet
  facet normal 0.96557216682284963 0 -0.26013533142775314
    outer loop
      vertex -19.915277481079102 18.5 8.7079248428344727
      vertex -19.876361846923828 20 8.8523721694946289
      vertex -19.876361846923828 18.5 8.8523721694946289
    endloop
  endfacet
  facet normal 0.9772673437558318 0 -0.21201070451375995
    outer loop
      vertex -19.946556091308594 20 8.5637454986572266
      vertex -19.915277481079102 18.5 8.7079248428344727
      vertex -19.946556091308594 18.5 8.5637454986572266
    endloop
  endfacet
  facet normal 0.97167414600116409 -0.0024524570789960674 -0.23631195366968674
    outer loop
      vertex -19.876361846923828 20 8.8523721694946289
      vertex -19.915277481079102 18.5 8.7079248428344727
      vertex -19.946556091308594 20 8.5637454986572266
    endloop
  endfacet
  facet normal 0.85765026136166245 0 -0.5142334384170989
    outer loop
      vertex -19.491567611694336 20 9.670954704284668
      vertex -19.491567611694336 18.5 9.670954704284668
      vertex -19.647743225097656 18.5 9.4104814529418945
    endloop
  endfacet
  facet normal 0.85765026136166256 0 -0.51423343841709901
    outer loop
      vertex -19.491567611694336 20 9.670954704284668
      vertex -19.647743225097656 18.5 9.4104814529418945
      vertex -19.647743225097656 20 9.4104814529418945
    endloop
  endfacet
  facet normal 0.90492789505452054 0 -0.42556492425033687
    outer loop
      vertex -19.647743225097656 20 9.4104814529418945
      vertex -19.647743225097656 18.5 9.4104814529418945
      vertex -19.775070190429688 18.5 9.1397314071655273
    endloop
  endfacet
  facet normal 0.90492789505452054 0 -0.42556492425033687
    outer loop
      vertex -19.647743225097656 20 9.4104814529418945
      vertex -19.775070190429688 18.5 9.1397314071655273
      vertex -19.775070190429688 20 9.1397314071655273
    endloop
  endfacet
  facet normal 0.99875210060957842 0.0013957090501108495 -0.049922875760539991
    outer loop
      vertex -19.987060546875 18.5 8.2783279418945312
      vertex -19.985021591186523 17.795228958129883 8.2994155883789062
      vertex -20 17.803848266601562 8
    endloop
  endfacet
  facet normal 0.99319331761875451 -0.00061172723728303909 -0.11647600451268482
    outer loop
      vertex -19.970401763916016 18.5 8.4203777313232422
      vertex -19.985021591186523 17.795228958129883 8.2994155883789062
      vertex -19.987060546875 18.5 8.2783279418945312
    endloop
  endfacet
  facet normal 0.99892109068682022 0 -0.04643979523052677
    outer loop
      vertex -20 20.401924133300781 8
      vertex -19.987060546875 20 8.2783279418945312
      vertex -19.987060546875 18.5 8.2783279418945312
    endloop
  endfacet
  facet normal 0.99892109068682022 0 -0.04643979523052677
    outer loop
      vertex -20 20.401924133300781 8
      vertex -19.987060546875 18.5 8.2783279418945312
      vertex -20 17.803848266601562 8
    endloop
  endfacet
  facet normal 0.98644767904001396 0.001283793605195625 -0.16407110772634242
    outer loop
      vertex -19.946556091308594 18.5 8.5637454986572266
      vertex -19.940422058105469 17.769903182983398 8.5949125289916992
      vertex -19.970401763916016 18.5 8.4203777313232422
    endloop
  endfacet
  facet normal 0.98885196422498556 0.0050291209936538352 -0.14881700437254747
    outer loop
      vertex -19.985021591186523 17.795228958129883 8.2994155883789062
      vertex -19.970401763916016 18.5 8.4203777313232422
      vertex -19.940422058105469 17.769903182983398 8.5949125289916992
    endloop
  endfacet
  facet normal 0.97726699911955373 -0.00083982492919261204 -0.21201062974754517
    outer loop
      vertex -19.940422058105469 17.769903182983398 8.5949125289916992
      vertex -19.946556091308594 18.5 8.5637454986572266
      vertex -19.915277481079102 18.5 8.7079248428344727
    endloop
  endfacet
  facet normal 0.96554842858268097 0.0070120373231158948 -0.26012893609534199
    outer loop
      vertex -19.915277481079102 18.5 8.7079248428344727
      vertex -19.876361846923828 18.5 8.8523721694946289
      vertex -19.940422058105469 17.769903182983398 8.5949125289916992
    endloop
  endfacet
  facet normal 0.99892109068682022 0 -0.04643979523052677
    outer loop
      vertex -20 23 8
      vertex -19.987060546875 20 8.2783279418945312
      vertex -20 20.401924133300781 8
    endloop
  endfacet
  facet normal 0.99004191093574245 -0.0087648060823657184 -0.14049979631672754
    outer loop
      vertex -19.946556091308594 20 8.5637454986572266
      vertex -19.987060546875 20 8.2783279418945312
      vertex -20 23 8
    endloop
  endfacet
  facet normal 0.97166469633422414 -0.0050462474992506584 -0.2363096555028936
    outer loop
      vertex -19.946556091308594 20 8.5637454986572266
      vertex -19.833547592163086 22.014604568481445 8.9853963851928711
      vertex -19.876361846923828 20 8.8523721694946289
    endloop
  endfacet
  facet normal 0.94312167694974425 0.0019079775682724147 -0.33244226880633165
    outer loop
      vertex -19.876361846923828 20 8.8523721694946289
      vertex -19.833547592163086 22.014604568481445 8.9853963851928711
      vertex -19.775070190429688 20 9.1397314071655273
    endloop
  endfacet
  facet normal 0.98298618146470651 -0.016858930431815512 -0.1829041921721048
    outer loop
      vertex -20 23 8
      vertex -19.833547592163086 22.014604568481445 8.9853963851928711
      vertex -19.946556091308594 20 8.5637454986572266
    endloop
  endfacet
  facet normal 0.95652280943849499 0.018710281384846674 -0.2910567649005748
    outer loop
      vertex -19.876361846923828 18.5 8.8523721694946289
      vertex -19.766571044921875 17.675895690917969 9.1602096557617188
      vertex -19.940422058105469 17.769903182983398 8.5949125289916992
    endloop
  endfacet
  facet normal 0.90492719686490031 -0.0012422088531194554 -0.42556459590924534
    outer loop
      vertex -19.647743225097656 18.5 9.4104814529418945
      vertex -19.766571044921875 17.675895690917969 9.1602096557617188
      vertex -19.775070190429688 18.5 9.1397314071655273
    endloop
  endfacet
  facet normal 0.94312238056190223 0.0014657050415853733 -0.33244251682355769
    outer loop
      vertex -19.876361846923828 18.5 8.8523721694946289
      vertex -19.775070190429688 18.5 9.1397314071655273
      vertex -19.766571044921875 17.675895690917969 9.1602096557617188
    endloop
  endfacet
  facet normal 0.85719760490003416 0.032485304093466616 -0.5139620328113742
    outer loop
      vertex -19.491567611694336 18.5 9.670954704284668
      vertex -19.766571044921875 17.675895690917969 9.1602096557617188
      vertex -19.647743225097656 18.5 9.4104814529418945
    endloop
  endfacet
  facet normal 0.56012492941366754 0.011018049126199818 -0.82833487554417673
    outer loop
      vertex -18.16180419921875 17.113557815551758 10.765901565551758
      vertex -19.123157501220703 17.388208389282227 10.119482040405273
      vertex -18.363668441772461 20.327844619750977 10.672154426574707
    endloop
  endfacet
  facet normal 0.7781272878664578 0.0044559260182850183 -0.62809081238377507
    outer loop
      vertex -19.123157501220703 17.388208389282227 10.119482040405273
      vertex -19.491567611694336 18.5 9.670954704284668
      vertex -19.315340042114258 21.092330932617188 9.9076700210571289
    endloop
  endfacet
  facet normal 0.83704002818147549 0.057872979064179757 -0.54407233849571124
    outer loop
      vertex -19.766571044921875 17.675895690917969 9.1602096557617188
      vertex -19.491567611694336 18.5 9.670954704284668
      vertex -19.123157501220703 17.388208389282227 10.119482040405273
    endloop
  endfacet
  facet normal 0.19924353635596101 0.018658349394652673 -0.97977236091769704
    outer loop
      vertex -17.718652725219727 20.087348937988281 10.912651062011719
      vertex -17 17 11
      vertex -18.16180419921875 17.113557815551758 10.765901565551758
    endloop
  endfacet
  facet normal 0.85893507021309168 -0.02866286195905084 -0.51128170855444044
    outer loop
      vertex -19.833547592163086 22.014604568481445 8.9853963851928711
      vertex -19.315340042114258 21.092330932617188 9.9076700210571289
      vertex -19.647743225097656 20 9.4104814529418945
    endloop
  endfacet
  facet normal 0.85733947339346883 -0.026918610393418568 -0.51404709490074629
    outer loop
      vertex -19.647743225097656 20 9.4104814529418945
      vertex -19.315340042114258 21.092330932617188 9.9076700210571289
      vertex -19.491567611694336 20 9.670954704284668
    endloop
  endfacet
  facet normal 0.80212393019193595 -1.1131705698773863e-17 -0.59715760115185867
    outer loop
      vertex -19.315340042114258 21.092330932617188 9.9076700210571289
      vertex -19.491567611694336 18.5 9.670954704284668
      vertex -19.491567611694336 20 9.670954704284668
    endloop
  endfacet
  facet normal 0.90490973943564446 -0.0063344857031796655 -0.42555638611750446
    outer loop
      vertex -19.775070190429688 20 9.1397314071655273
      vertex -19.833547592163086 22.014604568481445 8.9853963851928711
      vertex -19.647743225097656 20 9.4104814529418945
    endloop
  endfacet
  facet normal 0.3475468030773215 -0.0055204762135867133 -0.93764638537836265
    outer loop
      vertex -17.718652725219727 20.087348937988281 10.912651062011719
      vertex -18.16180419921875 17.113557815551758 10.765901565551758
      vertex -18.363668441772461 20.327844619750977 10.672154426574707
    endloop
  endfacet
  facet normal 0.70321241698190418 -0.0041700377553058488 -0.71096758532832394
    outer loop
      vertex -18.895879745483398 20.674997329711914 10.325002670288086
      vertex -19.123157501220703 17.388208389282227 10.119482040405273
      vertex -19.315340042114258 21.092330932617188 9.9076700210571289
    endloop
  endfacet
  facet normal 0.55262034140357785 0.013893677517312859 -0.8333173009076662
    outer loop
      vertex -18.363668441772461 20.327844619750977 10.672154426574707
      vertex -19.123157501220703 17.388208389282227 10.119482040405273
      vertex -18.895879745483398 20.674997329711914 10.325002670288086
    endloop
  endfacet
  facet normal 0.12065742131178958 0 -0.99269420602841707
    outer loop
      vertex -17 20 11
      vertex -17 17 11
      vertex -17.718652725219727 20.087348937988281 10.912651062011719
    endloop
  endfacet
  facet normal 0 0 -1
    outer loop
      vertex -17 20 11
      vertex -13.75 20 11
      vertex -13.75 17 11
    endloop
  endfacet
  facet normal 0 0 -1
    outer loop
      vertex -17 20 11
      vertex -13.75 17 11
      vertex -17 17 11
    endloop
  endfacet
  facet normal 0 0 -1
    outer loop
      vertex -13.75 20 11
      vertex -10.5 20 11
      vertex -10.5 18.5 11
    endloop
  endfacet
  facet normal 0 0 -1
    outer loop
      vertex -13.75 20 11
      vertex -10.5 18.5 11
      vertex -13.75 17 11
    endloop
  endfacet
  facet normal -0 -0 -1
    outer loop
      vertex -10.5 17 11
      vertex -13.75 17 11
      vertex -10.5 18.5 11
    endloop
  endfacet
  facet normal 0.18736570324094073 0 -0.98229022862340831
    outer loop
      vertex -10.5 18.5 11
      vertex -8.4754791259765625 17 11.386164665222168
      vertex -10.5 17 11
    endloop
  endfacet
  facet normal 0.5490091987752912 -0 -0.83581630736670409
    outer loop
      vertex -8.4754791259765625 20 11.386164665222168
      vertex -6.6109127998352051 20 12.610912322998047
      vertex -6.6109127998352051 17 12.610912322998047
    endloop
  endfacet
  facet normal 0.5490091987752912 0 -0.83581630736670409
    outer loop
      vertex -8.4754791259765625 20 11.386164665222168
      vertex -6.6109127998352051 17 12.610912322998047
      vertex -8.4754791259765625 17 11.386164665222168
    endloop
  endfacet
  facet normal 0.18736570324094073 0 -0.98229022862340831
    outer loop
      vertex -10.5 20 11
      vertex -8.4754791259765625 20 11.386164665222168
      vertex -10.5 18.5 11
    endloop
  endfacet
  facet normal 0.18736570324094073 -0 -0.98229022862340831
    outer loop
      vertex -8.4754791259765625 17 11.386164665222168
      vertex -10.5 18.5 11
      vertex -8.4754791259765625 20 11.386164665222168
    endloop
  endfacet
  facet normal 0.98229027120455359 0 -0.1873654800033473
    outer loop
      vertex -5 18.5 16.5
      vertex -5 17 16.5
      vertex -5.3861641883850098 17 14.475479125976562
    endloop
  endfacet
  facet normal 0.98229027120455359 0 -0.1873654800033473
    outer loop
      vertex -5.3861641883850098 20 14.475479125976562
      vertex -5 20 16.5
      vertex -5 18.5 16.5
    endloop
  endfacet
  facet normal 0.98229027120455359 -0 -0.1873654800033473
    outer loop
      vertex -5.3861641883850098 20 14.475479125976562
      vertex -5 18.5 16.5
      vertex -5.3861641883850098 17 14.475479125976562
    endloop
  endfacet
  facet normal 0.83581617562699129 -0 -0.54900939933690607
    outer loop
      vertex -5.3861641883850098 17 14.475479125976562
      vertex -6.6109127998352051 17 12.610912322998047
      vertex -6.6109127998352051 20 12.610912322998047
    endloop
  endfacet
  facet normal 0.83581617562699129 0 -0.54900939933690607
    outer loop
      vertex -5.3861641883850098 17 14.475479125976562
      vertex -6.6109127998352051 20 12.610912322998047
      vertex -5.3861641883850098 20 14.475479125976562
    endloop
  endfacet
  facet normal 1 -0 -0
    outer loop
      vertex -5 18.5 16.5
      vertex -5 17 21
      vertex -5 17 16.5
    endloop
  endfacet
  facet normal 1 0 -0
    outer loop
      vertex -5 18.5 16.5
      vertex -5 20 16.5
      vertex -5 20 21
    endloop
  endfacet
  facet normal 1 0 -0
    outer loop
      vertex -5 18.5 25.5
      vertex -5 17 21
      vertex -5 18.5 16.5
    endloop
  endfacet
  facet normal 1 -0 0
    outer loop
      vertex -5 18.5 16.5
      vertex -5 20 21
      vertex -5 18.5 25.5
    endloop
  endfacet
  facet normal 1 0 0
    outer loop
      vertex -5 18.5 25.5
      vertex -5 20 21
      vertex -5 20 25.5
    endloop
  endfacet
  facet normal 1 0 0
    outer loop
      vertex -5 17 25.5
      vertex -5 17 21
      vertex -5 18.5 25.5
    endloop
  endfacet
  facet normal 0.98229027120455359 -0 -0.1873654800033473
    outer loop
      vertex -5 18.5 25.5
      vertex -4.6138358116149902 17 27.524520874023438
      vertex -5 17 25.5
    endloop
  endfacet
  facet normal 0.83581617562699129 0 -0.54900939933690607
    outer loop
      vertex -4.6138358116149902 20 27.524520874023438
      vertex -3.3890872001647949 20 29.389087677001953
      vertex -3.3890872001647949 17 29.389087677001953
    endloop
  endfacet
  facet normal 0.83581617562699129 0 -0.54900939933690607
    outer loop
      vertex -4.6138358116149902 20 27.524520874023438
      vertex -3.3890872001647949 17 29.389087677001953
      vertex -4.6138358116149902 17 27.524520874023438
    endloop
  endfacet
  facet normal 0.98229027120455359 -0 -0.1873654800033473
    outer loop
      vertex -5 20 25.5
      vertex -4.6138358116149902 20 27.524520874023438
      vertex -5 18.5 25.5
    endloop
  endfacet
  facet normal 0.98229027120455359 0 -0.1873654800033473
    outer loop
      vertex -4.6138358116149902 17 27.524520874023438
      vertex -5 18.5 25.5
      vertex -4.6138358116149902 20 27.524520874023438
    endloop
  endfacet
  facet normal 0.1873652567657248 0 -0.98229031378565157
    outer loop
      vertex 0.5 18.5 31
      vertex 0.5 17 31
      vertex -1.5245208740234375 17 30.613836288452148
    endloop
  endfacet
  facet normal 0.1873652567657248 0 -0.98229031378565157
    outer loop
      vertex -1.5245208740234375 20 30.613836288452148
      vertex 0.5 18.5 31
      vertex -1.5245208740234375 17 30.613836288452148
    endloop
  endfacet
  facet normal 0.54900949741985794 0 -0.83581611120078014
    outer loop
      vertex -1.5245208740234375 17 30.613836288452148
      vertex -3.3890872001647949 17 29.389087677001953
      vertex -3.3890872001647949 20 29.389087677001953
    endloop
  endfacet
  facet normal 0.54900949741985794 0 -0.83581611120078014
    outer loop
      vertex -1.5245208740234375 17 30.613836288452148
      vertex -3.3890872001647949 20 29.389087677001953
      vertex -1.5245208740234375 20 30.613836288452148
    endloop
  endfacet
  facet normal 0.1873652567657248 -0 -0.98229031378565157
    outer loop
      vertex 0.5 18.5 31
      vertex -1.5245208740234375 20 30.613836288452148
      vertex 0.5 20 31
    endloop
  endfacet
  facet normal 0.19361879895633882 -0.98107683730210693 0
    outer loop
      vertex 18 17 101
      vertex 18 17 100
      vertex 20.279462814331055 17.449859619140625 100
    endloop
  endfacet
  facet normal 0.55864974379589438 -0.82940367961372197 0
    outer loop
      vertex 20.279462814331055 17.449859619140625 102
      vertex 20.279462814331055 17.449859619140625 100
      vertex 22.286600112915039 18.801778793334961 100
    endloop
  endfacet
  facet normal 0.55864974379589438 -0.82940367961372197 0
    outer loop
      vertex 20.279462814331055 17.449859619140625 102
      vertex 22.286600112915039 18.801778793334961 100
      vertex 22.286600112915039 18.801778793334961 102
    endloop
  endfacet
  facet normal 0.19361879895633882 -0.98107683730210693 0
    outer loop
      vertex 18 17 102
      vertex 18 17 101
      vertex 20.279462814331055 17.449859619140625 102
    endloop
  endfacet
  facet normal 0.19361879895633882 -0.98107683730210693 -0
    outer loop
      vertex 20.279462814331055 17.449859619140625 100
      vertex 20.279462814331055 17.449859619140625 102
      vertex 18 17 101
    endloop
  endfacet
  facet normal 0.98275477880758511 -0.18491361423879807 0
    outer loop
      vertex 24 23 101
      vertex 23.589683532714844 20.819303512573242 100
      vertex 24 23 100
    endloop
  endfacet
  facet normal 0.98275477880758511 -0.18491361423879807 0
    outer loop
      vertex 23.589683532714844 20.819303512573242 102
      vertex 23.589683532714844 20.819303512573242 100
      vertex 24 23 101
    endloop
  endfacet
  facet normal 0.84002064754844019 -0.542554432008715 0
    outer loop
      vertex 23.589683532714844 20.819303512573242 100
      vertex 23.589683532714844 20.819303512573242 102
      vertex 22.286600112915039 18.801778793334961 102
    endloop
  endfacet
  facet normal 0.84002064754844019 -0.542554432008715 0
    outer loop
      vertex 23.589683532714844 20.819303512573242 100
      vertex 22.286600112915039 18.801778793334961 102
      vertex 22.286600112915039 18.801778793334961 100
    endloop
  endfacet
  facet normal 0.98275477880758511 -0.18491361423879807 0
    outer loop
      vertex 24 23 101
      vertex 24 23 102
      vertex 23.589683532714844 20.819303512573242 102
    endloop
  endfacet
  facet normal 1 0 -0
    outer loop
      vertex 24 28.100000381469727 101.5
      vertex 24 25.549999237060547 101.5
      vertex 24 25.549999237060547 101
    endloop
  endfacet
  facet normal 1 0 -0
    outer loop
      vertex 24 28.100000381469727 101.5
      vertex 24 25.549999237060547 101
      vertex 24 28.100000381469727 101
    endloop
  endfacet
  facet normal 1 0 -0
    outer loop
      vertex 24 28.100000381469727 101
      vertex 24 25.549999237060547 101
      vertex 24 25.549999237060547 100.5
    endloop
  endfacet
  facet normal 1 0 -0
    outer loop
      vertex 24 28.100000381469727 101
      vertex 24 25.549999237060547 100.5
      vertex 24 28.100000381469727 100.5
    endloop
  endfacet
  facet normal 1 0 -0
    outer loop
      vertex 24 71.449996948242188 101.5
      vertex 24 68.900001525878906 101.5
      vertex 24 68.900001525878906 101
    endloop
  endfacet
  facet normal 1 0 -0
    outer loop
      vertex 24 71.449996948242188 101.5
      vertex 24 68.900001525878906 101
      vertex 24 71.449996948242188 101
    endloop
  endfacet
  facet normal 1 0 -0
    outer loop
      vertex 24 71.449996948242188 101
      vertex 24 68.900001525878906 101
      vertex 24 68.900001525878906 100.5
    endloop
  endfacet
  facet normal 1 0 -0
    outer loop
      vertex 24 71.449996948242188 101
      vertex 24 68.900001525878906 100.5
      vertex 24 71.449996948242188 100.5
    endloop
  endfacet
  facet normal 1 0 -0
    outer loop
      vertex 24 23 101
      vertex 24 23 100
      vertex 24 25.549999237060547 100.5
    endloop
  endfacet
  facet normal 1 0 -0
    outer loop
      vertex 24 28.100000381469727 100.5
      vertex 24 25.549999237060547 100.5
      vertex 24 23 100
    endloop
  endfacet
  facet normal 1 0 0
    outer loop
      vertex 24 25.549999237060547 100.5
      vertex 24 25.549999237060547 101
      vertex 24 23 101
    endloop
  endfacet
  facet normal 1 0 -0
    outer loop
      vertex 24 33.200000762939453 100
      vertex 24 28.100000381469727 101
      vertex 24 28.100000381469727 100.5
    endloop
  endfacet
  facet normal 1 -0 0
    outer loop
      vertex 24 23 100
      vertex 24 33.200000762939453 100
      vertex 24 28.100000381469727 100.5
    endloop
  endfacet
  facet normal 1 0 0
    outer loop
      vertex 24 43.400001525878906 100
      vertex 24 43.400001525878906 102
      vertex 24 33.200000762939453 102
    endloop
  endfacet
  facet normal 1 0 -0
    outer loop
      vertex 24 43.400001525878906 100
      vertex 24 33.200000762939453 102
      vertex 24 33.200000762939453 100
    endloop
  endfacet
  facet normal 1 0 -0
    outer loop
      vertex 24 23 102
      vertex 24 23 101
      vertex 24 25.549999237060547 101.5
    endloop
  endfacet
  facet normal 1 0 0
    outer loop
      vertex 24 25.549999237060547 101
      vertex 24 25.549999237060547 101.5
      vertex 24 23 101
    endloop
  endfacet
  facet normal 1 0 -0
    outer loop
      vertex 24 28.100000381469727 101.5
      vertex 24 23 102
      vertex 24 25.549999237060547 101.5
    endloop
  endfacet
  facet normal 1 0 -0
    outer loop
      vertex 24 33.200000762939453 102
      vertex 24 28.100000381469727 101.5
      vertex 24 28.100000381469727 101
    endloop
  endfacet
  facet normal 1 0 0
    outer loop
      vertex 24 33.200000762939453 100
      vertex 24 33.200000762939453 102
      vertex 24 28.100000381469727 101
    endloop
  endfacet
  facet normal 1 0 0
    outer loop
      vertex 24 23 102
      vertex 24 28.100000381469727 101.5
      vertex 24 33.200000762939453 102
    endloop
  endfacet
  facet normal 1 -0 -0
    outer loop
      vertex 24 43.400001525878906 102
      vertex 24 43.400001525878906 100
      vertex 24 53.599998474121094 100
    endloop
  endfacet
  facet normal 1 0 0
    outer loop
      vertex 24 43.400001525878906 102
      vertex 24 53.599998474121094 100
      vertex 24 53.599998474121094 102
    endloop
  endfacet
  facet normal 1 0 0
    outer loop
      vertex 24 63.799999237060547 100
      vertex 24 63.799999237060547 102
      vertex 24 53.599998474121094 102
    endloop
  endfacet
  facet normal 1 0 -0
    outer loop
      vertex 24 63.799999237060547 100
      vertex 24 53.599998474121094 102
      vertex 24 53.599998474121094 100
    endloop
  endfacet
  facet normal 1 -0 -0
    outer loop
      vertex 24 74 100
      vertex 24 68.900001525878906 100.5
      vertex 24 63.799999237060547 100
    endloop
  endfacet
  facet normal 1 0 0
    outer loop
      vertex 24 68.900001525878906 100.5
      vertex 24 68.900001525878906 101
      vertex 24 63.799999237060547 100
    endloop
  endfacet
  facet normal 1 -0 -0
    outer loop
      vertex 24 74 100
      vertex 24 71.449996948242188 100.5
      vertex 24 68.900001525878906 100.5
    endloop
  endfacet
  facet normal 1 0 -0
    outer loop
      vertex 24 74 101
      vertex 24 71.449996948242188 100.5
      vertex 24 74 100
    endloop
  endfacet
  facet normal 1 0 -0
    outer loop
      vertex 24 68.900001525878906 101
      vertex 24 63.799999237060547 102
      vertex 24 63.799999237060547 100
    endloop
  endfacet
  facet normal 1 0 0
    outer loop
      vertex 24 63.799999237060547 102
      vertex 24 68.900001525878906 101
      vertex 24 68.900001525878906 101.5
    endloop
  endfacet
  facet normal 1 0 -0
    outer loop
      vertex 24 74 102
      vertex 24 63.799999237060547 102
      vertex 24 68.900001525878906 101.5
    endloop
  endfacet
  facet normal 1 -0 -0
    outer loop
      vertex 24 71.449996948242188 101.5
      vertex 24 71.449996948242188 101
      vertex 24 74 101
    endloop
  endfacet
  facet normal 1 -0 0
    outer loop
      vertex 24 71.449996948242188 100.5
      vertex 24 74 101
      vertex 24 71.449996948242188 101
    endloop
  endfacet
  facet normal 1 0 0
    outer loop
      vertex 24 68.900001525878906 101.5
      vertex 24 71.449996948242188 101.5
      vertex 24 74 102
    endloop
  endfacet
  facet normal 1 0 0
    outer loop
      vertex 24 74 101
      vertex 24 74 102
      vertex 24 71.449996948242188 101.5
    endloop
  endfacet
  facet normal 0.98107686807689798 0.19361864301875736 0
    outer loop
      vertex 24 74 101
      vertex 24 74 100
      vertex 23.550140380859375 76.279464721679688 100
    endloop
  endfacet
  facet normal 0.8294031876546043 0.55865047418612401 0
    outer loop
      vertex 23.550140380859375 76.279464721679688 102
      vertex 23.550140380859375 76.279464721679688 100
      vertex 22.198221206665039 78.286598205566406 100
    endloop
  endfacet
  facet normal 0.8294031876546043 0.55865047418612401 -0
    outer loop
      vertex 23.550140380859375 76.279464721679688 102
      vertex 22.198221206665039 78.286598205566406 100
      vertex 22.198221206665039 78.286598205566406 102
    endloop
  endfacet
  facet normal 0.98107686807689798 0.19361864301875736 0
    outer loop
      vertex 24 74 102
      vertex 24 74 101
      vertex 23.550140380859375 76.279464721679688 102
    endloop
  endfacet
  facet normal 0.98107686807689798 0.19361864301875736 0
    outer loop
      vertex 23.550140380859375 76.279464721679688 100
      vertex 23.550140380859375 76.279464721679688 102
      vertex 24 74 101
    endloop
  endfacet
  facet normal 0.18491361423879807 0.98275477880758511 0
    outer loop
      vertex 18 80 101
      vertex 20.180696487426758 79.589683532714844 100
      vertex 18 80 100
    endloop
  endfacet
  facet normal 0.18491361423879807 0.98275477880758511 0
    outer loop
      vertex 20.180696487426758 79.589683532714844 102
      vertex 20.180696487426758 79.589683532714844 100
      vertex 18 80 101
    endloop
  endfacet
  facet normal 0.18491361423879807 0.98275477880758511 0
    outer loop
      vertex 20.180696487426758 79.589683532714844 102
      vertex 18 80 101
      vertex 18 80 102
    endloop
  endfacet
  facet normal 0.54255499238638405 0.84002028561018149 -0
    outer loop
      vertex 20.180696487426758 79.589683532714844 100
      vertex 20.180696487426758 79.589683532714844 102
      vertex 22.198221206665039 78.286598205566406 102
    endloop
  endfacet
  facet normal 0.54255499238638405 0.84002028561018149 0
    outer loop
      vertex 20.180696487426758 79.589683532714844 100
      vertex 22.198221206665039 78.286598205566406 102
      vertex 22.198221206665039 78.286598205566406 100
    endloop
  endfacet
  facet normal -0 1 -0
    outer loop
      vertex 12.166666984558105 80 101.5
      vertex 15.083333015441895 80 101.5
      vertex 15.083333015441895 80 101
    endloop
  endfacet
  facet normal -0 1 -0
    outer loop
      vertex 12.166666984558105 80 101.5
      vertex 15.083333015441895 80 101
      vertex 12.166666984558105 80 101
    endloop
  endfacet
  facet normal -0 1 -0
    outer loop
      vertex 12.166666984558105 80 101
      vertex 15.083333015441895 80 101
      vertex 15.083333015441895 80 100.5
    endloop
  endfacet
  facet normal -0 1 -0
    outer loop
      vertex 12.166666984558105 80 101
      vertex 15.083333015441895 80 100.5
      vertex 12.166666984558105 80 100.5
    endloop
  endfacet
  facet normal -0 1 -0
    outer loop
      vertex -14.083333015441895 80 101.5
      vertex -11.166666984558105 80 101.5
      vertex -11.166666984558105 80 101
    endloop
  endfacet
  facet normal -0 1 -0
    outer loop
      vertex -14.083333015441895 80 101.5
      vertex -11.166666984558105 80 101
      vertex -14.083333015441895 80 101
    endloop
  endfacet
  facet normal -0 1 -0
    outer loop
      vertex -14.083333015441895 80 101
      vertex -11.166666984558105 80 101
      vertex -11.166666984558105 80 100.5
    endloop
  endfacet
  facet normal -0 1 -0
    outer loop
      vertex -14.083333015441895 80 101
      vertex -11.166666984558105 80 100.5
      vertex -14.083333015441895 80 100.5
    endloop
  endfacet
  facet normal 0 1 -0
    outer loop
      vertex 15.083333015441895 80 100.5
      vertex 18 80 101
      vertex 18 80 100
    endloop
  endfacet
  facet normal 0 1 0
    outer loop
      vertex 15.083333015441895 80 100.5
      vertex 18 80 100
      vertex 12.166666984558105 80 100.5
    endloop
  endfacet
  facet normal 0 1 -0
    outer loop
      vertex 6.3333334922790527 80 100
      vertex 12.166666984558105 80 100.5
      vertex 18 80 100
    endloop
  endfacet
  facet normal 0 1 -0
    outer loop
      vertex 12.166666984558105 80 101
      vertex 12.166666984558105 80 100.5
      vertex 6.3333334922790527 80 100
    endloop
  endfacet
  facet normal -0 1 -0
    outer loop
      vertex 15.083333015441895 80 101
      vertex 18 80 101
      vertex 15.083333015441895 80 100.5
    endloop
  endfacet
  facet normal 0 1 -0
    outer loop
      vertex 18 80 102
      vertex 18 80 101
      vertex 15.083333015441895 80 101.5
    endloop
  endfacet
  facet normal 0 1 0
    outer loop
      vertex 15.083333015441895 80 101
      vertex 15.083333015441895 80 101.5
      vertex 18 80 101
    endloop
  endfacet
  facet normal -0 1 0
    outer loop
      vertex 12.166666984558105 80 101.5
      vertex 18 80 102
      vertex 15.083333015441895 80 101.5
    endloop
  endfacet
  facet normal 0 1 0
    outer loop
      vertex 12.166666984558105 80 101.5
      vertex 12.166666984558105 80 101
      vertex 6.3333334922790527 80 102
    endloop
  endfacet
  facet normal 0 1 0
    outer loop
      vertex 6.3333334922790527 80 100
      vertex 6.3333334922790527 80 102
      vertex 12.166666984558105 80 101
    endloop
  endfacet
  facet normal -0 1 0
    outer loop
      vertex 18 80 102
      vertex 12.166666984558105 80 101.5
      vertex 6.3333334922790527 80 102
    endloop
  endfacet
  facet normal 0 1 -0
    outer loop
      vertex 6.3333334922790527 80 102
      vertex 6.3333334922790527 80 100
      vertex -5.3333334922790527 80 100
    endloop
  endfacet
  facet normal 0 1 -0
    outer loop
      vertex 6.3333334922790527 80 102
      vertex -5.3333334922790527 80 100
      vertex -5.3333334922790527 80 102
    endloop
  endfacet
  facet normal -0 1 -0
    outer loop
      vertex -11.166666984558105 80 100.5
      vertex -11.166666984558105 80 101
      vertex -5.3333334922790527 80 100
    endloop
  endfacet
  facet normal 0 1 -0
    outer loop
      vertex -17 80 100
      vertex -11.166666984558105 80 100.5
      vertex -5.3333334922790527 80 100
    endloop
  endfacet
  facet normal -0 1 -0
    outer loop
      vertex -17 80 101
      vertex -14.083333015441895 80 100.5
      vertex -17 80 100
    endloop
  endfacet
  facet normal 0 1 -0
    outer loop
      vertex -11.166666984558105 80 100.5
      vertex -17 80 100
      vertex -14.083333015441895 80 100.5
    endloop
  endfacet
  facet normal 0 1 0
    outer loop
      vertex -14.083333015441895 80 100.5
      vertex -17 80 101
      vertex -14.083333015441895 80 101
    endloop
  endfacet
  facet normal 0 1 -0
    outer loop
      vertex -11.166666984558105 80 101.5
      vertex -5.3333334922790527 80 102
      vertex -11.166666984558105 80 101
    endloop
  endfacet
  facet normal 0 1 0
    outer loop
      vertex -5.3333334922790527 80 100
      vertex -11.166666984558105 80 101
      vertex -5.3333334922790527 80 102
    endloop
  endfacet
  facet normal -0 1 -0
    outer loop
      vertex -17 80 102
      vertex -5.3333334922790527 80 102
      vertex -11.166666984558105 80 101.5
    endloop
  endfacet
  facet normal 0 1 0
    outer loop
      vertex -14.083333015441895 80 101
      vertex -17 80 101
      vertex -14.083333015441895 80 101.5
    endloop
  endfacet
  facet normal -0 1 -0
    outer loop
      vertex -17 80 102
      vertex -14.083333015441895 80 101.5
      vertex -17 80 101
    endloop
  endfacet
  facet normal -0 1 -0
    outer loop
      vertex -11.166666984558105 80 101.5
      vertex -14.083333015441895 80 101.5
      vertex -17 80 102
    endloop
  endfacet
  facet normal -0.19361879895633882 0.98107683730210693 0
    outer loop
      vertex -17 80 101
      vertex -17 80 100
      vertex -19.279462814331055 79.550140380859375 100
    endloop
  endfacet
  facet normal -0.55865028598475097 0.82940331441895987 0
    outer loop
      vertex -19.279462814331055 79.550140380859375 102
      vertex -19.279462814331055 79.550140380859375 100
      vertex -21.286600112915039 78.198219299316406 100
    endloop
  endfacet
  facet normal -0.55865028598475097 0.82940331441895987 -0
    outer loop
      vertex -19.279462814331055 79.550140380859375 102
      vertex -21.286600112915039 78.198219299316406 100
      vertex -21.286600112915039 78.198219299316406 102
    endloop
  endfacet
  facet normal -0.19361879895633882 0.98107683730210693 0
    outer loop
      vertex -17 80 102
      vertex -17 80 101
      vertex -19.279462814331055 79.550140380859375 102
    endloop
  endfacet
  facet normal -0.19361879895633882 0.98107683730210693 -0
    outer loop
      vertex -19.279462814331055 79.550140380859375 100
      vertex -19.279462814331055 79.550140380859375 102
      vertex -17 80 101
    endloop
  endfacet
  facet normal -0.98275474941631513 0.1849137704436194 0
    outer loop
      vertex -23 74 101
      vertex -22.589683532714844 76.180694580078125 100
      vertex -23 74 100
    endloop
  endfacet
  facet normal -0.98275474941631513 0.1849137704436194 0
    outer loop
      vertex -22.589683532714844 76.180694580078125 102
      vertex -22.589683532714844 76.180694580078125 100
      vertex -23 74 101
    endloop
  endfacet
  facet normal -0.84002064754844019 0.542554432008715 0
    outer loop
      vertex -22.589683532714844 76.180694580078125 100
      vertex -22.589683532714844 76.180694580078125 102
      vertex -21.286600112915039 78.198219299316406 102
    endloop
  endfacet
  facet normal -0.84002064754844019 0.542554432008715 0
    outer loop
      vertex -22.589683532714844 76.180694580078125 100
      vertex -21.286600112915039 78.198219299316406 102
      vertex -21.286600112915039 78.198219299316406 100
    endloop
  endfacet
  facet normal -0.98275474941631513 0.1849137704436194 -0
    outer loop
      vertex -23 74 101
      vertex -23 74 102
      vertex -22.589683532714844 76.180694580078125 102
    endloop
  endfacet
  facet normal -1 0 0
    outer loop
      vertex -23 68.900001525878906 101.5
      vertex -23 71.449996948242188 101.5
      vertex -23 71.449996948242188 101
    endloop
  endfacet
  facet normal -1 0 0
    outer loop
      vertex -23 68.900001525878906 101.5
      vertex -23 71.449996948242188 101
      vertex -23 68.900001525878906 101
    endloop
  endfacet
  facet normal -1 0 0
    outer loop
      vertex -23 68.900001525878906 101
      vertex -23 71.449996948242188 101
      vertex -23 71.449996948242188 100.5
    endloop
  endfacet
  facet normal -1 0 0
    outer loop
      vertex -23 68.900001525878906 101
      vertex -23 71.449996948242188 100.5
      vertex -23 68.900001525878906 100.5
    endloop
  endfacet
  facet normal -1 0 0
    outer loop
      vertex -23 25.549999237060547 101.5
      vertex -23 28.100000381469727 101.5
      vertex -23 28.100000381469727 101
    endloop
  endfacet
  facet normal -1 0 0
    outer loop
      vertex -23 25.549999237060547 101.5
      vertex -23 28.100000381469727 101
      vertex -23 25.549999237060547 101
    endloop
  endfacet
  facet normal -1 0 0
    outer loop
      vertex -23 25.549999237060547 101
      vertex -23 28.100000381469727 101
      vertex -23 28.100000381469727 100.5
    endloop
  endfacet
  facet normal -1 0 0
    outer loop
      vertex -23 25.549999237060547 101
      vertex -23 28.100000381469727 100.5
      vertex -23 25.549999237060547 100.5
    endloop
  endfacet
  facet normal -1 0 0
    outer loop
      vertex -23 74 101
      vertex -23 74 100
      vertex -23 71.449996948242188 100.5
    endloop
  endfacet
  facet normal -1 0 0
    outer loop
      vertex -23 68.900001525878906 100.5
      vertex -23 71.449996948242188 100.5
      vertex -23 74 100
    endloop
  endfacet
  facet normal -1 0 -0
    outer loop
      vertex -23 71.449996948242188 100.5
      vertex -23 71.449996948242188 101
      vertex -23 74 101
    endloop
  endfacet
  facet normal -1 0 0
    outer loop
      vertex -23 63.799999237060547 100
      vertex -23 68.900001525878906 101
      vertex -23 68.900001525878906 100.5
    endloop
  endfacet
  facet normal -1 -0 -0
    outer loop
      vertex -23 74 100
      vertex -23 63.799999237060547 100
      vertex -23 68.900001525878906 100.5
    endloop
  endfacet
  facet normal -1 0 -0
    outer loop
      vertex -23 53.599998474121094 100
      vertex -23 53.599998474121094 102
      vertex -23 63.799999237060547 102
    endloop
  endfacet
  facet normal -1 0 0
    outer loop
      vertex -23 53.599998474121094 100
      vertex -23 63.799999237060547 102
      vertex -23 63.799999237060547 100
    endloop
  endfacet
  facet normal -1 0 0
    outer loop
      vertex -23 74 102
      vertex -23 74 101
      vertex -23 71.449996948242188 101.5
    endloop
  endfacet
  facet normal -1 0 -0
    outer loop
      vertex -23 71.449996948242188 101
      vertex -23 71.449996948242188 101.5
      vertex -23 74 101
    endloop
  endfacet
  facet normal -1 0 0
    outer loop
      vertex -23 68.900001525878906 101.5
      vertex -23 74 102
      vertex -23 71.449996948242188 101.5
    endloop
  endfacet
  facet normal -1 0 0
    outer loop
      vertex -23 63.799999237060547 102
      vertex -23 68.900001525878906 101.5
      vertex -23 68.900001525878906 101
    endloop
  endfacet
  facet normal -1 0 -0
    outer loop
      vertex -23 63.799999237060547 100
      vertex -23 63.799999237060547 102
      vertex -23 68.900001525878906 101
    endloop
  endfacet
  facet normal -1 0 -0
    outer loop
      vertex -23 74 102
      vertex -23 68.900001525878906 101.5
      vertex -23 63.799999237060547 102
    endloop
  endfacet
  facet normal -1 -0 0
    outer loop
      vertex -23 53.599998474121094 102
      vertex -23 53.599998474121094 100
      vertex -23 43.400001525878906 100
    endloop
  endfacet
  facet normal -1 0 -0
    outer loop
      vertex -23 53.599998474121094 102
      vertex -23 43.400001525878906 100
      vertex -23 43.400001525878906 102
    endloop
  endfacet
  facet normal -1 0 -0
    outer loop
      vertex -23 33.200000762939453 100
      vertex -23 33.200000762939453 102
      vertex -23 43.400001525878906 102
    endloop
  endfacet
  facet normal -1 0 0
    outer loop
      vertex -23 33.200000762939453 100
      vertex -23 43.400001525878906 102
      vertex -23 43.400001525878906 100
    endloop
  endfacet
  facet normal -1 -0 0
    outer loop
      vertex -23 23 100
      vertex -23 28.100000381469727 100.5
      vertex -23 33.200000762939453 100
    endloop
  endfacet
  facet normal -1 0 -0
    outer loop
      vertex -23 28.100000381469727 100.5
      vertex -23 28.100000381469727 101
      vertex -23 33.200000762939453 100
    endloop
  endfacet
  facet normal -1 -0 0
    outer loop
      vertex -23 23 100
      vertex -23 25.549999237060547 100.5
      vertex -23 28.100000381469727 100.5
    endloop
  endfacet
  facet normal -1 0 0
    outer loop
      vertex -23 23 101
      vertex -23 25.549999237060547 100.5
      vertex -23 23 100
    endloop
  endfacet
  facet normal -1 0 0
    outer loop
      vertex -23 28.100000381469727 101
      vertex -23 33.200000762939453 102
      vertex -23 33.200000762939453 100
    endloop
  endfacet
  facet normal -1 0 -0
    outer loop
      vertex -23 33.200000762939453 102
      vertex -23 28.100000381469727 101
      vertex -23 28.100000381469727 101.5
    endloop
  endfacet
  facet normal -1 0 0
    outer loop
      vertex -23 23 102
      vertex -23 33.200000762939453 102
      vertex -23 28.100000381469727 101.5
    endloop
  endfacet
  facet normal -1 -0 0
    outer loop
      vertex -23 25.549999237060547 101.5
      vertex -23 25.549999237060547 101
      vertex -23 23 101
    endloop
  endfacet
  facet normal -1 -0 -0
    outer loop
      vertex -23 25.549999237060547 100.5
      vertex -23 23 101
      vertex -23 25.549999237060547 101
    endloop
  endfacet
  facet normal -1 0 -0
    outer loop
      vertex -23 28.100000381469727 101.5
      vertex -23 25.549999237060547 101.5
      vertex -23 23 102
    endloop
  endfacet
  facet normal -1 0 -0
    outer loop
      vertex -23 23 101
      vertex -23 23 102
      vertex -23 25.549999237060547 101.5
    endloop
  endfacet
  facet normal -0.98107683730210693 -0.19361879895633882 0
    outer loop
      vertex -23 23 101
      vertex -23 23 100
      vertex -22.550140380859375 20.720537185668945 100
    endloop
  endfacet
  facet normal -0.82940367961372197 -0.55864974379589438 0
    outer loop
      vertex -22.550140380859375 20.720537185668945 102
      vertex -22.550140380859375 20.720537185668945 100
      vertex -21.198221206665039 18.713399887084961 100
    endloop
  endfacet
  facet normal -0.82940367961372197 -0.55864974379589438 0
    outer loop
      vertex -22.550140380859375 20.720537185668945 102
      vertex -21.198221206665039 18.713399887084961 100
      vertex -21.198221206665039 18.713399887084961 102
    endloop
  endfacet
  facet normal -0.98107683730210693 -0.19361879895633882 0
    outer loop
      vertex -23 23 102
      vertex -23 23 101
      vertex -22.550140380859375 20.720537185668945 102
    endloop
  endfacet
  facet normal -0.98107683730210693 -0.19361879895633882 -0
    outer loop
      vertex -22.550140380859375 20.720537185668945 100
      vertex -22.550140380859375 20.720537185668945 102
      vertex -23 23 101
    endloop
  endfacet
  facet normal -0.18491361423879807 -0.98275477880758511 0
    outer loop
      vertex -17 17 101
      vertex -19.180696487426758 17.410316467285156 100
      vertex -17 17 100
    endloop
  endfacet
  facet normal -0.18491361423879807 -0.98275477880758511 0
    outer loop
      vertex -19.180696487426758 17.410316467285156 102
      vertex -19.180696487426758 17.410316467285156 100
      vertex -17 17 101
    endloop
  endfacet
  facet normal -0.18491361423879807 -0.98275477880758511 0
    outer loop
      vertex -19.180696487426758 17.410316467285156 102
      vertex -17 17 101
      vertex -17 17 102
    endloop
  endfacet
  facet normal -0.542554432008715 -0.84002064754844019 0
    outer loop
      vertex -19.180696487426758 17.410316467285156 100
      vertex -19.180696487426758 17.410316467285156 102
      vertex -21.198221206665039 18.713399887084961 102
    endloop
  endfacet
  facet normal -0.542554432008715 -0.84002064754844019 0
    outer loop
      vertex -19.180696487426758 17.410316467285156 100
      vertex -21.198221206665039 18.713399887084961 102
      vertex -21.198221206665039 18.713399887084961 100
    endloop
  endfacet
  facet normal -0 -1 0
    outer loop
      vertex -11.166666984558105 17 101.5
      vertex -14.083333015441895 17 101.5
      vertex -14.083333015441895 17 101
    endloop
  endfacet
  facet normal -0 -1 0
    outer loop
      vertex -11.166666984558105 17 101.5
      vertex -14.083333015441895 17 101
      vertex -11.166666984558105 17 101
    endloop
  endfacet
  facet normal -0 -1 0
    outer loop
      vertex -11.166666984558105 17 101
      vertex -14.083333015441895 17 101
      vertex -14.083333015441895 17 100.5
    endloop
  endfacet
  facet normal -0 -1 0
    outer loop
      vertex -11.166666984558105 17 101
      vertex -14.083333015441895 17 100.5
      vertex -11.166666984558105 17 100.5
    endloop
  endfacet
  facet normal -0 -1 0
    outer loop
      vertex 15.083333015441895 17 101.5
      vertex 12.166666984558105 17 101.5
      vertex 12.166666984558105 17 101
    endloop
  endfacet
  facet normal -0 -1 0
    outer loop
      vertex 15.083333015441895 17 101.5
      vertex 12.166666984558105 17 101
      vertex 15.083333015441895 17 101
    endloop
  endfacet
  facet normal -0 -1 0
    outer loop
      vertex 15.083333015441895 17 101
      vertex 12.166666984558105 17 101
      vertex 12.166666984558105 17 100.5
    endloop
  endfacet
  facet normal -0 -1 0
    outer loop
      vertex 15.083333015441895 17 101
      vertex 12.166666984558105 17 100.5
      vertex 15.083333015441895 17 100.5
    endloop
  endfacet
  facet normal 0 -1 0
    outer loop
      vertex -14.083333015441895 17 100.5
      vertex -17 17 101
      vertex -17 17 100
    endloop
  endfacet
  facet normal 0 -1 -0
    outer loop
      vertex -14.083333015441895 17 100.5
      vertex -17 17 100
      vertex -11.166666984558105 17 100.5
    endloop
  endfacet
  facet normal 0 -1 0
    outer loop
      vertex -5.3333334922790527 17 100
      vertex -11.166666984558105 17 100.5
      vertex -17 17 100
    endloop
  endfacet
  facet normal -0 -1 0
    outer loop
      vertex -14.083333015441895 17 101
      vertex -17 17 101
      vertex -14.083333015441895 17 100.5
    endloop
  endfacet
  facet normal -0 -1 -0
    outer loop
      vertex -5.3333334922790527 17 100
      vertex -11.166666984558105 17 101
      vertex -11.166666984558105 17 100.5
    endloop
  endfacet
  facet normal 0 -1 0
    outer loop
      vertex -17 17 102
      vertex -17 17 101
      vertex -14.083333015441895 17 101.5
    endloop
  endfacet
  facet normal 0 -1 -0
    outer loop
      vertex -14.083333015441895 17 101
      vertex -14.083333015441895 17 101.5
      vertex -17 17 101
    endloop
  endfacet
  facet normal -0 -1 -0
    outer loop
      vertex -11.166666984558105 17 101.5
      vertex -17 17 102
      vertex -14.083333015441895 17 101.5
    endloop
  endfacet
  facet normal 0 -1 -0
    outer loop
      vertex -11.166666984558105 17 101.5
      vertex -11.166666984558105 17 101
      vertex -5.3333334922790527 17 102
    endloop
  endfacet
  facet normal 0 -1 -0
    outer loop
      vertex -5.3333334922790527 17 100
      vertex -5.3333334922790527 17 102
      vertex -11.166666984558105 17 101
    endloop
  endfacet
  facet normal -0 -1 -0
    outer loop
      vertex -17 17 102
      vertex -11.166666984558105 17 101.5
      vertex -5.3333334922790527 17 102
    endloop
  endfacet
  facet normal 0 -1 0
    outer loop
      vertex -5.3333334922790527 17 102
      vertex -5.3333334922790527 17 100
      vertex 6.3333334922790527 17 100
    endloop
  endfacet
  facet normal 0 -1 0
    outer loop
      vertex -5.3333334922790527 17 102
      vertex 6.3333334922790527 17 100
      vertex 6.3333334922790527 17 102
    endloop
  endfacet
  facet normal -0 -1 0
    outer loop
      vertex 12.166666984558105 17 101
      vertex 6.3333334922790527 17 100
      vertex 12.166666984558105 17 100.5
    endloop
  endfacet
  facet normal 0 -1 0
    outer loop
      vertex 18 17 100
      vertex 12.166666984558105 17 100.5
      vertex 6.3333334922790527 17 100
    endloop
  endfacet
  facet normal 0 -1 0
    outer loop
      vertex 12.166666984558105 17 100.5
      vertex 18 17 100
      vertex 15.083333015441895 17 100.5
    endloop
  endfacet
  facet normal -0 -1 0
    outer loop
      vertex 18 17 101
      vertex 15.083333015441895 17 100.5
      vertex 18 17 100
    endloop
  endfacet
  facet normal 0 -1 0
    outer loop
      vertex 6.3333334922790527 17 102
      vertex 6.3333334922790527 17 100
      vertex 12.166666984558105 17 101
    endloop
  endfacet
  facet normal 0 -1 0
    outer loop
      vertex 6.3333334922790527 17 102
      vertex 12.166666984558105 17 101
      vertex 12.166666984558105 17 101.5
    endloop
  endfacet
  facet normal -0 -1 0
    outer loop
      vertex 18 17 102
      vertex 6.3333334922790527 17 102
      vertex 12.166666984558105 17 101.5
    endloop
  endfacet
  facet normal -0 -1 0
    outer loop
      vertex 18 17 102
      vertex 15.083333015441895 17 101.5
      vertex 18 17 101
    endloop
  endfacet
  facet normal 0 -1 -0
    outer loop
      vertex 15.083333015441895 17 101
      vertex 18 17 101
      vertex 15.083333015441895 17 101.5
    endloop
  endfacet
  facet normal -0 -1 0
    outer loop
      vertex 12.166666984558105 17 101.5
      vertex 15.083333015441895 17 101.5
      vertex 18 17 102
    endloop
  endfacet
  facet normal -0 -1 0
    outer loop
      vertex 18 17 101
      vertex 15.083333015441895 17 101
      vertex 15.083333015441895 17 100.5
    endloop
  endfacet
  facet normal -0 0 -1
    outer loop
      vertex 20.899999618530273 74 100
      vertex 23.550140380859375 76.279464721679688 100
      vertex 24 74 100
    endloop
  endfacet
  facet normal 0 0 -1
    outer loop
      vertex 20.899999618530273 74 100
      vertex 20.682567596435547 75.101737976074219 100
      vertex 23.550140380859375 76.279464721679688 100
    endloop
  endfacet
  facet normal 0 0 -1
    outer loop
      vertex 22.198221206665039 78.286598205566406 100
      vertex 23.550140380859375 76.279464721679688 100
      vertex 20.682567596435547 75.101737976074219 100
    endloop
  endfacet
  facet normal -0 -0 -1
    outer loop
      vertex 20.899999618530273 74 100
      vertex 24 74 100
      vertex 24 63.799999237060547 100
    endloop
  endfacet
  facet normal -0 -0 -1
    outer loop
      vertex 20.899999618530273 74 100
      vertex 24 63.799999237060547 100
      vertex 20.899999618530273 63.799999237060547 100
    endloop
  endfacet
  facet normal 0 0 -1
    outer loop
      vertex 24 53.599998474121094 100
      vertex 20.899999618530273 53.599998474121094 100
      vertex 20.899999618530273 63.799999237060547 100
    endloop
  endfacet
  facet normal 0 0 -1
    outer loop
      vertex 24 53.599998474121094 100
      vertex 20.899999618530273 63.799999237060547 100
      vertex 24 63.799999237060547 100
    endloop
  endfacet
  facet normal 0 0 -1
    outer loop
      vertex 24 43.400001525878906 100
      vertex 20.899999618530273 43.400001525878906 100
      vertex 20.899999618530273 53.599998474121094 100
    endloop
  endfacet
  facet normal -0 0 -1
    outer loop
      vertex 24 43.400001525878906 100
      vertex 20.899999618530273 53.599998474121094 100
      vertex 24 53.599998474121094 100
    endloop
  endfacet
  facet normal 0 0 -1
    outer loop
      vertex 18 80 100
      vertex 20.180696487426758 79.589683532714844 100
      vertex 19.05400276184082 76.701683044433594 100
    endloop
  endfacet
  facet normal 0 -0 -1
    outer loop
      vertex 18 80 100
      vertex 6.3333334922790527 76.900001525878906 100
      vertex 6.3333334922790527 80 100
    endloop
  endfacet
  facet normal -0 -0 -1
    outer loop
      vertex 6.3333334922790527 76.900001525878906 100
      vertex -5.3333334922790527 76.900001525878906 100
      vertex -5.3333334922790527 80 100
    endloop
  endfacet
  facet normal -0 -0 -1
    outer loop
      vertex 6.3333334922790527 76.900001525878906 100
      vertex -5.3333334922790527 80 100
      vertex 6.3333334922790527 80 100
    endloop
  endfacet
  facet normal 0 0 -1
    outer loop
      vertex 6.3333334922790527 76.900001525878906 100
      vertex 18 80 100
      vertex 18 76.900001525878906 100
    endloop
  endfacet
  facet normal -0 0 -1
    outer loop
      vertex 20.029140472412109 76.071853637695312 100
      vertex 22.198221206665039 78.286598205566406 100
      vertex 20.682567596435547 75.101737976074219 100
    endloop
  endfacet
  facet normal 0 0 -1
    outer loop
      vertex 18 80 100
      vertex 19.05400276184082 76.701683044433594 100
      vertex 18 76.900001525878906 100
    endloop
  endfacet
  facet normal -0 0 -1
    outer loop
      vertex 19.05400276184082 76.701683044433594 100
      vertex 20.180696487426758 79.589683532714844 100
      vertex 20.029140472412109 76.071853637695312 100
    endloop
  endfacet
  facet normal 0 0 -1
    outer loop
      vertex 20.180696487426758 79.589683532714844 100
      vertex 22.198221206665039 78.286598205566406 100
      vertex 20.029140472412109 76.071853637695312 100
    endloop
  endfacet
  facet normal 0 0 -1
    outer loop
      vertex 24 33.200000762939453 100
      vertex 20.899999618530273 33.200000762939453 100
      vertex 20.899999618530273 43.400001525878906 100
    endloop
  endfacet
  facet normal 0 0 -1
    outer loop
      vertex 24 33.200000762939453 100
      vertex 20.899999618530273 43.400001525878906 100
      vertex 24 43.400001525878906 100
    endloop
  endfacet
  facet normal 0 0 -1
    outer loop
      vertex 24 23 100
      vertex 20.899999618530273 23 100
      vertex 20.899999618530273 33.200000762939453 100
    endloop
  endfacet
  facet normal 0 0 -1
    outer loop
      vertex 24 23 100
      vertex 20.899999618530273 33.200000762939453 100
      vertex 24 33.200000762939453 100
    endloop
  endfacet
  facet normal 0 0 -1
    outer loop
      vertex 20.899999618530273 23 100
      vertex 24 23 100
      vertex 23.589683532714844 20.819303512573242 100
    endloop
  endfacet
  facet normal 0 0 -1
    outer loop
      vertex 20.899999618530273 23 100
      vertex 23.589683532714844 20.819303512573242 100
      vertex 20.701681137084961 21.94599723815918 100
    endloop
  endfacet
  facet normal -0 0 -1
    outer loop
      vertex 22.286600112915039 18.801778793334961 100
      vertex 20.701681137084961 21.94599723815918 100
      vertex 23.589683532714844 20.819303512573242 100
    endloop
  endfacet
  facet normal 0 0 -1
    outer loop
      vertex 22.286600112915039 18.801778793334961 100
      vertex 20.279462814331055 17.449859619140625 100
      vertex 20.071855545043945 20.970859527587891 100
    endloop
  endfacet
  facet normal -0 0 -1
    outer loop
      vertex 18 17 100
      vertex 18 20.100000381469727 100
      vertex 19.101739883422852 20.317432403564453 100
    endloop
  endfacet
  facet normal -0 -0 -1
    outer loop
      vertex 20.279462814331055 17.449859619140625 100
      vertex 19.101739883422852 20.317432403564453 100
      vertex 20.071855545043945 20.970859527587891 100
    endloop
  endfacet
  facet normal -0 0 -1
    outer loop
      vertex 18 17 100
      vertex 19.101739883422852 20.317432403564453 100
      vertex 20.279462814331055 17.449859619140625 100
    endloop
  endfacet
  facet normal 0 -0 -1
    outer loop
      vertex -5.3333334922790527 17 100
      vertex -5.3333334922790527 20.100000381469727 100
      vertex 6.3333334922790527 20.100000381469727 100
    endloop
  endfacet
  facet normal 0 -0 -1
    outer loop
      vertex -5.3333334922790527 17 100
      vertex 6.3333334922790527 20.100000381469727 100
      vertex 6.3333334922790527 17 100
    endloop
  endfacet
  facet normal -0 0 -1
    outer loop
      vertex 18 20.100000381469727 100
      vertex 18 17 100
      vertex 6.3333334922790527 17 100
    endloop
  endfacet
  facet normal 0 -0 -1
    outer loop
      vertex 18 20.100000381469727 100
      vertex 6.3333334922790527 17 100
      vertex 6.3333334922790527 20.100000381469727 100
    endloop
  endfacet
  facet normal 0 0 -1
    outer loop
      vertex 20.701681137084961 21.94599723815918 100
      vertex 22.286600112915039 18.801778793334961 100
      vertex 20.071855545043945 20.970859527587891 100
    endloop
  endfacet
  facet normal -0 -0 -1
    outer loop
      vertex -5.3333334922790527 76.900001525878906 100
      vertex -17 76.900001525878906 100
      vertex -17 80 100
    endloop
  endfacet
  facet normal -0 -0 -1
    outer loop
      vertex -5.3333334922790527 76.900001525878906 100
      vertex -17 80 100
      vertex -5.3333334922790527 80 100
    endloop
  endfacet
  facet normal -0 0 -1
    outer loop
      vertex -19.279462814331055 79.550140380859375 100
      vertex -17 80 100
      vertex -18.101739883422852 76.682563781738281 100
    endloop
  endfacet
  facet normal 0 0 -1
    outer loop
      vertex -17 80 100
      vertex -17 76.900001525878906 100
      vertex -18.101739883422852 76.682563781738281 100
    endloop
  endfacet
  facet normal -0 0 -1
    outer loop
      vertex -19.071855545043945 76.029136657714844 100
      vertex -19.701681137084961 75.054000854492188 100
      vertex -21.286600112915039 78.198219299316406 100
    endloop
  endfacet
  facet normal 0 0 -1
    outer loop
      vertex -19.071855545043945 76.029136657714844 100
      vertex -19.279462814331055 79.550140380859375 100
      vertex -18.101739883422852 76.682563781738281 100
    endloop
  endfacet
  facet normal -0 -0 -1
    outer loop
      vertex -21.286600112915039 78.198219299316406 100
      vertex -19.279462814331055 79.550140380859375 100
      vertex -19.071855545043945 76.029136657714844 100
    endloop
  endfacet
  facet normal 0 -0 -1
    outer loop
      vertex -19.899999618530273 74 100
      vertex -22.589683532714844 76.180694580078125 100
      vertex -19.701681137084961 75.054000854492188 100
    endloop
  endfacet
  facet normal 0 0 -1
    outer loop
      vertex -21.286600112915039 78.198219299316406 100
      vertex -19.701681137084961 75.054000854492188 100
      vertex -22.589683532714844 76.180694580078125 100
    endloop
  endfacet
  facet normal -0 -0 -1
    outer loop
      vertex -19.899999618530273 74 100
      vertex -23 74 100
      vertex -22.589683532714844 76.180694580078125 100
    endloop
  endfacet
  facet normal -0 -0 -1
    outer loop
      vertex -23 74 100
      vertex -19.899999618530273 74 100
      vertex -19.899999618530273 63.799999237060547 100
    endloop
  endfacet
  facet normal -0 -0 -1
    outer loop
      vertex -23 74 100
      vertex -19.899999618530273 63.799999237060547 100
      vertex -23 63.799999237060547 100
    endloop
  endfacet
  facet normal -0 0 -1
    outer loop
      vertex -23 53.599998474121094 100
      vertex -23 63.799999237060547 100
      vertex -19.899999618530273 63.799999237060547 100
    endloop
  endfacet
  facet normal -0 0 -1
    outer loop
      vertex -23 53.599998474121094 100
      vertex -19.899999618530273 63.799999237060547 100
      vertex -19.899999618530273 53.599998474121094 100
    endloop
  endfacet
  facet normal 0 -0 -1
    outer loop
      vertex -19.899999618530273 53.599998474121094 100
      vertex -19.899999618530273 43.400001525878906 100
      vertex -23 43.400001525878906 100
    endloop
  endfacet
  facet normal 0 -0 -1
    outer loop
      vertex -19.899999618530273 53.599998474121094 100
      vertex -23 43.400001525878906 100
      vertex -23 53.599998474121094 100
    endloop
  endfacet
  facet normal -0 0 -1
    outer loop
      vertex -21.198221206665039 18.713399887084961 100
      vertex -19.029140472412109 20.928144454956055 100
      vertex -19.180696487426758 17.410316467285156 100
    endloop
  endfacet
  facet normal -0 0 -1
    outer loop
      vertex -19.180696487426758 17.410316467285156 100
      vertex -19.029140472412109 20.928144454956055 100
      vertex -18.05400276184082 20.298318862915039 100
    endloop
  endfacet
  facet normal 0 -0 -1
    outer loop
      vertex -17 17 100
      vertex -17 20.100000381469727 100
      vertex -5.3333334922790527 17 100
    endloop
  endfacet
  facet normal 0 0 -1
    outer loop
      vertex -5.3333334922790527 20.100000381469727 100
      vertex -5.3333334922790527 17 100
      vertex -17 20.100000381469727 100
    endloop
  endfacet
  facet normal 0 0 -1
    outer loop
      vertex -18.05400276184082 20.298318862915039 100
      vertex -17 20.100000381469727 100
      vertex -17 17 100
    endloop
  endfacet
  facet normal -0 -0 -1
    outer loop
      vertex -17 17 100
      vertex -19.180696487426758 17.410316467285156 100
      vertex -18.05400276184082 20.298318862915039 100
    endloop
  endfacet
  facet normal -0 0 -1
    outer loop
      vertex -21.198221206665039 18.713399887084961 100
      vertex -19.682567596435547 21.898260116577148 100
      vertex -19.029140472412109 20.928144454956055 100
    endloop
  endfacet
  facet normal 0 0 -1
    outer loop
      vertex -19.899999618530273 33.200000762939453 100
      vertex -23 33.200000762939453 100
      vertex -23 43.400001525878906 100
    endloop
  endfacet
  facet normal 0 0 -1
    outer loop
      vertex -19.899999618530273 33.200000762939453 100
      vertex -23 43.400001525878906 100
      vertex -19.899999618530273 43.400001525878906 100
    endloop
  endfacet
  facet normal 0 0 -1
    outer loop
      vertex -19.899999618530273 23 100
      vertex -23 33.200000762939453 100
      vertex -19.899999618530273 33.200000762939453 100
    endloop
  endfacet
  facet normal -0 0 -1
    outer loop
      vertex -19.899999618530273 23 100
      vertex -19.682567596435547 21.898260116577148 100
      vertex -22.550140380859375 20.720537185668945 100
    endloop
  endfacet
  facet normal -0 0 -1
    outer loop
      vertex -21.198221206665039 18.713399887084961 100
      vertex -22.550140380859375 20.720537185668945 100
      vertex -19.682567596435547 21.898260116577148 100
    endloop
  endfacet
  facet normal 0 -0 -1
    outer loop
      vertex -19.899999618530273 23 100
      vertex -22.550140380859375 20.720537185668945 100
      vertex -23 23 100
    endloop
  endfacet
  facet normal -0 0 -1
    outer loop
      vertex -23 23 100
      vertex -23 33.200000762939453 100
      vertex -19.899999618530273 23 100
    endloop
  endfacet
  facet normal 0 0 1
    outer loop
      vertex 20.180696487426758 79.589683532714844 102
      vertex 24 74 102
      vertex 22.198221206665039 78.286598205566406 102
    endloop
  endfacet
  facet normal 0 0 1
    outer loop
      vertex 18 80 102
      vertex 24 74 102
      vertex 20.180696487426758 79.589683532714844 102
    endloop
  endfacet
  facet normal 0 0 1
    outer loop
      vertex 22.198221206665039 78.286598205566406 102
      vertex 24 74 102
      vertex 23.550140380859375 76.279464721679688 102
    endloop
  endfacet
  facet normal -0 0 1
    outer loop
      vertex 8.0887575149536133 52.580001831054688 102
      vertex 24 53.599998474121094 102
      vertex 24 63.799999237060547 102
    endloop
  endfacet
  facet normal -0 0 1
    outer loop
      vertex 18 80 102
      vertex 24 63.799999237060547 102
      vertex 24 74 102
    endloop
  endfacet
  facet normal -0 0 1
    outer loop
      vertex 8.0887575149536133 52.580001831054688 102
      vertex 24 63.799999237060547 102
      vertex 18 80 102
    endloop
  endfacet
  facet normal 0 0 1
    outer loop
      vertex 6.0592827796936035 52.580001831054688 102
      vertex 8.0887575149536133 52.580001831054688 102
      vertex 6.3333334922790527 80 102
    endloop
  endfacet
  facet normal -0 0 1
    outer loop
      vertex 18 80 102
      vertex 6.3333334922790527 80 102
      vertex 8.0887575149536133 52.580001831054688 102
    endloop
  endfacet
  facet normal -0 0 1
    outer loop
      vertex 2.5160889625549316 50.321048736572266 102
      vertex 6.0592827796936035 52.580001831054688 102
      vertex 2.5160889625549316 52.580001831054688 102
    endloop
  endfacet
  facet normal 0 0 1
    outer loop
      vertex 6.3333334922790527 80 102
      vertex 2.5160889625549316 52.580001831054688 102
      vertex 6.0592827796936035 52.580001831054688 102
    endloop
  endfacet
  facet normal -0 0 1
    outer loop
      vertex 6.3333334922790527 80 102
      vertex -5.3333334922790527 80 102
      vertex -2.3575541973114014 52.580001831054688 102
    endloop
  endfacet
  facet normal 0 0 1
    outer loop
      vertex 6.3333334922790527 80 102
      vertex -2.3575541973114014 52.580001831054688 102
      vertex 2.5160889625549316 52.580001831054688 102
    endloop
  endfacet
  facet normal -0 0 1
    outer loop
      vertex 2.4801070690155029 47.442489624023438 102
      vertex 6.0592827796936035 52.580001831054688 102
      vertex 2.4801070690155029 49.593494415283203 102
    endloop
  endfacet
  facet normal -0 0 1
    outer loop
      vertex 2.5160889625549316 50.321048736572266 102
      vertex 2.4801070690155029 49.593494415283203 102
      vertex 6.0592827796936035 52.580001831054688 102
    endloop
  endfacet
  facet normal 0 -0 1
    outer loop
      vertex 2.4801070690155029 47.442489624023438 102
      vertex 2.6000471115112305 46.678951263427734 102
      vertex 6.0592827796936035 52.580001831054688 102
    endloop
  endfacet
  facet normal 0 -0 1
    outer loop
      vertex 2.5160889625549316 50.321048736572266 102
      vertex 0.35716843605041504 50.321048736572266 102
      vertex 0.35716843605041504 49.593494415283203 102
    endloop
  endfacet
  facet normal 0 0 1
    outer loop
      vertex 2.5160889625549316 50.321048736572266 102
      vertex 0.35716843605041504 49.593494415283203 102
      vertex 2.4801070690155029 49.593494415283203 102
    endloop
  endfacet
  facet normal 0 0 1
    outer loop
      vertex 11.183929443359375 44.419998168945312 102
      vertex 24 53.599998474121094 102
      vertex 8.0887575149536133 52.580001831054688 102
    endloop
  endfacet
  facet normal -0 0 1
    outer loop
      vertex 2.9641103744506836 44.419998168945312 102
      vertex 6.0592827796936035 52.580001831054688 102
      vertex 2.6000471115112305 46.678951263427734 102
    endloop
  endfacet
  facet normal 0 0 1
    outer loop
      vertex 11.183929443359375 44.419998168945312 102
      vertex 18 17 102
      vertex 24 33.200000762939453 102
    endloop
  endfacet
  facet normal 0 0 1
    outer loop
      vertex 18 17 102
      vertex 24 23 102
      vertex 24 33.200000762939453 102
    endloop
  endfacet
  facet normal -0 0 1
    outer loop
      vertex 22.286600112915039 18.801778793334961 102
      vertex 23.589683532714844 20.819303512573242 102
      vertex 24 23 102
    endloop
  endfacet
  facet normal 0 0 1
    outer loop
      vertex 20.279462814331055 17.449859619140625 102
      vertex 22.286600112915039 18.801778793334961 102
      vertex 24 23 102
    endloop
  endfacet
  facet normal 0 0 1
    outer loop
      vertex 20.279462814331055 17.449859619140625 102
      vertex 24 23 102
      vertex 18 17 102
    endloop
  endfacet
  facet normal 0 0 1
    outer loop
      vertex 11.183929443359375 44.419998168945312 102
      vertex 24 33.200000762939453 102
      vertex 24 43.400001525878906 102
    endloop
  endfacet
  facet normal -0 0 1
    outer loop
      vertex 6.3333334922790527 17 102
      vertex 11.183929443359375 44.419998168945312 102
      vertex 8.4934072494506836 44.419998168945312 102
    endloop
  endfacet
  facet normal 0 -0 1
    outer loop
      vertex 8.2295398712158203 45.139640808105469 102
      vertex 5.9185004234313965 45.139640808105469 102
      vertex 5.654632568359375 44.419998168945312 102
    endloop
  endfacet
  facet normal -0 -0 1
    outer loop
      vertex 8.2295398712158203 45.139640808105469 102
      vertex 5.654632568359375 44.419998168945312 102
      vertex 8.4934072494506836 44.419998168945312 102
    endloop
  endfacet
  facet normal 0 0 1
    outer loop
      vertex 11.183929443359375 44.419998168945312 102
      vertex 24 43.400001525878906 102
      vertex 24 53.599998474121094 102
    endloop
  endfacet
  facet normal 0 0 1
    outer loop
      vertex 2.9641103744506836 44.419998168945312 102
      vertex 6.3333334922790527 17 102
      vertex 5.654632568359375 44.419998168945312 102
    endloop
  endfacet
  facet normal -0 0 1
    outer loop
      vertex 8.4934072494506836 44.419998168945312 102
      vertex 5.654632568359375 44.419998168945312 102
      vertex 6.3333334922790527 17 102
    endloop
  endfacet
  facet normal -0 -0 1
    outer loop
      vertex 6.3333334922790527 17 102
      vertex 2.9641103744506836 44.419998168945312 102
      vertex 2.6000471115112305 44.419998168945312 102
    endloop
  endfacet
  facet normal 0 0 1
    outer loop
      vertex -5.3333334922790527 17 102
      vertex 6.3333334922790527 17 102
      vertex 2.6000471115112305 44.419998168945312 102
    endloop
  endfacet
  facet normal 0 -0 1
    outer loop
      vertex -5.3333334922790527 17 102
      vertex 2.6000471115112305 44.419998168945312 102
      vertex -2.3575541973114014 44.419998168945312 102
    endloop
  endfacet
  facet normal -0 -0 1
    outer loop
      vertex 2.9641103744506836 44.419998168945312 102
      vertex 2.6000471115112305 46.678951263427734 102
      vertex 2.6000471115112305 44.419998168945312 102
    endloop
  endfacet
  facet normal -0 -0 1
    outer loop
      vertex 18 17 102
      vertex 11.183929443359375 44.419998168945312 102
      vertex 6.3333334922790527 17 102
    endloop
  endfacet
  facet normal -0 0 1
    outer loop
      vertex 0.35716843605041504 46.678951263427734 102
      vertex 2.6000471115112305 46.678951263427734 102
      vertex 2.4801070690155029 47.442489624023438 102
    endloop
  endfacet
  facet normal -0 0 1
    outer loop
      vertex 0.35716843605041504 46.678951263427734 102
      vertex 2.4801070690155029 47.442489624023438 102
      vertex 0.35716843605041504 47.442489624023438 102
    endloop
  endfacet
  facet normal 0 0 1
    outer loop
      vertex -3.1173443794250488 52.580001831054688 102
      vertex -2.3575541973114014 52.580001831054688 102
      vertex -5.3333334922790527 80 102
    endloop
  endfacet
  facet normal -0 0 1
    outer loop
      vertex -3.1173443794250488 50.321048736572266 102
      vertex -2.3575541973114014 52.580001831054688 102
      vertex -3.1173443794250488 52.580001831054688 102
    endloop
  endfacet
  facet normal 0 -0 1
    outer loop
      vertex -3.1173443794250488 50.321048736572266 102
      vertex -2.3575541973114014 44.419998168945312 102
      vertex -2.3575541973114014 52.580001831054688 102
    endloop
  endfacet
  facet normal -0 0 1
    outer loop
      vertex -4.5926065444946289 44.419998168945312 102
      vertex -3.1173443794250488 50.321048736572266 102
      vertex -4.5926065444946289 50.321048736572266 102
    endloop
  endfacet
  facet normal 0 0 1
    outer loop
      vertex -8.8665494918823242 52.580001831054688 102
      vertex -3.1173443794250488 52.580001831054688 102
      vertex -5.3333334922790527 80 102
    endloop
  endfacet
  facet normal 0 -0 1
    outer loop
      vertex -19.279462814331055 79.550140380859375 102
      vertex -23 74 102
      vertex -17 80 102
    endloop
  endfacet
  facet normal -0 0 1
    outer loop
      vertex -23 74 102
      vertex -19.279462814331055 79.550140380859375 102
      vertex -21.286600112915039 78.198219299316406 102
    endloop
  endfacet
  facet normal -0 0 1
    outer loop
      vertex -21.286600112915039 78.198219299316406 102
      vertex -22.589683532714844 76.180694580078125 102
      vertex -23 74 102
    endloop
  endfacet
  facet normal 0 0 1
    outer loop
      vertex -8.8665494918823242 52.580001831054688 102
      vertex -17 80 102
      vertex -23 63.799999237060547 102
    endloop
  endfacet
  facet normal -0 0 1
    outer loop
      vertex -23 74 102
      vertex -23 63.799999237060547 102
      vertex -17 80 102
    endloop
  endfacet
  facet normal 0 -0 1
    outer loop
      vertex -8.8665494918823242 52.580001831054688 102
      vertex -23 63.799999237060547 102
      vertex -23 53.599998474121094 102
    endloop
  endfacet
  facet normal -0 0 1
    outer loop
      vertex -5.3333334922790527 80 102
      vertex -17 80 102
      vertex -8.8665494918823242 52.580001831054688 102
    endloop
  endfacet
  facet normal 0 0 1
    outer loop
      vertex -23 53.599998474121094 102
      vertex -8.8665494918823242 50.321048736572266 102
      vertex -8.8665494918823242 52.580001831054688 102
    endloop
  endfacet
  facet normal -0 0 1
    outer loop
      vertex -5.3333334922790527 17 102
      vertex -2.3575541973114014 44.419998168945312 102
      vertex -4.5926065444946289 44.419998168945312 102
    endloop
  endfacet
  facet normal 0 0 1
    outer loop
      vertex -17 17 102
      vertex -5.3333334922790527 17 102
      vertex -7.3912873268127441 44.419998168945312 102
    endloop
  endfacet
  facet normal -0 0 1
    outer loop
      vertex -4.5926065444946289 44.419998168945312 102
      vertex -7.3912873268127441 44.419998168945312 102
      vertex -5.3333334922790527 17 102
    endloop
  endfacet
  facet normal -0 -0 1
    outer loop
      vertex -2.3575541973114014 44.419998168945312 102
      vertex -3.1173443794250488 50.321048736572266 102
      vertex -4.5926065444946289 44.419998168945312 102
    endloop
  endfacet
  facet normal 0 -0 1
    outer loop
      vertex -7.3912873268127441 44.419998168945312 102
      vertex -23 43.400001525878906 102
      vertex -23 33.200000762939453 102
    endloop
  endfacet
  facet normal 0 -0 1
    outer loop
      vertex -23 53.599998474121094 102
      vertex -23 43.400001525878906 102
      vertex -8.8665494918823242 50.321048736572266 102
    endloop
  endfacet
  facet normal 0 -0 1
    outer loop
      vertex -7.3912873268127441 44.419998168945312 102
      vertex -23 33.200000762939453 102
      vertex -17 17 102
    endloop
  endfacet
  facet normal 0 0 1
    outer loop
      vertex -23 23 102
      vertex -17 17 102
      vertex -23 33.200000762939453 102
    endloop
  endfacet
  facet normal 0 0 1
    outer loop
      vertex -19.180696487426758 17.410316467285156 102
      vertex -17 17 102
      vertex -23 23 102
    endloop
  endfacet
  facet normal 0 0 1
    outer loop
      vertex -23 23 102
      vertex -21.198221206665039 18.713399887084961 102
      vertex -19.180696487426758 17.410316467285156 102
    endloop
  endfacet
  facet normal 0 0 1
    outer loop
      vertex -23 23 102
      vertex -22.550140380859375 20.720537185668945 102
      vertex -21.198221206665039 18.713399887084961 102
    endloop
  endfacet
  facet normal -0 0 1
    outer loop
      vertex -23 43.400001525878906 102
      vertex -7.3912873268127441 44.419998168945312 102
      vertex -8.8665494918823242 50.321048736572266 102
    endloop
  endfacet
  facet normal -0 0 1
    outer loop
      vertex -7.3912873268127441 50.321048736572266 102
      vertex -8.8665494918823242 50.321048736572266 102
      vertex -7.3912873268127441 44.419998168945312 102
    endloop
  endfacet
  facet normal 0 1 0
    outer loop
      vertex -7.3912873268127441 50.321048736572266 101
      vertex -8.8665494918823242 50.321048736572266 101
      vertex -8.8665494918823242 50.321048736572266 102
    endloop
  endfacet
  facet normal 0 1 0
    outer loop
      vertex -7.3912873268127441 50.321048736572266 101
      vertex -8.8665494918823242 50.321048736572266 102
      vertex -7.3912873268127441 50.321048736572266 102
    endloop
  endfacet
  facet normal 1 -0 0
    outer loop
      vertex -8.8665494918823242 50.321048736572266 101
      vertex -8.8665494918823242 52.580001831054688 101
      vertex -8.8665494918823242 52.580001831054688 102
    endloop
  endfacet
  facet normal 1 -0 0
    outer loop
      vertex -8.8665494918823242 50.321048736572266 101
      vertex -8.8665494918823242 52.580001831054688 102
      vertex -8.8665494918823242 50.321048736572266 102
    endloop
  endfacet
  facet normal 0 -1 -0
    outer loop
      vertex -8.8665494918823242 52.580001831054688 101
      vertex -3.1173443794250488 52.580001831054688 101
      vertex -3.1173443794250488 52.580001831054688 102
    endloop
  endfacet
  facet normal 0 -1 -0
    outer loop
      vertex -8.8665494918823242 52.580001831054688 101
      vertex -3.1173443794250488 52.580001831054688 102
      vertex -8.8665494918823242 52.580001831054688 102
    endloop
  endfacet
  facet normal -1 -0 -0
    outer loop
      vertex -3.1173443794250488 52.580001831054688 101
      vertex -3.1173443794250488 50.321048736572266 101
      vertex -3.1173443794250488 50.321048736572266 102
    endloop
  endfacet
  facet normal -1 -0 -0
    outer loop
      vertex -3.1173443794250488 52.580001831054688 101
      vertex -3.1173443794250488 50.321048736572266 102
      vertex -3.1173443794250488 52.580001831054688 102
    endloop
  endfacet
  facet normal 0 1 0
    outer loop
      vertex -3.1173443794250488 50.321048736572266 101
      vertex -4.5926065444946289 50.321048736572266 101
      vertex -4.5926065444946289 50.321048736572266 102
    endloop
  endfacet
  facet normal 0 1 0
    outer loop
      vertex -3.1173443794250488 50.321048736572266 101
      vertex -4.5926065444946289 50.321048736572266 102
      vertex -3.1173443794250488 50.321048736572266 102
    endloop
  endfacet
  facet normal -1 -0 -0
    outer loop
      vertex -4.5926065444946289 50.321048736572266 101
      vertex -4.5926065444946289 44.419998168945312 101
      vertex -4.5926065444946289 44.419998168945312 102
    endloop
  endfacet
  facet normal -1 -0 -0
    outer loop
      vertex -4.5926065444946289 50.321048736572266 101
      vertex -4.5926065444946289 44.419998168945312 102
      vertex -4.5926065444946289 50.321048736572266 102
    endloop
  endfacet
  facet normal 0 1 0
    outer loop
      vertex -4.5926065444946289 44.419998168945312 101
      vertex -7.3912873268127441 44.419998168945312 101
      vertex -7.3912873268127441 44.419998168945312 102
    endloop
  endfacet
  facet normal 0 1 0
    outer loop
      vertex -4.5926065444946289 44.419998168945312 101
      vertex -7.3912873268127441 44.419998168945312 102
      vertex -4.5926065444946289 44.419998168945312 102
    endloop
  endfacet
  facet normal 1 -0 0
    outer loop
      vertex -7.3912873268127441 44.419998168945312 101
      vertex -7.3912873268127441 50.321048736572266 101
      vertex -7.3912873268127441 50.321048736572266 102
    endloop
  endfacet
  facet normal 1 -0 0
    outer loop
      vertex -7.3912873268127441 44.419998168945312 101
      vertex -7.3912873268127441 50.321048736572266 102
      vertex -7.3912873268127441 44.419998168945312 102
    endloop
  endfacet
  facet normal 0 -0 1
    outer loop
      vertex -7.3912873268127441 50.321048736572266 101
      vertex -4.5926065444946289 50.321048736572266 101
      vertex -3.1173443794250488 52.580001831054688 101
    endloop
  endfacet
  facet normal -0 -0 1
    outer loop
      vertex -3.1173443794250488 50.321048736572266 101
      vertex -3.1173443794250488 52.580001831054688 101
      vertex -4.5926065444946289 50.321048736572266 101
    endloop
  endfacet
  facet normal -0 0 1
    outer loop
      vertex -4.5926065444946289 50.321048736572266 101
      vertex -7.3912873268127441 50.321048736572266 101
      vertex -7.3912873268127441 44.419998168945312 101
    endloop
  endfacet
  facet normal 0 0 1
    outer loop
      vertex -4.5926065444946289 50.321048736572266 101
      vertex -7.3912873268127441 44.419998168945312 101
      vertex -4.5926065444946289 44.419998168945312 101
    endloop
  endfacet
  facet normal -0 -0 1
    outer loop
      vertex -7.3912873268127441 50.321048736572266 101
      vertex -8.8665494918823242 52.580001831054688 101
      vertex -8.8665494918823242 50.321048736572266 101
    endloop
  endfacet
  facet normal 0 -0 1
    outer loop
      vertex -3.1173443794250488 52.580001831054688 101
      vertex -8.8665494918823242 52.580001831054688 101
      vertex -7.3912873268127441 50.321048736572266 101
    endloop
  endfacet
  facet normal 0 -1 -0
    outer loop
      vertex -2.3575541973114014 52.580001831054688 101
      vertex 2.5160889625549316 52.580001831054688 101
      vertex 2.5160889625549316 52.580001831054688 102
    endloop
  endfacet
  facet normal 0 -1 -0
    outer loop
      vertex -2.3575541973114014 52.580001831054688 101
      vertex 2.5160889625549316 52.580001831054688 102
      vertex -2.3575541973114014 52.580001831054688 102
    endloop
  endfacet
  facet normal -1 -0 -0
    outer loop
      vertex 2.5160889625549316 52.580001831054688 101
      vertex 2.5160889625549316 50.321048736572266 101
      vertex 2.5160889625549316 50.321048736572266 102
    endloop
  endfacet
  facet normal -1 -0 -0
    outer loop
      vertex 2.5160889625549316 52.580001831054688 101
      vertex 2.5160889625549316 50.321048736572266 102
      vertex 2.5160889625549316 52.580001831054688 102
    endloop
  endfacet
  facet normal 0 1 0
    outer loop
      vertex 2.5160889625549316 50.321048736572266 101
      vertex 0.35716843605041504 50.321048736572266 101
      vertex 0.35716843605041504 50.321048736572266 102
    endloop
  endfacet
  facet normal 0 1 0
    outer loop
      vertex 2.5160889625549316 50.321048736572266 101
      vertex 0.35716843605041504 50.321048736572266 102
      vertex 2.5160889625549316 50.321048736572266 102
    endloop
  endfacet
  facet normal -1 0 0
    outer loop
      vertex 0.35716843605041504 50.321048736572266 101
      vertex 0.35716843605041504 49.593494415283203 101
      vertex 0.35716843605041504 49.593494415283203 102
    endloop
  endfacet
  facet normal -1 -0 0
    outer loop
      vertex 0.35716843605041504 50.321048736572266 101
      vertex 0.35716843605041504 49.593494415283203 102
      vertex 0.35716843605041504 50.321048736572266 102
    endloop
  endfacet
  facet normal 0 -1 -0
    outer loop
      vertex 0.35716843605041504 49.593494415283203 101
      vertex 2.4801070690155029 49.593494415283203 101
      vertex 2.4801070690155029 49.593494415283203 102
    endloop
  endfacet
  facet normal 0 -1 -0
    outer loop
      vertex 0.35716843605041504 49.593494415283203 101
      vertex 2.4801070690155029 49.593494415283203 102
      vertex 0.35716843605041504 49.593494415283203 102
    endloop
  endfacet
  facet normal -1 -0 -0
    outer loop
      vertex 2.4801070690155029 49.593494415283203 101
      vertex 2.4801070690155029 47.442489624023438 101
      vertex 2.4801070690155029 47.442489624023438 102
    endloop
  endfacet
  facet normal -1 -0 -0
    outer loop
      vertex 2.4801070690155029 49.593494415283203 101
      vertex 2.4801070690155029 47.442489624023438 102
      vertex 2.4801070690155029 49.593494415283203 102
    endloop
  endfacet
  facet normal 0 1 0
    outer loop
      vertex 2.4801070690155029 47.442489624023438 101
      vertex 0.35716843605041504 47.442489624023438 101
      vertex 0.35716843605041504 47.442489624023438 102
    endloop
  endfacet
  facet normal 0 1 0
    outer loop
      vertex 2.4801070690155029 47.442489624023438 101
      vertex 0.35716843605041504 47.442489624023438 102
      vertex 2.4801070690155029 47.442489624023438 102
    endloop
  endfacet
  facet normal -1 0 0
    outer loop
      vertex 0.35716843605041504 47.442489624023438 101
      vertex 0.35716843605041504 46.678951263427734 101
      vertex 0.35716843605041504 46.678951263427734 102
    endloop
  endfacet
  facet normal -1 -0 0
    outer loop
      vertex 0.35716843605041504 47.442489624023438 101
      vertex 0.35716843605041504 46.678951263427734 102
      vertex 0.35716843605041504 47.442489624023438 102
    endloop
  endfacet
  facet normal 0 -1 -0
    outer loop
      vertex 0.35716843605041504 46.678951263427734 101
      vertex 2.6000471115112305 46.678951263427734 101
      vertex 2.6000471115112305 46.678951263427734 102
    endloop
  endfacet
  facet normal 0 -1 -0
    outer loop
      vertex 0.35716843605041504 46.678951263427734 101
      vertex 2.6000471115112305 46.678951263427734 102
      vertex 0.35716843605041504 46.678951263427734 102
    endloop
  endfacet
  facet normal -1 -0 -0
    outer loop
      vertex 2.6000471115112305 46.678951263427734 101
      vertex 2.6000471115112305 44.419998168945312 101
      vertex 2.6000471115112305 44.419998168945312 102
    endloop
  endfacet
  facet normal -1 -0 -0
    outer loop
      vertex 2.6000471115112305 46.678951263427734 101
      vertex 2.6000471115112305 44.419998168945312 102
      vertex 2.6000471115112305 46.678951263427734 102
    endloop
  endfacet
  facet normal 0 1 0
    outer loop
      vertex 2.6000471115112305 44.419998168945312 101
      vertex -2.3575541973114014 44.419998168945312 101
      vertex -2.3575541973114014 44.419998168945312 102
    endloop
  endfacet
  facet normal 0 1 0
    outer loop
      vertex 2.6000471115112305 44.419998168945312 101
      vertex -2.3575541973114014 44.419998168945312 102
      vertex 2.6000471115112305 44.419998168945312 102
    endloop
  endfacet
  facet normal 1 -0 0
    outer loop
      vertex -2.3575541973114014 44.419998168945312 101
      vertex -2.3575541973114014 52.580001831054688 101
      vertex -2.3575541973114014 52.580001831054688 102
    endloop
  endfacet
  facet normal 1 -0 0
    outer loop
      vertex -2.3575541973114014 44.419998168945312 101
      vertex -2.3575541973114014 52.580001831054688 102
      vertex -2.3575541973114014 44.419998168945312 102
    endloop
  endfacet
  facet normal -0 -0 1
    outer loop
      vertex 2.6000471115112305 44.419998168945312 101
      vertex 2.6000471115112305 46.678951263427734 101
      vertex 0.35716843605041504 46.678951263427734 101
    endloop
  endfacet
  facet normal 0 -0 1
    outer loop
      vertex 0.35716843605041504 50.321048736572266 101
      vertex 2.5160889625549316 50.321048736572266 101
      vertex 2.5160889625549316 52.580001831054688 101
    endloop
  endfacet
  facet normal -0 0 1
    outer loop
      vertex 2.4801070690155029 49.593494415283203 101
      vertex 0.35716843605041504 49.593494415283203 101
      vertex 0.35716843605041504 47.442489624023438 101
    endloop
  endfacet
  facet normal 0 0 1
    outer loop
      vertex 2.4801070690155029 49.593494415283203 101
      vertex 0.35716843605041504 47.442489624023438 101
      vertex 2.4801070690155029 47.442489624023438 101
    endloop
  endfacet
  facet normal -0 0 1
    outer loop
      vertex 0.35716843605041504 47.442489624023438 101
      vertex -2.3575541973114014 44.419998168945312 101
      vertex 0.35716843605041504 46.678951263427734 101
    endloop
  endfacet
  facet normal -0 -0 1
    outer loop
      vertex 2.6000471115112305 44.419998168945312 101
      vertex 0.35716843605041504 46.678951263427734 101
      vertex -2.3575541973114014 44.419998168945312 101
    endloop
  endfacet
  facet normal -0 0 1
    outer loop
      vertex -2.3575541973114014 44.419998168945312 101
      vertex 0.35716843605041504 47.442489624023438 101
      vertex 0.35716843605041504 49.593494415283203 101
    endloop
  endfacet
  facet normal -0 0 1
    outer loop
      vertex -2.3575541973114014 44.419998168945312 101
      vertex 0.35716843605041504 49.593494415283203 101
      vertex -2.3575541973114014 52.580001831054688 101
    endloop
  endfacet
  facet normal -0 0 1
    outer loop
      vertex 0.35716843605041504 50.321048736572266 101
      vertex -2.3575541973114014 52.580001831054688 101
      vertex 0.35716843605041504 49.593494415283203 101
    endloop
  endfacet
  facet normal 0 -0 1
    outer loop
      vertex 2.5160889625549316 52.580001831054688 101
      vertex -2.3575541973114014 52.580001831054688 101
      vertex 0.35716843605041504 50.321048736572266 101
    endloop
  endfacet
  facet normal 0 -1 -0
    outer loop
      vertex 6.0592827796936035 52.580001831054688 101
      vertex 8.0887575149536133 52.580001831054688 101
      vertex 8.0887575149536133 52.580001831054688 102
    endloop
  endfacet
  facet normal 0 -1 -0
    outer loop
      vertex 6.0592827796936035 52.580001831054688 101
      vertex 8.0887575149536133 52.580001831054688 102
      vertex 6.0592827796936035 52.580001831054688 102
    endloop
  endfacet
  facet normal -0.93499759753952383 -0.35465404635407527 -0
    outer loop
      vertex 8.0887575149536133 52.580001831054688 101
      vertex 11.183929443359375 44.419998168945312 101
      vertex 11.183929443359375 44.419998168945312 102
    endloop
  endfacet
  facet normal -0.93499759753952383 -0.35465404635407527 -0
    outer loop
      vertex 8.0887575149536133 52.580001831054688 101
      vertex 11.183929443359375 44.419998168945312 102
      vertex 8.0887575149536133 52.580001831054688 102
    endloop
  endfacet
  facet normal 0 1 0
    outer loop
      vertex 11.183929443359375 44.419998168945312 101
      vertex 8.4934072494506836 44.419998168945312 101
      vertex 8.4934072494506836 44.419998168945312 102
    endloop
  endfacet
  facet normal 0 1 0
    outer loop
      vertex 11.183929443359375 44.419998168945312 101
      vertex 8.4934072494506836 44.419998168945312 102
      vertex 11.183929443359375 44.419998168945312 102
    endloop
  endfacet
  facet normal 0.93887698612251003 0.3442528212368231 -0
    outer loop
      vertex 8.4934072494506836 44.419998168945312 101
      vertex 8.2295398712158203 45.139640808105469 101
      vertex 8.2295398712158203 45.139640808105469 102
    endloop
  endfacet
  facet normal 0.93887698612251003 0.3442528212368231 0
    outer loop
      vertex 8.4934072494506836 44.419998168945312 101
      vertex 8.2295398712158203 45.139640808105469 102
      vertex 8.4934072494506836 44.419998168945312 102
    endloop
  endfacet
  facet normal 0 1 0
    outer loop
      vertex 8.2295398712158203 45.139640808105469 101
      vertex 5.9185004234313965 45.139640808105469 101
      vertex 5.9185004234313965 45.139640808105469 102
    endloop
  endfacet
  facet normal 0 1 0
    outer loop
      vertex 8.2295398712158203 45.139640808105469 101
      vertex 5.9185004234313965 45.139640808105469 102
      vertex 8.2295398712158203 45.139640808105469 102
    endloop
  endfacet
  facet normal -0.93887678505201289 0.34425336961371417 0
    outer loop
      vertex 5.9185004234313965 45.139640808105469 101
      vertex 5.654632568359375 44.419998168945312 101
      vertex 5.654632568359375 44.419998168945312 102
    endloop
  endfacet
  facet normal -0.93887678505201289 0.34425336961371417 0
    outer loop
      vertex 5.9185004234313965 45.139640808105469 101
      vertex 5.654632568359375 44.419998168945312 102
      vertex 5.9185004234313965 45.139640808105469 102
    endloop
  endfacet
  facet normal 0 1 0
    outer loop
      vertex 5.654632568359375 44.419998168945312 101
      vertex 2.9641103744506836 44.419998168945312 101
      vertex 2.9641103744506836 44.419998168945312 102
    endloop
  endfacet
  facet normal 0 1 0
    outer loop
      vertex 5.654632568359375 44.419998168945312 101
      vertex 2.9641103744506836 44.419998168945312 102
      vertex 5.654632568359375 44.419998168945312 102
    endloop
  endfacet
  facet normal 0.93499757942171513 -0.35465409411923227 0
    outer loop
      vertex 2.9641103744506836 44.419998168945312 101
      vertex 6.0592827796936035 52.580001831054688 101
      vertex 6.0592827796936035 52.580001831054688 102
    endloop
  endfacet
  facet normal 0.93499757942171513 -0.35465409411923227 0
    outer loop
      vertex 2.9641103744506836 44.419998168945312 101
      vertex 6.0592827796936035 52.580001831054688 102
      vertex 2.9641103744506836 44.419998168945312 102
    endloop
  endfacet
  facet normal 0.9777768226962601 0.2096484795986033 0
    outer loop
      vertex 7.5147786140441895 47.062759399414062 101
      vertex 7.0740199089050293 49.118408203125 101
      vertex 7.0740199089050293 49.118408203125 102
    endloop
  endfacet
  facet normal 0.9777768226962601 0.2096484795986033 0
    outer loop
      vertex 7.5147786140441895 47.062759399414062 101
      vertex 7.0740199089050293 49.118408203125 102
      vertex 7.5147786140441895 47.062759399414062 102
    endloop
  endfacet
  facet normal -0.9777768226962601 0.2096484795986033 0
    outer loop
      vertex 7.0740199089050293 49.118408203125 101
      vertex 6.6332612037658691 47.062759399414062 101
      vertex 6.6332612037658691 47.062759399414062 102
    endloop
  endfacet
  facet normal -0.9777768226962601 0.2096484795986033 0
    outer loop
      vertex 7.0740199089050293 49.118408203125 101
      vertex 6.6332612037658691 47.062759399414062 102
      vertex 7.0740199089050293 49.118408203125 102
    endloop
  endfacet
  facet normal -0 -1 0
    outer loop
      vertex 6.6332612037658691 47.062759399414062 101
      vertex 7.5147786140441895 47.062759399414062 101
      vertex 7.5147786140441895 47.062759399414062 102
    endloop
  endfacet
  facet normal 0 -1 0
    outer loop
      vertex 6.6332612037658691 47.062759399414062 101
      vertex 7.5147786140441895 47.062759399414062 102
      vertex 6.6332612037658691 47.062759399414062 102
    endloop
  endfacet
  facet normal 0 0 1
    outer loop
      vertex 8.2295398712158203 45.139640808105469 101
      vertex 8.4934072494506836 44.419998168945312 101
      vertex 11.183929443359375 44.419998168945312 101
    endloop
  endfacet
  facet normal 0 0 1
    outer loop
      vertex 8.0887575149536133 52.580001831054688 101
      vertex 7.0740199089050293 49.118408203125 101
      vertex 11.183929443359375 44.419998168945312 101
    endloop
  endfacet
  facet normal -0 -0 1
    outer loop
      vertex 8.2295398712158203 45.139640808105469 101
      vertex 7.5147786140441895 47.062759399414062 101
      vertex 6.6332612037658691 47.062759399414062 101
    endloop
  endfacet
  facet normal 0 0 1
    outer loop
      vertex 7.5147786140441895 47.062759399414062 101
      vertex 11.183929443359375 44.419998168945312 101
      vertex 7.0740199089050293 49.118408203125 101
    endloop
  endfacet
  facet normal 0 0 1
    outer loop
      vertex 8.2295398712158203 45.139640808105469 101
      vertex 11.183929443359375 44.419998168945312 101
      vertex 7.5147786140441895 47.062759399414062 101
    endloop
  endfacet
  facet normal 0 0 1
    outer loop
      vertex 2.9641103744506836 44.419998168945312 101
      vertex 5.654632568359375 44.419998168945312 101
      vertex 5.9185004234313965 45.139640808105469 101
    endloop
  endfacet
  facet normal -0 -0 1
    outer loop
      vertex 8.2295398712158203 45.139640808105469 101
      vertex 6.6332612037658691 47.062759399414062 101
      vertex 5.9185004234313965 45.139640808105469 101
    endloop
  endfacet
  facet normal 0 -0 1
    outer loop
      vertex 6.6332612037658691 47.062759399414062 101
      vertex 2.9641103744506836 44.419998168945312 101
      vertex 5.9185004234313965 45.139640808105469 101
    endloop
  endfacet
  facet normal 0 0 1
    outer loop
      vertex 7.0740199089050293 49.118408203125 101
      vertex 2.9641103744506836 44.419998168945312 101
      vertex 6.6332612037658691 47.062759399414062 101
    endloop
  endfacet
  facet normal 0 0 1
    outer loop
      vertex 6.0592827796936035 52.580001831054688 101
      vertex 2.9641103744506836 44.419998168945312 101
      vertex 7.0740199089050293 49.118408203125 101
    endloop
  endfacet
  facet normal -0 0 1
    outer loop
      vertex 8.0887575149536133 52.580001831054688 101
      vertex 6.0592827796936035 52.580001831054688 101
      vertex 7.0740199089050293 49.118408203125 101
    endloop
  endfacet
  facet normal 0 0 1
    outer loop
      vertex 6.6332612037658691 47.062759399414062 102
      vertex 7.5147786140441895 47.062759399414062 102
      vertex 7.0740199089050293 49.118408203125 102
    endloop
  endfacet
  facet normal 0.19361877062828226 -0.98107684289274322 0
    outer loop
      vertex 18 20.100000381469727 99
      vertex 18 20.100000381469727 98
      vertex 19.101739883422852 20.317432403564453 98
    endloop
  endfacet
  facet normal 0.55864974039748472 -0.82940368190274105 0
    outer loop
      vertex 19.101739883422852 20.317432403564453 100
      vertex 19.101739883422852 20.317432403564453 98
      vertex 20.071855545043945 20.970859527587891 98
    endloop
  endfacet
  facet normal 0.55864974039748472 -0.82940368190274105 0
    outer loop
      vertex 19.101739883422852 20.317432403564453 100
      vertex 20.071855545043945 20.970859527587891 98
      vertex 20.071855545043945 20.970859527587891 100
    endloop
  endfacet
  facet normal 0.19361877062828226 -0.98107684289274322 0
    outer loop
      vertex 18 20.100000381469727 100
      vertex 18 20.100000381469727 99
      vertex 19.101739883422852 20.317432403564453 100
    endloop
  endfacet
  facet normal 0.19361877062828226 -0.98107684289274322 0
    outer loop
      vertex 19.101739883422852 20.317432403564453 98
      vertex 19.101739883422852 20.317432403564453 100
      vertex 18 20.100000381469727 99
    endloop
  endfacet
  facet normal 0.98275495548718816 -0.18491267524259977 0
    outer loop
      vertex 20.899999618530273 23 99
      vertex 20.701681137084961 21.94599723815918 98
      vertex 20.899999618530273 23 98
    endloop
  endfacet
  facet normal 0.98275495548718816 -0.18491267524259977 0
    outer loop
      vertex 20.701681137084961 21.94599723815918 100
      vertex 20.701681137084961 21.94599723815918 98
      vertex 20.899999618530273 23 99
    endloop
  endfacet
  facet normal 0.84002007969486392 -0.54255531119825418 -0
    outer loop
      vertex 20.701681137084961 21.94599723815918 98
      vertex 20.701681137084961 21.94599723815918 100
      vertex 20.071855545043945 20.970859527587891 100
    endloop
  endfacet
  facet normal 0.84002007969486392 -0.54255531119825418 0
    outer loop
      vertex 20.701681137084961 21.94599723815918 98
      vertex 20.071855545043945 20.970859527587891 100
      vertex 20.071855545043945 20.970859527587891 98
    endloop
  endfacet
  facet normal 0.98275495548718816 -0.18491267524259977 0
    outer loop
      vertex 20.899999618530273 23 99
      vertex 20.899999618530273 23 100
      vertex 20.701681137084961 21.94599723815918 100
    endloop
  endfacet
  facet normal 1 0 -0
    outer loop
      vertex 20.899999618530273 28.100000381469727 99.5
      vertex 20.899999618530273 25.549999237060547 99.5
      vertex 20.899999618530273 25.549999237060547 99
    endloop
  endfacet
  facet normal 1 0 -0
    outer loop
      vertex 20.899999618530273 28.100000381469727 99.5
      vertex 20.899999618530273 25.549999237060547 99
      vertex 20.899999618530273 28.100000381469727 99
    endloop
  endfacet
  facet normal 1 0 -0
    outer loop
      vertex 20.899999618530273 28.100000381469727 99
      vertex 20.899999618530273 25.549999237060547 99
      vertex 20.899999618530273 25.549999237060547 98.5
    endloop
  endfacet
  facet normal 1 0 -0
    outer loop
      vertex 20.899999618530273 28.100000381469727 99
      vertex 20.899999618530273 25.549999237060547 98.5
      vertex 20.899999618530273 28.100000381469727 98.5
    endloop
  endfacet
  facet normal 1 0 -0
    outer loop
      vertex 20.899999618530273 71.449996948242188 99.5
      vertex 20.899999618530273 68.900001525878906 99.5
      vertex 20.899999618530273 68.900001525878906 99
    endloop
  endfacet
  facet normal 1 0 -0
    outer loop
      vertex 20.899999618530273 71.449996948242188 99.5
      vertex 20.899999618530273 68.900001525878906 99
      vertex 20.899999618530273 71.449996948242188 99
    endloop
  endfacet
  facet normal 1 0 -0
    outer loop
      vertex 20.899999618530273 71.449996948242188 99
      vertex 20.899999618530273 68.900001525878906 99
      vertex 20.899999618530273 68.900001525878906 98.5
    endloop
  endfacet
  facet normal 1 0 -0
    outer loop
      vertex 20.899999618530273 71.449996948242188 99
      vertex 20.899999618530273 68.900001525878906 98.5
      vertex 20.899999618530273 71.449996948242188 98.5
    endloop
  endfacet
  facet normal 1 0 -0
    outer loop
      vertex 20.899999618530273 23 99
      vertex 20.899999618530273 23 98
      vertex 20.899999618530273 25.549999237060547 98.5
    endloop
  endfacet
  facet normal 1 0 -0
    outer loop
      vertex 20.899999618530273 28.100000381469727 98.5
      vertex 20.899999618530273 25.549999237060547 98.5
      vertex 20.899999618530273 23 98
    endloop
  endfacet
  facet normal 1 0 0
    outer loop
      vertex 20.899999618530273 25.549999237060547 98.5
      vertex 20.899999618530273 25.549999237060547 99
      vertex 20.899999618530273 23 99
    endloop
  endfacet
  facet normal 1 0 -0
    outer loop
      vertex 20.899999618530273 33.200000762939453 98
      vertex 20.899999618530273 28.100000381469727 99
      vertex 20.899999618530273 28.100000381469727 98.5
    endloop
  endfacet
  facet normal 1 -0 0
    outer loop
      vertex 20.899999618530273 23 98
      vertex 20.899999618530273 33.200000762939453 98
      vertex 20.899999618530273 28.100000381469727 98.5
    endloop
  endfacet
  facet normal 1 0 0
    outer loop
      vertex 20.899999618530273 43.400001525878906 98
      vertex 20.899999618530273 43.400001525878906 100
      vertex 20.899999618530273 33.200000762939453 100
    endloop
  endfacet
  facet normal 1 0 -0
    outer loop
      vertex 20.899999618530273 43.400001525878906 98
      vertex 20.899999618530273 33.200000762939453 100
      vertex 20.899999618530273 33.200000762939453 98
    endloop
  endfacet
  facet normal 1 0 -0
    outer loop
      vertex 20.899999618530273 23 100
      vertex 20.899999618530273 23 99
      vertex 20.899999618530273 25.549999237060547 99.5
    endloop
  endfacet
  facet normal 1 0 0
    outer loop
      vertex 20.899999618530273 25.549999237060547 99
      vertex 20.899999618530273 25.549999237060547 99.5
      vertex 20.899999618530273 23 99
    endloop
  endfacet
  facet normal 1 0 -0
    outer loop
      vertex 20.899999618530273 28.100000381469727 99.5
      vertex 20.899999618530273 23 100
      vertex 20.899999618530273 25.549999237060547 99.5
    endloop
  endfacet
  facet normal 1 0 -0
    outer loop
      vertex 20.899999618530273 33.200000762939453 100
      vertex 20.899999618530273 28.100000381469727 99.5
      vertex 20.899999618530273 28.100000381469727 99
    endloop
  endfacet
  facet normal 1 0 0
    outer loop
      vertex 20.899999618530273 33.200000762939453 98
      vertex 20.899999618530273 33.200000762939453 100
      vertex 20.899999618530273 28.100000381469727 99
    endloop
  endfacet
  facet normal 1 0 0
    outer loop
      vertex 20.899999618530273 23 100
      vertex 20.899999618530273 28.100000381469727 99.5
      vertex 20.899999618530273 33.200000762939453 100
    endloop
  endfacet
  facet normal 1 -0 -0
    outer loop
      vertex 20.899999618530273 43.400001525878906 100
      vertex 20.899999618530273 43.400001525878906 98
      vertex 20.899999618530273 53.599998474121094 98
    endloop
  endfacet
  facet normal 1 0 0
    outer loop
      vertex 20.899999618530273 43.400001525878906 100
      vertex 20.899999618530273 53.599998474121094 98
      vertex 20.899999618530273 53.599998474121094 100
    endloop
  endfacet
  facet normal 1 0 0
    outer loop
      vertex 20.899999618530273 63.799999237060547 98
      vertex 20.899999618530273 63.799999237060547 100
      vertex 20.899999618530273 53.599998474121094 100
    endloop
  endfacet
  facet normal 1 0 -0
    outer loop
      vertex 20.899999618530273 63.799999237060547 98
      vertex 20.899999618530273 53.599998474121094 100
      vertex 20.899999618530273 53.599998474121094 98
    endloop
  endfacet
  facet normal 1 -0 -0
    outer loop
      vertex 20.899999618530273 74 98
      vertex 20.899999618530273 68.900001525878906 98.5
      vertex 20.899999618530273 63.799999237060547 98
    endloop
  endfacet
  facet normal 1 0 0
    outer loop
      vertex 20.899999618530273 68.900001525878906 98.5
      vertex 20.899999618530273 68.900001525878906 99
      vertex 20.899999618530273 63.799999237060547 98
    endloop
  endfacet
  facet normal 1 -0 -0
    outer loop
      vertex 20.899999618530273 74 98
      vertex 20.899999618530273 71.449996948242188 98.5
      vertex 20.899999618530273 68.900001525878906 98.5
    endloop
  endfacet
  facet normal 1 0 0
    outer loop
      vertex 20.899999618530273 74 98
      vertex 20.899999618530273 74 99
      vertex 20.899999618530273 71.449996948242188 99
    endloop
  endfacet
  facet normal 1 0 -0
    outer loop
      vertex 20.899999618530273 74 98
      vertex 20.899999618530273 71.449996948242188 99
      vertex 20.899999618530273 71.449996948242188 98.5
    endloop
  endfacet
  facet normal 1 0 -0
    outer loop
      vertex 20.899999618530273 68.900001525878906 99
      vertex 20.899999618530273 63.799999237060547 100
      vertex 20.899999618530273 63.799999237060547 98
    endloop
  endfacet
  facet normal 1 0 0
    outer loop
      vertex 20.899999618530273 63.799999237060547 100
      vertex 20.899999618530273 68.900001525878906 99
      vertex 20.899999618530273 68.900001525878906 99.5
    endloop
  endfacet
  facet normal 1 0 -0
    outer loop
      vertex 20.899999618530273 74 100
      vertex 20.899999618530273 63.799999237060547 100
      vertex 20.899999618530273 68.900001525878906 99.5
    endloop
  endfacet
  facet normal 1 -0 -0
    outer loop
      vertex 20.899999618530273 71.449996948242188 99.5
      vertex 20.899999618530273 71.449996948242188 99
      vertex 20.899999618530273 74 99
    endloop
  endfacet
  facet normal 1 0 0
    outer loop
      vertex 20.899999618530273 68.900001525878906 99.5
      vertex 20.899999618530273 71.449996948242188 99.5
      vertex 20.899999618530273 74 100
    endloop
  endfacet
  facet normal 1 0 0
    outer loop
      vertex 20.899999618530273 74 99
      vertex 20.899999618530273 74 100
      vertex 20.899999618530273 71.449996948242188 99.5
    endloop
  endfacet
  facet normal 0.98107677922051673 0.19361909325863921 0
    outer loop
      vertex 20.899999618530273 74 99
      vertex 20.899999618530273 74 98
      vertex 20.682567596435547 75.101737976074219 98
    endloop
  endfacet
  facet normal 0.82940368190274105 0.55864974039748472 0
    outer loop
      vertex 20.682567596435547 75.101737976074219 100
      vertex 20.682567596435547 75.101737976074219 98
      vertex 20.029140472412109 76.071853637695312 98
    endloop
  endfacet
  facet normal 0.82940368190274105 0.55864974039748472 -0
    outer loop
      vertex 20.682567596435547 75.101737976074219 100
      vertex 20.029140472412109 76.071853637695312 98
      vertex 20.029140472412109 76.071853637695312 100
    endloop
  endfacet
  facet normal 0.98107677922051673 0.19361909325863921 0
    outer loop
      vertex 20.899999618530273 74 100
      vertex 20.899999618530273 74 99
      vertex 20.682567596435547 75.101737976074219 100
    endloop
  endfacet
  facet normal 0.98107677922051673 0.19361909325863921 -0
    outer loop
      vertex 20.682567596435547 75.101737976074219 98
      vertex 20.682567596435547 75.101737976074219 100
      vertex 20.899999618530273 74 99
    endloop
  endfacet
  facet normal 0.18491267524259977 0.98275495548718816 0
    outer loop
      vertex 18 76.900001525878906 99
      vertex 19.05400276184082 76.701683044433594 98
      vertex 18 76.900001525878906 98
    endloop
  endfacet
  facet normal 0.18491267524259977 0.98275495548718816 0
    outer loop
      vertex 19.05400276184082 76.701683044433594 100
      vertex 19.05400276184082 76.701683044433594 98
      vertex 18 76.900001525878906 99
    endloop
  endfacet
  facet normal 0.18491267524259977 0.98275495548718816 0
    outer loop
      vertex 19.05400276184082 76.701683044433594 100
      vertex 18 76.900001525878906 99
      vertex 18 76.900001525878906 100
    endloop
  endfacet
  facet normal 0.54255762999118251 0.84001858201967827 -0
    outer loop
      vertex 19.05400276184082 76.701683044433594 98
      vertex 19.05400276184082 76.701683044433594 100
      vertex 20.029140472412109 76.071853637695312 100
    endloop
  endfacet
  facet normal 0.54255762999118251 0.84001858201967827 0
    outer loop
      vertex 19.05400276184082 76.701683044433594 98
      vertex 20.029140472412109 76.071853637695312 100
      vertex 20.029140472412109 76.071853637695312 98
    endloop
  endfacet
  facet normal -0 1 -0
    outer loop
      vertex 12.166666984558105 76.900001525878906 99.5
      vertex 15.083333015441895 76.900001525878906 99.5
      vertex 15.083333015441895 76.900001525878906 99
    endloop
  endfacet
  facet normal -0 1 -0
    outer loop
      vertex 12.166666984558105 76.900001525878906 99.5
      vertex 15.083333015441895 76.900001525878906 99
      vertex 12.166666984558105 76.900001525878906 99
    endloop
  endfacet
  facet normal -0 1 -0
    outer loop
      vertex 12.166666984558105 76.900001525878906 99
      vertex 15.083333015441895 76.900001525878906 99
      vertex 15.083333015441895 76.900001525878906 98.5
    endloop
  endfacet
  facet normal -0 1 -0
    outer loop
      vertex 12.166666984558105 76.900001525878906 99
      vertex 15.083333015441895 76.900001525878906 98.5
      vertex 12.166666984558105 76.900001525878906 98.5
    endloop
  endfacet
  facet normal -0 1 -0
    outer loop
      vertex -14.083333015441895 76.900001525878906 99.5
      vertex -11.166666984558105 76.900001525878906 99.5
      vertex -11.166666984558105 76.900001525878906 99
    endloop
  endfacet
  facet normal -0 1 -0
    outer loop
      vertex -14.083333015441895 76.900001525878906 99.5
      vertex -11.166666984558105 76.900001525878906 99
      vertex -14.083333015441895 76.900001525878906 99
    endloop
  endfacet
  facet normal -0 1 -0
    outer loop
      vertex -14.083333015441895 76.900001525878906 99
      vertex -11.166666984558105 76.900001525878906 99
      vertex -11.166666984558105 76.900001525878906 98.5
    endloop
  endfacet
  facet normal -0 1 -0
    outer loop
      vertex -14.083333015441895 76.900001525878906 99
      vertex -11.166666984558105 76.900001525878906 98.5
      vertex -14.083333015441895 76.900001525878906 98.5
    endloop
  endfacet
  facet normal 0 1 -0
    outer loop
      vertex 15.083333015441895 76.900001525878906 98.5
      vertex 18 76.900001525878906 99
      vertex 18 76.900001525878906 98
    endloop
  endfacet
  facet normal 0 1 0
    outer loop
      vertex 15.083333015441895 76.900001525878906 98.5
      vertex 18 76.900001525878906 98
      vertex 12.166666984558105 76.900001525878906 98.5
    endloop
  endfacet
  facet normal 0 1 -0
    outer loop
      vertex 6.3333334922790527 76.900001525878906 98
      vertex 12.166666984558105 76.900001525878906 98.5
      vertex 18 76.900001525878906 98
    endloop
  endfacet
  facet normal 0 1 -0
    outer loop
      vertex 12.166666984558105 76.900001525878906 99
      vertex 12.166666984558105 76.900001525878906 98.5
      vertex 6.3333334922790527 76.900001525878906 98
    endloop
  endfacet
  facet normal -0 1 -0
    outer loop
      vertex 15.083333015441895 76.900001525878906 99
      vertex 18 76.900001525878906 99
      vertex 15.083333015441895 76.900001525878906 98.5
    endloop
  endfacet
  facet normal 0 1 -0
    outer loop
      vertex 18 76.900001525878906 100
      vertex 18 76.900001525878906 99
      vertex 15.083333015441895 76.900001525878906 99.5
    endloop
  endfacet
  facet normal 0 1 0
    outer loop
      vertex 15.083333015441895 76.900001525878906 99
      vertex 15.083333015441895 76.900001525878906 99.5
      vertex 18 76.900001525878906 99
    endloop
  endfacet
  facet normal -0 1 0
    outer loop
      vertex 12.166666984558105 76.900001525878906 99.5
      vertex 18 76.900001525878906 100
      vertex 15.083333015441895 76.900001525878906 99.5
    endloop
  endfacet
  facet normal 0 1 0
    outer loop
      vertex 12.166666984558105 76.900001525878906 99.5
      vertex 12.166666984558105 76.900001525878906 99
      vertex 6.3333334922790527 76.900001525878906 100
    endloop
  endfacet
  facet normal 0 1 0
    outer loop
      vertex 6.3333334922790527 76.900001525878906 98
      vertex 6.3333334922790527 76.900001525878906 100
      vertex 12.166666984558105 76.900001525878906 99
    endloop
  endfacet
  facet normal -0 1 0
    outer loop
      vertex 18 76.900001525878906 100
      vertex 12.166666984558105 76.900001525878906 99.5
      vertex 6.3333334922790527 76.900001525878906 100
    endloop
  endfacet
  facet normal 0 1 -0
    outer loop
      vertex 6.3333334922790527 76.900001525878906 100
      vertex 6.3333334922790527 76.900001525878906 98
      vertex -5.3333334922790527 76.900001525878906 98
    endloop
  endfacet
  facet normal 0 1 -0
    outer loop
      vertex 6.3333334922790527 76.900001525878906 100
      vertex -5.3333334922790527 76.900001525878906 98
      vertex -5.3333334922790527 76.900001525878906 100
    endloop
  endfacet
  facet normal -0 1 -0
    outer loop
      vertex -11.166666984558105 76.900001525878906 98.5
      vertex -11.166666984558105 76.900001525878906 99
      vertex -5.3333334922790527 76.900001525878906 98
    endloop
  endfacet
  facet normal 0 1 -0
    outer loop
      vertex -17 76.900001525878906 98
      vertex -11.166666984558105 76.900001525878906 98.5
      vertex -5.3333334922790527 76.900001525878906 98
    endloop
  endfacet
  facet normal -0 1 -0
    outer loop
      vertex -17 76.900001525878906 99
      vertex -14.083333015441895 76.900001525878906 98.5
      vertex -17 76.900001525878906 98
    endloop
  endfacet
  facet normal 0 1 -0
    outer loop
      vertex -11.166666984558105 76.900001525878906 98.5
      vertex -17 76.900001525878906 98
      vertex -14.083333015441895 76.900001525878906 98.5
    endloop
  endfacet
  facet normal 0 1 0
    outer loop
      vertex -14.083333015441895 76.900001525878906 98.5
      vertex -17 76.900001525878906 99
      vertex -14.083333015441895 76.900001525878906 99
    endloop
  endfacet
  facet normal 0 1 -0
    outer loop
      vertex -11.166666984558105 76.900001525878906 99.5
      vertex -5.3333334922790527 76.900001525878906 100
      vertex -11.166666984558105 76.900001525878906 99
    endloop
  endfacet
  facet normal 0 1 0
    outer loop
      vertex -5.3333334922790527 76.900001525878906 98
      vertex -11.166666984558105 76.900001525878906 99
      vertex -5.3333334922790527 76.900001525878906 100
    endloop
  endfacet
  facet normal -0 1 -0
    outer loop
      vertex -17 76.900001525878906 100
      vertex -5.3333334922790527 76.900001525878906 100
      vertex -11.166666984558105 76.900001525878906 99.5
    endloop
  endfacet
  facet normal 0 1 0
    outer loop
      vertex -14.083333015441895 76.900001525878906 99
      vertex -17 76.900001525878906 99
      vertex -14.083333015441895 76.900001525878906 99.5
    endloop
  endfacet
  facet normal -0 1 -0
    outer loop
      vertex -17 76.900001525878906 100
      vertex -14.083333015441895 76.900001525878906 99.5
      vertex -17 76.900001525878906 99
    endloop
  endfacet
  facet normal -0 1 -0
    outer loop
      vertex -11.166666984558105 76.900001525878906 99.5
      vertex -14.083333015441895 76.900001525878906 99.5
      vertex -17 76.900001525878906 100
    endloop
  endfacet
  facet normal -0.1936236749697165 0.9810758749919507 0
    outer loop
      vertex -17 76.900001525878906 99
      vertex -17 76.900001525878906 98
      vertex -18.101739883422852 76.682563781738281 98
    endloop
  endfacet
  facet normal -0.55864974039748472 0.82940368190274105 0
    outer loop
      vertex -18.101739883422852 76.682563781738281 100
      vertex -18.101739883422852 76.682563781738281 98
      vertex -19.071855545043945 76.029136657714844 98
    endloop
  endfacet
  facet normal -0.55864974039748472 0.82940368190274105 0
    outer loop
      vertex -18.101739883422852 76.682563781738281 100
      vertex -19.071855545043945 76.029136657714844 98
      vertex -19.071855545043945 76.029136657714844 100
    endloop
  endfacet
  facet normal -0.1936236749697165 0.9810758749919507 0
    outer loop
      vertex -17 76.900001525878906 100
      vertex -17 76.900001525878906 99
      vertex -18.101739883422852 76.682563781738281 100
    endloop
  endfacet
  facet normal -0.1936236749697165 0.9810758749919507 -0
    outer loop
      vertex -18.101739883422852 76.682563781738281 98
      vertex -18.101739883422852 76.682563781738281 100
      vertex -17 76.900001525878906 99
    endloop
  endfacet
  facet normal -0.98275489467815769 0.18491299842391626 0
    outer loop
      vertex -19.899999618530273 74 99
      vertex -19.701681137084961 75.054000854492188 98
      vertex -19.899999618530273 74 98
    endloop
  endfacet
  facet normal -0.98275489467815769 0.18491299842391626 -0
    outer loop
      vertex -19.701681137084961 75.054000854492188 100
      vertex -19.701681137084961 75.054000854492188 98
      vertex -19.899999618530273 74 99
    endloop
  endfacet
  facet normal -0.98275489467815769 0.18491299842391626 -0
    outer loop
      vertex -19.701681137084961 75.054000854492188 100
      vertex -19.899999618530273 74 99
      vertex -19.899999618530273 74 100
    endloop
  endfacet
  facet normal -0.84001959603200826 0.54255606003639978 0
    outer loop
      vertex -19.701681137084961 75.054000854492188 98
      vertex -19.701681137084961 75.054000854492188 100
      vertex -19.071855545043945 76.029136657714844 100
    endloop
  endfacet
  facet normal -0.84001959603200826 0.54255606003639978 0
    outer loop
      vertex -19.701681137084961 75.054000854492188 98
      vertex -19.071855545043945 76.029136657714844 100
      vertex -19.071855545043945 76.029136657714844 98
    endloop
  endfacet
  facet normal -1 0 0
    outer loop
      vertex -19.899999618530273 68.900001525878906 99.5
      vertex -19.899999618530273 71.449996948242188 99.5
      vertex -19.899999618530273 71.449996948242188 99
    endloop
  endfacet
  facet normal -1 0 0
    outer loop
      vertex -19.899999618530273 68.900001525878906 99.5
      vertex -19.899999618530273 71.449996948242188 99
      vertex -19.899999618530273 68.900001525878906 99
    endloop
  endfacet
  facet normal -1 0 0
    outer loop
      vertex -19.899999618530273 68.900001525878906 99
      vertex -19.899999618530273 71.449996948242188 99
      vertex -19.899999618530273 71.449996948242188 98.5
    endloop
  endfacet
  facet normal -1 0 0
    outer loop
      vertex -19.899999618530273 68.900001525878906 99
      vertex -19.899999618530273 71.449996948242188 98.5
      vertex -19.899999618530273 68.900001525878906 98.5
    endloop
  endfacet
  facet normal -1 0 0
    outer loop
      vertex -19.899999618530273 25.549999237060547 99.5
      vertex -19.899999618530273 28.100000381469727 99.5
      vertex -19.899999618530273 28.100000381469727 99
    endloop
  endfacet
  facet normal -1 0 0
    outer loop
      vertex -19.899999618530273 25.549999237060547 99.5
      vertex -19.899999618530273 28.100000381469727 99
      vertex -19.899999618530273 25.549999237060547 99
    endloop
  endfacet
  facet normal -1 0 0
    outer loop
      vertex -19.899999618530273 25.549999237060547 99
      vertex -19.899999618530273 28.100000381469727 99
      vertex -19.899999618530273 28.100000381469727 98.5
    endloop
  endfacet
  facet normal -1 0 0
    outer loop
      vertex -19.899999618530273 25.549999237060547 99
      vertex -19.899999618530273 28.100000381469727 98.5
      vertex -19.899999618530273 25.549999237060547 98.5
    endloop
  endfacet
  facet normal -1 0 0
    outer loop
      vertex -19.899999618530273 74 99
      vertex -19.899999618530273 74 98
      vertex -19.899999618530273 71.449996948242188 98.5
    endloop
  endfacet
  facet normal -1 0 0
    outer loop
      vertex -19.899999618530273 68.900001525878906 98.5
      vertex -19.899999618530273 71.449996948242188 98.5
      vertex -19.899999618530273 74 98
    endloop
  endfacet
  facet normal -1 0 -0
    outer loop
      vertex -19.899999618530273 71.449996948242188 98.5
      vertex -19.899999618530273 71.449996948242188 99
      vertex -19.899999618530273 74 99
    endloop
  endfacet
  facet normal -1 0 0
    outer loop
      vertex -19.899999618530273 63.799999237060547 98
      vertex -19.899999618530273 68.900001525878906 99
      vertex -19.899999618530273 68.900001525878906 98.5
    endloop
  endfacet
  facet normal -1 -0 -0
    outer loop
      vertex -19.899999618530273 74 98
      vertex -19.899999618530273 63.799999237060547 98
      vertex -19.899999618530273 68.900001525878906 98.5
    endloop
  endfacet
  facet normal -1 0 -0
    outer loop
      vertex -19.899999618530273 53.599998474121094 98
      vertex -19.899999618530273 53.599998474121094 100
      vertex -19.899999618530273 63.799999237060547 100
    endloop
  endfacet
  facet normal -1 0 0
    outer loop
      vertex -19.899999618530273 53.599998474121094 98
      vertex -19.899999618530273 63.799999237060547 100
      vertex -19.899999618530273 63.799999237060547 98
    endloop
  endfacet
  facet normal -1 0 0
    outer loop
      vertex -19.899999618530273 74 100
      vertex -19.899999618530273 74 99
      vertex -19.899999618530273 71.449996948242188 99.5
    endloop
  endfacet
  facet normal -1 0 -0
    outer loop
      vertex -19.899999618530273 71.449996948242188 99
      vertex -19.899999618530273 71.449996948242188 99.5
      vertex -19.899999618530273 74 99
    endloop
  endfacet
  facet normal -1 0 0
    outer loop
      vertex -19.899999618530273 68.900001525878906 99.5
      vertex -19.899999618530273 74 100
      vertex -19.899999618530273 71.449996948242188 99.5
    endloop
  endfacet
  facet normal -1 0 0
    outer loop
      vertex -19.899999618530273 63.799999237060547 100
      vertex -19.899999618530273 68.900001525878906 99.5
      vertex -19.899999618530273 68.900001525878906 99
    endloop
  endfacet
  facet normal -1 0 -0
    outer loop
      vertex -19.899999618530273 63.799999237060547 98
      vertex -19.899999618530273 63.799999237060547 100
      vertex -19.899999618530273 68.900001525878906 99
    endloop
  endfacet
  facet normal -1 0 -0
    outer loop
      vertex -19.899999618530273 74 100
      vertex -19.899999618530273 68.900001525878906 99.5
      vertex -19.899999618530273 63.799999237060547 100
    endloop
  endfacet
  facet normal -1 -0 0
    outer loop
      vertex -19.899999618530273 53.599998474121094 100
      vertex -19.899999618530273 53.599998474121094 98
      vertex -19.899999618530273 43.400001525878906 98
    endloop
  endfacet
  facet normal -1 0 -0
    outer loop
      vertex -19.899999618530273 53.599998474121094 100
      vertex -19.899999618530273 43.400001525878906 98
      vertex -19.899999618530273 43.400001525878906 100
    endloop
  endfacet
  facet normal -1 0 -0
    outer loop
      vertex -19.899999618530273 33.200000762939453 98
      vertex -19.899999618530273 33.200000762939453 100
      vertex -19.899999618530273 43.400001525878906 100
    endloop
  endfacet
  facet normal -1 0 0
    outer loop
      vertex -19.899999618530273 33.200000762939453 98
      vertex -19.899999618530273 43.400001525878906 100
      vertex -19.899999618530273 43.400001525878906 98
    endloop
  endfacet
  facet normal -1 -0 0
    outer loop
      vertex -19.899999618530273 23 98
      vertex -19.899999618530273 28.100000381469727 98.5
      vertex -19.899999618530273 33.200000762939453 98
    endloop
  endfacet
  facet normal -1 0 -0
    outer loop
      vertex -19.899999618530273 28.100000381469727 98.5
      vertex -19.899999618530273 28.100000381469727 99
      vertex -19.899999618530273 33.200000762939453 98
    endloop
  endfacet
  facet normal -1 -0 0
    outer loop
      vertex -19.899999618530273 23 98
      vertex -19.899999618530273 25.549999237060547 98.5
      vertex -19.899999618530273 28.100000381469727 98.5
    endloop
  endfacet
  facet normal -1 0 -0
    outer loop
      vertex -19.899999618530273 23 98
      vertex -19.899999618530273 23 99
      vertex -19.899999618530273 25.549999237060547 99
    endloop
  endfacet
  facet normal -1 0 0
    outer loop
      vertex -19.899999618530273 23 98
      vertex -19.899999618530273 25.549999237060547 99
      vertex -19.899999618530273 25.549999237060547 98.5
    endloop
  endfacet
  facet normal -1 0 0
    outer loop
      vertex -19.899999618530273 28.100000381469727 99
      vertex -19.899999618530273 33.200000762939453 100
      vertex -19.899999618530273 33.200000762939453 98
    endloop
  endfacet
  facet normal -1 0 -0
    outer loop
      vertex -19.899999618530273 33.200000762939453 100
      vertex -19.899999618530273 28.100000381469727 99
      vertex -19.899999618530273 28.100000381469727 99.5
    endloop
  endfacet
  facet normal -1 0 0
    outer loop
      vertex -19.899999618530273 23 100
      vertex -19.899999618530273 33.200000762939453 100
      vertex -19.899999618530273 28.100000381469727 99.5
    endloop
  endfacet
  facet normal -1 -0 0
    outer loop
      vertex -19.899999618530273 25.549999237060547 99.5
      vertex -19.899999618530273 25.549999237060547 99
      vertex -19.899999618530273 23 99
    endloop
  endfacet
  facet normal -1 0 -0
    outer loop
      vertex -19.899999618530273 28.100000381469727 99.5
      vertex -19.899999618530273 25.549999237060547 99.5
      vertex -19.899999618530273 23 100
    endloop
  endfacet
  facet normal -1 0 -0
    outer loop
      vertex -19.899999618530273 23 99
      vertex -19.899999618530273 23 100
      vertex -19.899999618530273 25.549999237060547 99.5
    endloop
  endfacet
  facet normal -0.98107684289274322 -0.19361877062828226 0
    outer loop
      vertex -19.899999618530273 23 99
      vertex -19.899999618530273 23 98
      vertex -19.682567596435547 21.898260116577148 98
    endloop
  endfacet
  facet normal -0.82940368190274105 -0.55864974039748472 -0
    outer loop
      vertex -19.682567596435547 21.898260116577148 100
      vertex -19.682567596435547 21.898260116577148 98
      vertex -19.029140472412109 20.928144454956055 98
    endloop
  endfacet
  facet normal -0.82940368190274105 -0.55864974039748472 0
    outer loop
      vertex -19.682567596435547 21.898260116577148 100
      vertex -19.029140472412109 20.928144454956055 98
      vertex -19.029140472412109 20.928144454956055 100
    endloop
  endfacet
  facet normal -0.98107684289274322 -0.19361877062828226 0
    outer loop
      vertex -19.899999618530273 23 100
      vertex -19.899999618530273 23 99
      vertex -19.682567596435547 21.898260116577148 100
    endloop
  endfacet
  facet normal -0.98107684289274322 -0.19361877062828226 0
    outer loop
      vertex -19.682567596435547 21.898260116577148 98
      vertex -19.682567596435547 21.898260116577148 100
      vertex -19.899999618530273 23 99
    endloop
  endfacet
  facet normal -0.18491267524259977 -0.98275495548718816 0
    outer loop
      vertex -17 20.100000381469727 99
      vertex -18.05400276184082 20.298318862915039 98
      vertex -17 20.100000381469727 98
    endloop
  endfacet
  facet normal -0.18491267524259977 -0.98275495548718816 -0
    outer loop
      vertex -18.05400276184082 20.298318862915039 100
      vertex -18.05400276184082 20.298318862915039 98
      vertex -17 20.100000381469727 99
    endloop
  endfacet
  facet normal -0.18491267524259977 -0.98275495548718816 0
    outer loop
      vertex -18.05400276184082 20.298318862915039 100
      vertex -17 20.100000381469727 99
      vertex -17 20.100000381469727 100
    endloop
  endfacet
  facet normal -0.54255531119825418 -0.84002007969486392 0
    outer loop
      vertex -18.05400276184082 20.298318862915039 98
      vertex -18.05400276184082 20.298318862915039 100
      vertex -19.029140472412109 20.928144454956055 100
    endloop
  endfacet
  facet normal -0.54255531119825418 -0.84002007969486392 0
    outer loop
      vertex -18.05400276184082 20.298318862915039 98
      vertex -19.029140472412109 20.928144454956055 100
      vertex -19.029140472412109 20.928144454956055 98
    endloop
  endfacet
  facet normal -0 -1 0
    outer loop
      vertex -11.166666984558105 20.100000381469727 99.5
      vertex -14.083333015441895 20.100000381469727 99.5
      vertex -14.083333015441895 20.100000381469727 99
    endloop
  endfacet
  facet normal -0 -1 0
    outer loop
      vertex -11.166666984558105 20.100000381469727 99.5
      vertex -14.083333015441895 20.100000381469727 99
      vertex -11.166666984558105 20.100000381469727 99
    endloop
  endfacet
  facet normal -0 -1 0
    outer loop
      vertex -11.166666984558105 20.100000381469727 99
      vertex -14.083333015441895 20.100000381469727 99
      vertex -14.083333015441895 20.100000381469727 98.5
    endloop
  endfacet
  facet normal -0 -1 0
    outer loop
      vertex -11.166666984558105 20.100000381469727 99
      vertex -14.083333015441895 20.100000381469727 98.5
      vertex -11.166666984558105 20.100000381469727 98.5
    endloop
  endfacet
  facet normal -0 -1 0
    outer loop
      vertex 15.083333015441895 20.100000381469727 99.5
      vertex 12.166666984558105 20.100000381469727 99.5
      vertex 12.166666984558105 20.100000381469727 99
    endloop
  endfacet
  facet normal -0 -1 0
    outer loop
      vertex 15.083333015441895 20.100000381469727 99.5
      vertex 12.166666984558105 20.100000381469727 99
      vertex 15.083333015441895 20.100000381469727 99
    endloop
  endfacet
  facet normal -0 -1 0
    outer loop
      vertex 15.083333015441895 20.100000381469727 99
      vertex 12.166666984558105 20.100000381469727 99
      vertex 12.166666984558105 20.100000381469727 98.5
    endloop
  endfacet
  facet normal -0 -1 0
    outer loop
      vertex 15.083333015441895 20.100000381469727 99
      vertex 12.166666984558105 20.100000381469727 98.5
      vertex 15.083333015441895 20.100000381469727 98.5
    endloop
  endfacet
  facet normal 0 -1 0
    outer loop
      vertex -14.083333015441895 20.100000381469727 98.5
      vertex -17 20.100000381469727 99
      vertex -17 20.100000381469727 98
    endloop
  endfacet
  facet normal 0 -1 -0
    outer loop
      vertex -14.083333015441895 20.100000381469727 98.5
      vertex -17 20.100000381469727 98
      vertex -11.166666984558105 20.100000381469727 98.5
    endloop
  endfacet
  facet normal 0 -1 0
    outer loop
      vertex -5.3333334922790527 20.100000381469727 98
      vertex -11.166666984558105 20.100000381469727 98.5
      vertex -17 20.100000381469727 98
    endloop
  endfacet
  facet normal -0 -1 0
    outer loop
      vertex -14.083333015441895 20.100000381469727 99
      vertex -17 20.100000381469727 99
      vertex -14.083333015441895 20.100000381469727 98.5
    endloop
  endfacet
  facet normal -0 -1 -0
    outer loop
      vertex -5.3333334922790527 20.100000381469727 98
      vertex -11.166666984558105 20.100000381469727 99
      vertex -11.166666984558105 20.100000381469727 98.5
    endloop
  endfacet
  facet normal 0 -1 0
    outer loop
      vertex -17 20.100000381469727 100
      vertex -17 20.100000381469727 99
      vertex -14.083333015441895 20.100000381469727 99.5
    endloop
  endfacet
  facet normal 0 -1 -0
    outer loop
      vertex -14.083333015441895 20.100000381469727 99
      vertex -14.083333015441895 20.100000381469727 99.5
      vertex -17 20.100000381469727 99
    endloop
  endfacet
  facet normal -0 -1 -0
    outer loop
      vertex -11.166666984558105 20.100000381469727 99.5
      vertex -17 20.100000381469727 100
      vertex -14.083333015441895 20.100000381469727 99.5
    endloop
  endfacet
  facet normal 0 -1 -0
    outer loop
      vertex -11.166666984558105 20.100000381469727 99.5
      vertex -11.166666984558105 20.100000381469727 99
      vertex -5.3333334922790527 20.100000381469727 100
    endloop
  endfacet
  facet normal 0 -1 -0
    outer loop
      vertex -5.3333334922790527 20.100000381469727 98
      vertex -5.3333334922790527 20.100000381469727 100
      vertex -11.166666984558105 20.100000381469727 99
    endloop
  endfacet
  facet normal -0 -1 -0
    outer loop
      vertex -17 20.100000381469727 100
      vertex -11.166666984558105 20.100000381469727 99.5
      vertex -5.3333334922790527 20.100000381469727 100
    endloop
  endfacet
  facet normal 0 -1 0
    outer loop
      vertex -5.3333334922790527 20.100000381469727 100
      vertex -5.3333334922790527 20.100000381469727 98
      vertex 6.3333334922790527 20.100000381469727 98
    endloop
  endfacet
  facet normal 0 -1 0
    outer loop
      vertex -5.3333334922790527 20.100000381469727 100
      vertex 6.3333334922790527 20.100000381469727 98
      vertex 6.3333334922790527 20.100000381469727 100
    endloop
  endfacet
  facet normal -0 -1 0
    outer loop
      vertex 12.166666984558105 20.100000381469727 99
      vertex 6.3333334922790527 20.100000381469727 98
      vertex 12.166666984558105 20.100000381469727 98.5
    endloop
  endfacet
  facet normal 0 -1 0
    outer loop
      vertex 18 20.100000381469727 98
      vertex 12.166666984558105 20.100000381469727 98.5
      vertex 6.3333334922790527 20.100000381469727 98
    endloop
  endfacet
  facet normal 0 -1 0
    outer loop
      vertex 12.166666984558105 20.100000381469727 98.5
      vertex 18 20.100000381469727 98
      vertex 15.083333015441895 20.100000381469727 98.5
    endloop
  endfacet
  facet normal -0 -1 0
    outer loop
      vertex 18 20.100000381469727 99
      vertex 15.083333015441895 20.100000381469727 98.5
      vertex 18 20.100000381469727 98
    endloop
  endfacet
  facet normal 0 -1 0
    outer loop
      vertex 6.3333334922790527 20.100000381469727 100
      vertex 6.3333334922790527 20.100000381469727 98
      vertex 12.166666984558105 20.100000381469727 99
    endloop
  endfacet
  facet normal 0 -1 0
    outer loop
      vertex 6.3333334922790527 20.100000381469727 100
      vertex 12.166666984558105 20.100000381469727 99
      vertex 12.166666984558105 20.100000381469727 99.5
    endloop
  endfacet
  facet normal -0 -1 0
    outer loop
      vertex 18 20.100000381469727 100
      vertex 6.3333334922790527 20.100000381469727 100
      vertex 12.166666984558105 20.100000381469727 99.5
    endloop
  endfacet
  facet normal -0 -1 0
    outer loop
      vertex 18 20.100000381469727 100
      vertex 15.083333015441895 20.100000381469727 99.5
      vertex 18 20.100000381469727 99
    endloop
  endfacet
  facet normal 0 -1 -0
    outer loop
      vertex 15.083333015441895 20.100000381469727 99
      vertex 18 20.100000381469727 99
      vertex 15.083333015441895 20.100000381469727 99.5
    endloop
  endfacet
  facet normal -0 -1 0
    outer loop
      vertex 12.166666984558105 20.100000381469727 99.5
      vertex 15.083333015441895 20.100000381469727 99.5
      vertex 18 20.100000381469727 100
    endloop
  endfacet
  facet normal -0 -1 0
    outer loop
      vertex 18 20.100000381469727 99
      vertex 15.083333015441895 20.100000381469727 99
      vertex 15.083333015441895 20.100000381469727 98.5
    endloop
  endfacet
  facet normal 0 0 -1
    outer loop
      vertex 18 76.900001525878906 98
      vertex 20.899999618530273 74 98
      vertex 20.899999618530273 63.799999237060547 98
    endloop
  endfacet
  facet normal 0 0 -1
    outer loop
      vertex 20.899999618530273 63.799999237060547 98
      vertex 20.899999618530273 53.599998474121094 98
      vertex 6.3333334922790527 76.900001525878906 98
    endloop
  endfacet
  facet normal -0 0 -1
    outer loop
      vertex 20.682567596435547 75.101737976074219 98
      vertex 20.899999618530273 74 98
      vertex 20.029140472412109 76.071853637695312 98
    endloop
  endfacet
  facet normal 0 0 -1
    outer loop
      vertex 18 76.900001525878906 98
      vertex 20.899999618530273 63.799999237060547 98
      vertex 6.3333334922790527 76.900001525878906 98
    endloop
  endfacet
  facet normal -0 0 -1
    outer loop
      vertex 20.899999618530273 74 98
      vertex 18 76.900001525878906 98
      vertex 19.05400276184082 76.701683044433594 98
    endloop
  endfacet
  facet normal -0 0 -1
    outer loop
      vertex 20.899999618530273 74 98
      vertex 19.05400276184082 76.701683044433594 98
      vertex 20.029140472412109 76.071853637695312 98
    endloop
  endfacet
  facet normal -0 -0 -1
    outer loop
      vertex 20.899999618530273 43.400001525878906 98
      vertex -19.899999618530273 43.400001525878906 98
      vertex -19.899999618530273 53.599998474121094 98
    endloop
  endfacet
  facet normal -0 -0 -1
    outer loop
      vertex 20.899999618530273 43.400001525878906 98
      vertex -19.899999618530273 53.599998474121094 98
      vertex 20.899999618530273 53.599998474121094 98
    endloop
  endfacet
  facet normal -0 0 -1
    outer loop
      vertex 20.899999618530273 33.200000762939453 98
      vertex 20.899999618530273 23 98
      vertex 18 20.100000381469727 98
    endloop
  endfacet
  facet normal -0 0 -1
    outer loop
      vertex 20.899999618530273 23 98
      vertex 20.701681137084961 21.94599723815918 98
      vertex 20.071855545043945 20.970859527587891 98
    endloop
  endfacet
  facet normal -0 0 -1
    outer loop
      vertex 6.3333334922790527 20.100000381469727 98
      vertex 20.899999618530273 43.400001525878906 98
      vertex 20.899999618530273 33.200000762939453 98
    endloop
  endfacet
  facet normal 0 0 -1
    outer loop
      vertex 19.101739883422852 20.317432403564453 98
      vertex 20.899999618530273 23 98
      vertex 20.071855545043945 20.970859527587891 98
    endloop
  endfacet
  facet normal 0 0 -1
    outer loop
      vertex 18 20.100000381469727 98
      vertex 20.899999618530273 23 98
      vertex 19.101739883422852 20.317432403564453 98
    endloop
  endfacet
  facet normal 0 -0 -1
    outer loop
      vertex 18 20.100000381469727 98
      vertex 6.3333334922790527 20.100000381469727 98
      vertex 20.899999618530273 33.200000762939453 98
    endloop
  endfacet
  facet normal 0 0 -1
    outer loop
      vertex -5.3333334922790527 20.100000381469727 98
      vertex 20.899999618530273 43.400001525878906 98
      vertex 6.3333334922790527 20.100000381469727 98
    endloop
  endfacet
  facet normal 0 0 -1
    outer loop
      vertex 6.3333334922790527 76.900001525878906 98
      vertex 20.899999618530273 53.599998474121094 98
      vertex -5.3333334922790527 76.900001525878906 98
    endloop
  endfacet
  facet normal -0 0 -1
    outer loop
      vertex -17 76.900001525878906 98
      vertex -5.3333334922790527 76.900001525878906 98
      vertex -19.899999618530273 63.799999237060547 98
    endloop
  endfacet
  facet normal 0 -0 -1
    outer loop
      vertex -19.899999618530273 74 98
      vertex -18.101739883422852 76.682563781738281 98
      vertex -17 76.900001525878906 98
    endloop
  endfacet
  facet normal 0 -0 -1
    outer loop
      vertex -18.101739883422852 76.682563781738281 98
      vertex -19.899999618530273 74 98
      vertex -19.071855545043945 76.029136657714844 98
    endloop
  endfacet
  facet normal 0 -0 -1
    outer loop
      vertex -17 76.900001525878906 98
      vertex -19.899999618530273 63.799999237060547 98
      vertex -19.899999618530273 74 98
    endloop
  endfacet
  facet normal 0 -0 -1
    outer loop
      vertex -19.899999618530273 63.799999237060547 98
      vertex -5.3333334922790527 76.900001525878906 98
      vertex -19.899999618530273 53.599998474121094 98
    endloop
  endfacet
  facet normal -0 0 -1
    outer loop
      vertex -19.899999618530273 74 98
      vertex -19.701681137084961 75.054000854492188 98
      vertex -19.071855545043945 76.029136657714844 98
    endloop
  endfacet
  facet normal -0 -0 -1
    outer loop
      vertex -18.05400276184082 20.298318862915039 98
      vertex -19.029140472412109 20.928144454956055 98
      vertex -19.899999618530273 23 98
    endloop
  endfacet
  facet normal 0 -0 -1
    outer loop
      vertex -17 20.100000381469727 98
      vertex -18.05400276184082 20.298318862915039 98
      vertex -19.899999618530273 23 98
    endloop
  endfacet
  facet normal 0 0 -1
    outer loop
      vertex -5.3333334922790527 20.100000381469727 98
      vertex -17 20.100000381469727 98
      vertex -19.899999618530273 33.200000762939453 98
    endloop
  endfacet
  facet normal -0 -0 -1
    outer loop
      vertex -19.899999618530273 33.200000762939453 98
      vertex -17 20.100000381469727 98
      vertex -19.899999618530273 23 98
    endloop
  endfacet
  facet normal 0 0 -1
    outer loop
      vertex -19.899999618530273 23 98
      vertex -19.029140472412109 20.928144454956055 98
      vertex -19.682567596435547 21.898260116577148 98
    endloop
  endfacet
  facet normal -0 -0 -1
    outer loop
      vertex -19.899999618530273 43.400001525878906 98
      vertex -5.3333334922790527 20.100000381469727 98
      vertex -19.899999618530273 33.200000762939453 98
    endloop
  endfacet
  facet normal 0 -0 -1
    outer loop
      vertex -5.3333334922790527 20.100000381469727 98
      vertex -19.899999618530273 43.400001525878906 98
      vertex 20.899999618530273 43.400001525878906 98
    endloop
  endfacet
  facet normal -0 0 -1
    outer loop
      vertex -5.3333334922790527 76.900001525878906 98
      vertex 20.899999618530273 53.599998474121094 98
      vertex -19.899999618530273 53.599998474121094 98
    endloop
  endfacet
  facet normal -0.93499753715099165 0.35465420556026123 -0
    outer loop
      vertex 6.0809593200683594 52.5 101
      vertex 3.0464768409729004 44.5 101
      vertex 3.0464768409729004 44.5 101.84999847412109
    endloop
  endfacet
  facet normal -0.93499753715099165 0.35465420556026123 -0
    outer loop
      vertex 6.0809593200683594 52.5 101
      vertex 3.0464768409729004 44.5 101.84999847412109
      vertex 6.0809593200683594 52.5 101.84999847412109
    endloop
  endfacet
  facet normal 0 -1 -0
    outer loop
      vertex 3.0464768409729004 44.5 101
      vertex 5.5652174949645996 44.5 101
      vertex 5.5652174949645996 44.5 101.84999847412109
    endloop
  endfacet
  facet normal 0 -1 -0
    outer loop
      vertex 3.0464768409729004 44.5 101
      vertex 5.5652174949645996 44.5 101.84999847412109
      vertex 3.0464768409729004 44.5 101.84999847412109
    endloop
  endfacet
  facet normal 0.93887619524323052 -0.34425497818563955 -0
    outer loop
      vertex 5.5652174949645996 44.5 101
      vertex 5.8290853500366211 45.219638824462891 101
      vertex 5.8290853500366211 45.219638824462891 101.84999847412109
    endloop
  endfacet
  facet normal 0.93887619524323052 -0.34425497818563955 0
    outer loop
      vertex 5.5652174949645996 44.5 101
      vertex 5.8290853500366211 45.219638824462891 101.84999847412109
      vertex 5.5652174949645996 44.5 101.84999847412109
    endloop
  endfacet
  facet normal 0 -1 -0
    outer loop
      vertex 5.8290853500366211 45.219638824462891 101
      vertex 8.2518739700317383 45.219638824462891 101
      vertex 8.2518739700317383 45.219638824462891 101.84999847412109
    endloop
  endfacet
  facet normal 0 -1 -0
    outer loop
      vertex 5.8290853500366211 45.219638824462891 101
      vertex 8.2518739700317383 45.219638824462891 101.84999847412109
      vertex 5.8290853500366211 45.219638824462891 101.84999847412109
    endloop
  endfacet
  facet normal -0.9388759941707463 -0.34425552656405162 0
    outer loop
      vertex 8.2518739700317383 45.219638824462891 101
      vertex 8.515742301940918 44.5 101
      vertex 8.515742301940918 44.5 101.84999847412109
    endloop
  endfacet
  facet normal -0.9388759941707463 -0.34425552656405162 -0
    outer loop
      vertex 8.2518739700317383 45.219638824462891 101
      vertex 8.515742301940918 44.5 101.84999847412109
      vertex 8.2518739700317383 45.219638824462891 101.84999847412109
    endloop
  endfacet
  facet normal 0 -1 -0
    outer loop
      vertex 8.515742301940918 44.5 101
      vertex 11.034482955932617 44.5 101
      vertex 11.034482955932617 44.5 101.84999847412109
    endloop
  endfacet
  facet normal 0 -1 -0
    outer loop
      vertex 8.515742301940918 44.5 101
      vertex 11.034482955932617 44.5 101.84999847412109
      vertex 8.515742301940918 44.5 101.84999847412109
    endloop
  endfacet
  facet normal 0.9349975186708126 0.35465425428073372 -0
    outer loop
      vertex 11.034482955932617 44.5 101
      vertex 8 52.5 101
      vertex 8 52.5 101.84999847412109
    endloop
  endfacet
  facet normal 0.9349975186708126 0.35465425428073372 0
    outer loop
      vertex 11.034482955932617 44.5 101
      vertex 8 52.5 101.84999847412109
      vertex 11.034482955932617 44.5 101.84999847412109
    endloop
  endfacet
  facet normal 0 1 0
    outer loop
      vertex 8 52.5 101
      vertex 6.0809593200683594 52.5 101
      vertex 6.0809593200683594 52.5 101.84999847412109
    endloop
  endfacet
  facet normal 0 1 0
    outer loop
      vertex 8 52.5 101
      vertex 6.0809593200683594 52.5 101.84999847412109
      vertex 8 52.5 101.84999847412109
    endloop
  endfacet
  facet normal 0 1 0
    outer loop
      vertex 7.5802097320556641 46.982757568359375 101
      vertex 6.5007495880126953 46.982757568359375 101
      vertex 6.5007495880126953 46.982757568359375 101.84999847412109
    endloop
  endfacet
  facet normal 0 1 0
    outer loop
      vertex 7.5802097320556641 46.982757568359375 101
      vertex 6.5007495880126953 46.982757568359375 101.84999847412109
      vertex 7.5802097320556641 46.982757568359375 101.84999847412109
    endloop
  endfacet
  facet normal 0.9777768628953637 -0.20964829211443947 -0
    outer loop
      vertex 6.5007495880126953 46.982757568359375 101
      vertex 7.0404796600341797 49.5 101
      vertex 7.0404796600341797 49.5 101.84999847412109
    endloop
  endfacet
  facet normal 0.9777768628953637 -0.20964829211443947 0
    outer loop
      vertex 6.5007495880126953 46.982757568359375 101
      vertex 7.0404796600341797 49.5 101.84999847412109
      vertex 6.5007495880126953 46.982757568359375 101.84999847412109
    endloop
  endfacet
  facet normal -0.9777768628953637 -0.20964829211443947 -0
    outer loop
      vertex 7.0404796600341797 49.5 101
      vertex 7.5802097320556641 46.982757568359375 101
      vertex 7.5802097320556641 46.982757568359375 101.84999847412109
    endloop
  endfacet
  facet normal -0.9777768628953637 -0.20964829211443947 -0
    outer loop
      vertex 7.0404796600341797 49.5 101
      vertex 7.5802097320556641 46.982757568359375 101.84999847412109
      vertex 7.0404796600341797 49.5 101.84999847412109
    endloop
  endfacet
  facet normal 0 -0 -1
    outer loop
      vertex 5.8290853500366211 45.219638824462891 101
      vertex 5.5652174949645996 44.5 101
      vertex 3.0464768409729004 44.5 101
    endloop
  endfacet
  facet normal 0 0 -1
    outer loop
      vertex 6.0809593200683594 52.5 101
      vertex 7.0404796600341797 49.5 101
      vertex 3.0464768409729004 44.5 101
    endloop
  endfacet
  facet normal -0 0 -1
    outer loop
      vertex 5.8290853500366211 45.219638824462891 101
      vertex 6.5007495880126953 46.982757568359375 101
      vertex 8.2518739700317383 45.219638824462891 101
    endloop
  endfacet
  facet normal 0 0 -1
    outer loop
      vertex 6.5007495880126953 46.982757568359375 101
      vertex 3.0464768409729004 44.5 101
      vertex 7.0404796600341797 49.5 101
    endloop
  endfacet
  facet normal 0 -0 -1
    outer loop
      vertex 5.8290853500366211 45.219638824462891 101
      vertex 3.0464768409729004 44.5 101
      vertex 6.5007495880126953 46.982757568359375 101
    endloop
  endfacet
  facet normal 0 -0 -1
    outer loop
      vertex 11.034482955932617 44.5 101
      vertex 8.515742301940918 44.5 101
      vertex 8.2518739700317383 45.219638824462891 101
    endloop
  endfacet
  facet normal -0 -0 -1
    outer loop
      vertex 6.5007495880126953 46.982757568359375 101
      vertex 7.5802097320556641 46.982757568359375 101
      vertex 8.2518739700317383 45.219638824462891 101
    endloop
  endfacet
  facet normal 0 0 -1
    outer loop
      vertex 7.5802097320556641 46.982757568359375 101
      vertex 11.034482955932617 44.5 101
      vertex 8.2518739700317383 45.219638824462891 101
    endloop
  endfacet
  facet normal 0 0 -1
    outer loop
      vertex 7.0404796600341797 49.5 101
      vertex 11.034482955932617 44.5 101
      vertex 7.5802097320556641 46.982757568359375 101
    endloop
  endfacet
  facet normal 0 0 -1
    outer loop
      vertex 8 52.5 101
      vertex 11.034482955932617 44.5 101
      vertex 7.0404796600341797 49.5 101
    endloop
  endfacet
  facet normal -0 0 -1
    outer loop
      vertex 6.0809593200683594 52.5 101
      vertex 8 52.5 101
      vertex 7.0404796600341797 49.5 101
    endloop
  endfacet
  facet normal 0 -0 1
    outer loop
      vertex 5.8290853500366211 45.219638824462891 101.84999847412109
      vertex 3.0464768409729004 44.5 101.84999847412109
      vertex 5.5652174949645996 44.5 101.84999847412109
    endloop
  endfacet
  facet normal 0 0 1
    outer loop
      vertex 6.0809593200683594 52.5 101.84999847412109
      vertex 3.0464768409729004 44.5 101.84999847412109
      vertex 7.0404796600341797 49.5 101.84999847412109
    endloop
  endfacet
  facet normal -0 0 1
    outer loop
      vertex 5.8290853500366211 45.219638824462891 101.84999847412109
      vertex 8.2518739700317383 45.219638824462891 101.84999847412109
      vertex 6.5007495880126953 46.982757568359375 101.84999847412109
    endloop
  endfacet
  facet normal -0 0 1
    outer loop
      vertex 6.5007495880126953 46.982757568359375 101.84999847412109
      vertex 7.0404796600341797 49.5 101.84999847412109
      vertex 3.0464768409729004 44.5 101.84999847412109
    endloop
  endfacet
  facet normal 0 -0 1
    outer loop
      vertex 5.8290853500366211 45.219638824462891 101.84999847412109
      vertex 6.5007495880126953 46.982757568359375 101.84999847412109
      vertex 3.0464768409729004 44.5 101.84999847412109
    endloop
  endfacet
  facet normal 0 -0 1
    outer loop
      vertex 11.034482955932617 44.5 101.84999847412109
      vertex 8.2518739700317383 45.219638824462891 101.84999847412109
      vertex 8.515742301940918 44.5 101.84999847412109
    endloop
  endfacet
  facet normal 0 0 1
    outer loop
      vertex 6.5007495880126953 46.982757568359375 101.84999847412109
      vertex 8.2518739700317383 45.219638824462891 101.84999847412109
      vertex 7.5802097320556641 46.982757568359375 101.84999847412109
    endloop
  endfacet
  facet normal 0 0 1
    outer loop
      vertex 7.5802097320556641 46.982757568359375 101.84999847412109
      vertex 8.2518739700317383 45.219638824462891 101.84999847412109
      vertex 11.034482955932617 44.5 101.84999847412109
    endloop
  endfacet
  facet normal 0 0 1
    outer loop
      vertex 7.0404796600341797 49.5 101.84999847412109
      vertex 7.5802097320556641 46.982757568359375 101.84999847412109
      vertex 11.034482955932617 44.5 101.84999847412109
    endloop
  endfacet
  facet normal 0 0 1
    outer loop
      vertex 8 52.5 101.84999847412109
      vertex 7.0404796600341797 49.5 101.84999847412109
      vertex 11.034482955932617 44.5 101.84999847412109
    endloop
  endfacet
  facet normal 0 0 1
    outer loop
      vertex 6.0809593200683594 52.5 101.84999847412109
      vertex 7.0404796600341797 49.5 101.84999847412109
      vertex 8 52.5 101.84999847412109
    endloop
  endfacet
  facet normal -1 -0 -0
    outer loop
      vertex -2.3110945224761963 52.5 101
      vertex -2.3110945224761963 44.5 101
      vertex -2.3110945224761963 44.5 101.84999847412109
    endloop
  endfacet
  facet normal -1 -0 -0
    outer loop
      vertex -2.3110945224761963 52.5 101
      vertex -2.3110945224761963 44.5 101.84999847412109
      vertex -2.3110945224761963 52.5 101.84999847412109
    endloop
  endfacet
  facet normal 0 -1 -0
    outer loop
      vertex -2.3110945224761963 44.5 101
      vertex 2.4865067005157471 44.5 101
      vertex 2.4865067005157471 44.5 101.84999847412109
    endloop
  endfacet
  facet normal 0 -1 -0
    outer loop
      vertex -2.3110945224761963 44.5 101
      vertex 2.4865067005157471 44.5 101.84999847412109
      vertex -2.3110945224761963 44.5 101.84999847412109
    endloop
  endfacet
  facet normal 1 -0 0
    outer loop
      vertex 2.4865067005157471 44.5 101
      vertex 2.4865067005157471 46.598949432373047 101
      vertex 2.4865067005157471 46.598949432373047 101.84999847412109
    endloop
  endfacet
  facet normal 1 -0 0
    outer loop
      vertex 2.4865067005157471 44.5 101
      vertex 2.4865067005157471 46.598949432373047 101.84999847412109
      vertex 2.4865067005157471 44.5 101.84999847412109
    endloop
  endfacet
  facet normal 0 1 0
    outer loop
      vertex 2.4865067005157471 46.598949432373047 101
      vertex 0.24362818896770477 46.598949432373047 101
      vertex 0.24362818896770477 46.598949432373047 101.84999847412109
    endloop
  endfacet
  facet normal 0 1 0
    outer loop
      vertex 2.4865067005157471 46.598949432373047 101
      vertex 0.24362818896770477 46.598949432373047 101.84999847412109
      vertex 2.4865067005157471 46.598949432373047 101.84999847412109
    endloop
  endfacet
  facet normal 1 -0 0
    outer loop
      vertex 0.24362818896770477 46.598949432373047 101
      vertex 0.24362818896770477 47.522487640380859 101
      vertex 0.24362818896770477 47.522487640380859 101.84999847412109
    endloop
  endfacet
  facet normal 1 -0 0
    outer loop
      vertex 0.24362818896770477 46.598949432373047 101
      vertex 0.24362818896770477 47.522487640380859 101.84999847412109
      vertex 0.24362818896770477 46.598949432373047 101.84999847412109
    endloop
  endfacet
  facet normal 0 -1 -0
    outer loop
      vertex 0.24362818896770477 47.522487640380859 101
      vertex 2.3665666580200195 47.522487640380859 101
      vertex 2.3665666580200195 47.522487640380859 101.84999847412109
    endloop
  endfacet
  facet normal 0 -1 -0
    outer loop
      vertex 0.24362818896770477 47.522487640380859 101
      vertex 2.3665666580200195 47.522487640380859 101.84999847412109
      vertex 0.24362818896770477 47.522487640380859 101.84999847412109
    endloop
  endfacet
  facet normal 1 -0 0
    outer loop
      vertex 2.3665666580200195 47.522487640380859 101
      vertex 2.3665666580200195 49.513492584228516 101
      vertex 2.3665666580200195 49.513492584228516 101.84999847412109
    endloop
  endfacet
  facet normal 1 -0 0
    outer loop
      vertex 2.3665666580200195 47.522487640380859 101
      vertex 2.3665666580200195 49.513492584228516 101.84999847412109
      vertex 2.3665666580200195 47.522487640380859 101.84999847412109
    endloop
  endfacet
  facet normal 0 1 0
    outer loop
      vertex 2.3665666580200195 49.513492584228516 101
      vertex 0.24362818896770477 49.513492584228516 101
      vertex 0.24362818896770477 49.513492584228516 101.84999847412109
    endloop
  endfacet
  facet normal 0 1 0
    outer loop
      vertex 2.3665666580200195 49.513492584228516 101
      vertex 0.24362818896770477 49.513492584228516 101.84999847412109
      vertex 2.3665666580200195 49.513492584228516 101.84999847412109
    endloop
  endfacet
  facet normal 1 -0 0
    outer loop
      vertex 0.24362818896770477 49.513492584228516 101
      vertex 0.24362818896770477 50.401050567626953 101
      vertex 0.24362818896770477 50.401050567626953 101.84999847412109
    endloop
  endfacet
  facet normal 1 -0 0
    outer loop
      vertex 0.24362818896770477 49.513492584228516 101
      vertex 0.24362818896770477 50.401050567626953 101.84999847412109
      vertex 0.24362818896770477 49.513492584228516 101.84999847412109
    endloop
  endfacet
  facet normal 0 -1 -0
    outer loop
      vertex 0.24362818896770477 50.401050567626953 101
      vertex 2.4025487899780273 50.401050567626953 101
      vertex 2.4025487899780273 50.401050567626953 101.84999847412109
    endloop
  endfacet
  facet normal 0 -1 -0
    outer loop
      vertex 0.24362818896770477 50.401050567626953 101
      vertex 2.4025487899780273 50.401050567626953 101.84999847412109
      vertex 0.24362818896770477 50.401050567626953 101.84999847412109
    endloop
  endfacet
  facet normal 1 -0 0
    outer loop
      vertex 2.4025487899780273 50.401050567626953 101
      vertex 2.4025487899780273 52.5 101
      vertex 2.4025487899780273 52.5 101.84999847412109
    endloop
  endfacet
  facet normal 1 -0 0
    outer loop
      vertex 2.4025487899780273 50.401050567626953 101
      vertex 2.4025487899780273 52.5 101.84999847412109
      vertex 2.4025487899780273 50.401050567626953 101.84999847412109
    endloop
  endfacet
  facet normal 0 1 0
    outer loop
      vertex 2.4025487899780273 52.5 101
      vertex -2.3110945224761963 52.5 101
      vertex -2.3110945224761963 52.5 101.84999847412109
    endloop
  endfacet
  facet normal 0 1 -0
    outer loop
      vertex 2.4025487899780273 52.5 101
      vertex -2.3110945224761963 52.5 101.84999847412109
      vertex 2.4025487899780273 52.5 101.84999847412109
    endloop
  endfacet
  facet normal -0 0 -1
    outer loop
      vertex 0.24362818896770477 47.522487640380859 101
      vertex 0.24362818896770477 46.598949432373047 101
      vertex -2.3110945224761963 44.5 101
    endloop
  endfacet
  facet normal -0 -0 -1
    outer loop
      vertex 2.4865067005157471 44.5 101
      vertex -2.3110945224761963 44.5 101
      vertex 0.24362818896770477 46.598949432373047 101
    endloop
  endfacet
  facet normal 0 0 -1
    outer loop
      vertex -2.3110945224761963 52.5 101
      vertex 0.24362818896770477 47.522487640380859 101
      vertex -2.3110945224761963 44.5 101
    endloop
  endfacet
  facet normal -0 0 -1
    outer loop
      vertex 0.24362818896770477 50.401050567626953 101
      vertex 0.24362818896770477 49.513492584228516 101
      vertex -2.3110945224761963 52.5 101
    endloop
  endfacet
  facet normal -0 0 -1
    outer loop
      vertex 0.24362818896770477 47.522487640380859 101
      vertex -2.3110945224761963 52.5 101
      vertex 0.24362818896770477 49.513492584228516 101
    endloop
  endfacet
  facet normal 0 -0 -1
    outer loop
      vertex 2.4025487899780273 52.5 101
      vertex 0.24362818896770477 50.401050567626953 101
      vertex -2.3110945224761963 52.5 101
    endloop
  endfacet
  facet normal 0 0 -1
    outer loop
      vertex 0.24362818896770477 49.513492584228516 101
      vertex 2.3665666580200195 47.522487640380859 101
      vertex 0.24362818896770477 47.522487640380859 101
    endloop
  endfacet
  facet normal -0 -0 -1
    outer loop
      vertex 2.4865067005157471 44.5 101
      vertex 0.24362818896770477 46.598949432373047 101
      vertex 2.4865067005157471 46.598949432373047 101
    endloop
  endfacet
  facet normal 0 0 -1
    outer loop
      vertex 0.24362818896770477 50.401050567626953 101
      vertex 2.4025487899780273 52.5 101
      vertex 2.4025487899780273 50.401050567626953 101
    endloop
  endfacet
  facet normal 0 0 -1
    outer loop
      vertex 0.24362818896770477 49.513492584228516 101
      vertex 2.3665666580200195 49.513492584228516 101
      vertex 2.3665666580200195 47.522487640380859 101
    endloop
  endfacet
  facet normal -0 0 1
    outer loop
      vertex 0.24362818896770477 47.522487640380859 101.84999847412109
      vertex -2.3110945224761963 44.5 101.84999847412109
      vertex 0.24362818896770477 46.598949432373047 101.84999847412109
    endloop
  endfacet
  facet normal -0 -0 1
    outer loop
      vertex 2.4865067005157471 44.5 101.84999847412109
      vertex 0.24362818896770477 46.598949432373047 101.84999847412109
      vertex -2.3110945224761963 44.5 101.84999847412109
    endloop
  endfacet
  facet normal 0 0 1
    outer loop
      vertex -2.3110945224761963 52.5 101.84999847412109
      vertex -2.3110945224761963 44.5 101.84999847412109
      vertex 0.24362818896770477 47.522487640380859 101.84999847412109
    endloop
  endfacet
  facet normal -0 0 1
    outer loop
      vertex 0.24362818896770477 50.401050567626953 101.84999847412109
      vertex -2.3110945224761963 52.5 101.84999847412109
      vertex 0.24362818896770477 49.513492584228516 101.84999847412109
    endloop
  endfacet
  facet normal -0 0 1
    outer loop
      vertex 0.24362818896770477 47.522487640380859 101.84999847412109
      vertex 0.24362818896770477 49.513492584228516 101.84999847412109
      vertex -2.3110945224761963 52.5 101.84999847412109
    endloop
  endfacet
  facet normal 0 -0 1
    outer loop
      vertex 2.4025487899780273 52.5 101.84999847412109
      vertex -2.3110945224761963 52.5 101.84999847412109
      vertex 0.24362818896770477 50.401050567626953 101.84999847412109
    endloop
  endfacet
  facet normal -0 -0 1
    outer loop
      vertex 0.24362818896770477 49.513492584228516 101.84999847412109
      vertex 0.24362818896770477 47.522487640380859 101.84999847412109
      vertex 2.3665666580200195 47.522487640380859 101.84999847412109
    endloop
  endfacet
  facet normal 0 0 1
    outer loop
      vertex 2.4865067005157471 44.5 101.84999847412109
      vertex 2.4865067005157471 46.598949432373047 101.84999847412109
      vertex 0.24362818896770477 46.598949432373047 101.84999847412109
    endloop
  endfacet
  facet normal -0 0 1
    outer loop
      vertex 0.24362818896770477 50.401050567626953 101.84999847412109
      vertex 2.4025487899780273 50.401050567626953 101.84999847412109
      vertex 2.4025487899780273 52.5 101.84999847412109
    endloop
  endfacet
  facet normal 0 0 1
    outer loop
      vertex 0.24362818896770477 49.513492584228516 101.84999847412109
      vertex 2.3665666580200195 47.522487640380859 101.84999847412109
      vertex 2.3665666580200195 49.513492584228516 101.84999847412109
    endloop
  endfacet
  facet normal -1 -0 -0
    outer loop
      vertex -7.3448276519775391 50.401050567626953 101
      vertex -7.3448276519775391 44.5 101
      vertex -7.3448276519775391 44.5 101.84999847412109
    endloop
  endfacet
  facet normal -1 -0 -0
    outer loop
      vertex -7.3448276519775391 50.401050567626953 101
      vertex -7.3448276519775391 44.5 101.84999847412109
      vertex -7.3448276519775391 50.401050567626953 101.84999847412109
    endloop
  endfacet
  facet normal 0 -1 -0
    outer loop
      vertex -7.3448276519775391 44.5 101
      vertex -4.7061467170715332 44.5 101
      vertex -4.7061467170715332 44.5 101.84999847412109
    endloop
  endfacet
  facet normal 0 -1 0
    outer loop
      vertex -7.3448276519775391 44.5 101
      vertex -4.7061467170715332 44.5 101.84999847412109
      vertex -7.3448276519775391 44.5 101.84999847412109
    endloop
  endfacet
  facet normal 1 -0 0
    outer loop
      vertex -4.7061467170715332 44.5 101
      vertex -4.7061467170715332 50.401050567626953 101
      vertex -4.7061467170715332 50.401050567626953 101.84999847412109
    endloop
  endfacet
  facet normal 1 -0 0
    outer loop
      vertex -4.7061467170715332 44.5 101
      vertex -4.7061467170715332 50.401050567626953 101.84999847412109
      vertex -4.7061467170715332 44.5 101.84999847412109
    endloop
  endfacet
  facet normal 0 -1 -0
    outer loop
      vertex -4.7061467170715332 50.401050567626953 101
      vertex -3.2308845520019531 50.401050567626953 101
      vertex -3.2308845520019531 50.401050567626953 101.84999847412109
    endloop
  endfacet
  facet normal 0 -1 0
    outer loop
      vertex -4.7061467170715332 50.401050567626953 101
      vertex -3.2308845520019531 50.401050567626953 101.84999847412109
      vertex -4.7061467170715332 50.401050567626953 101.84999847412109
    endloop
  endfacet
  facet normal 1 -0 0
    outer loop
      vertex -3.2308845520019531 50.401050567626953 101
      vertex -3.2308845520019531 52.5 101
      vertex -3.2308845520019531 52.5 101.84999847412109
    endloop
  endfacet
  facet normal 1 -0 0
    outer loop
      vertex -3.2308845520019531 50.401050567626953 101
      vertex -3.2308845520019531 52.5 101.84999847412109
      vertex -3.2308845520019531 50.401050567626953 101.84999847412109
    endloop
  endfacet
  facet normal 0 1 0
    outer loop
      vertex -3.2308845520019531 52.5 101
      vertex -8.8200902938842773 52.5 101
      vertex -8.8200902938842773 52.5 101.84999847412109
    endloop
  endfacet
  facet normal 0 1 0
    outer loop
      vertex -3.2308845520019531 52.5 101
      vertex -8.8200902938842773 52.5 101.84999847412109
      vertex -3.2308845520019531 52.5 101.84999847412109
    endloop
  endfacet
  facet normal -1 -0 -0
    outer loop
      vertex -8.8200902938842773 52.5 101
      vertex -8.8200902938842773 50.401050567626953 101
      vertex -8.8200902938842773 50.401050567626953 101.84999847412109
    endloop
  endfacet
  facet normal -1 -0 -0
    outer loop
      vertex -8.8200902938842773 52.5 101
      vertex -8.8200902938842773 50.401050567626953 101.84999847412109
      vertex -8.8200902938842773 52.5 101.84999847412109
    endloop
  endfacet
  facet normal 0 -1 -0
    outer loop
      vertex -8.8200902938842773 50.401050567626953 101
      vertex -7.3448276519775391 50.401050567626953 101
      vertex -7.3448276519775391 50.401050567626953 101.84999847412109
    endloop
  endfacet
  facet normal 0 -1 -0
    outer loop
      vertex -8.8200902938842773 50.401050567626953 101
      vertex -7.3448276519775391 50.401050567626953 101.84999847412109
      vertex -8.8200902938842773 50.401050567626953 101.84999847412109
    endloop
  endfacet
  facet normal 0 -0 -1
    outer loop
      vertex -3.2308845520019531 52.5 101
      vertex -7.3448276519775391 50.401050567626953 101
      vertex -8.8200902938842773 52.5 101
    endloop
  endfacet
  facet normal -0 0 -1
    outer loop
      vertex -8.8200902938842773 50.401050567626953 101
      vertex -8.8200902938842773 52.5 101
      vertex -7.3448276519775391 50.401050567626953 101
    endloop
  endfacet
  facet normal 0 0 -1
    outer loop
      vertex -7.3448276519775391 50.401050567626953 101
      vertex -4.7061467170715332 44.5 101
      vertex -7.3448276519775391 44.5 101
    endloop
  endfacet
  facet normal -0 -0 -1
    outer loop
      vertex -7.3448276519775391 50.401050567626953 101
      vertex -4.7061467170715332 50.401050567626953 101
      vertex -4.7061467170715332 44.5 101
    endloop
  endfacet
  facet normal -0 0 -1
    outer loop
      vertex -4.7061467170715332 50.401050567626953 101
      vertex -3.2308845520019531 52.5 101
      vertex -3.2308845520019531 50.401050567626953 101
    endloop
  endfacet
  facet normal 0 0 -1
    outer loop
      vertex -7.3448276519775391 50.401050567626953 101
      vertex -3.2308845520019531 52.5 101
      vertex -4.7061467170715332 50.401050567626953 101
    endloop
  endfacet
  facet normal 0 -0 1
    outer loop
      vertex -3.2308845520019531 52.5 101.84999847412109
      vertex -8.8200902938842773 52.5 101.84999847412109
      vertex -7.3448276519775391 50.401050567626953 101.84999847412109
    endloop
  endfacet
  facet normal 0 0 1
    outer loop
      vertex -8.8200902938842773 50.401050567626953 101.84999847412109
      vertex -7.3448276519775391 50.401050567626953 101.84999847412109
      vertex -8.8200902938842773 52.5 101.84999847412109
    endloop
  endfacet
  facet normal 0 0 1
    outer loop
      vertex -7.3448276519775391 50.401050567626953 101.84999847412109
      vertex -7.3448276519775391 44.5 101.84999847412109
      vertex -4.7061467170715332 44.5 101.84999847412109
    endloop
  endfacet
  facet normal 0 0 1
    outer loop
      vertex -7.3448276519775391 50.401050567626953 101.84999847412109
      vertex -4.7061467170715332 44.5 101.84999847412109
      vertex -4.7061467170715332 50.401050567626953 101.84999847412109
    endloop
  endfacet
  facet normal 0 -0 1
    outer loop
      vertex -4.7061467170715332 50.401050567626953 101.84999847412109
      vertex -3.2308845520019531 50.401050567626953 101.84999847412109
      vertex -3.2308845520019531 52.5 101.84999847412109
    endloop
  endfacet
  facet normal 0 0 1
    outer loop
      vertex -7.3448276519775391 50.401050567626953 101.84999847412109
      vertex -4.7061467170715332 50.401050567626953 101.84999847412109
      vertex -3.2308845520019531 52.5 101.84999847412109
    endloop
  endfacet
endsolid OBJECT
